timestamp,hour,day_of_week,is_weekend,shift,grid_emission_factor,production_volume_tons,energy_kwh,furnace_temp_c,boiler_pressure_bar,energy_lag1,production_lag1,rolling_avg_energy_3h,emissions_kg_co2
2026-01-01 00:00:00,0,3,0,3,0.46869072653040317,34.109897150720386,2532.56053553822,1103.7700286443492,28.382322361220083,2532.56053553822,34.109897150720386,2532.56053553822,1598.2
2026-01-01 01:00:00,1,3,0,3,0.47823976461045964,38.862766724512014,2735.952730705728,1054.759135106277,26.195332676720305,2532.56053553822,34.109897150720386,2634.256633121974,1718.67
2026-01-01 02:00:00,2,3,0,3,0.5229537707620139,39.74377611973875,2934.9038729583694,1086.8240983044957,29.155046746108226,2735.952730705728,38.862766724512014,2734.4723797341053,1983.54
2026-01-01 03:00:00,3,3,0,3,0.5742259308138076,41.99052163482443,2760.371978270578,1109.6476020430507,27.42307031244103,2934.9038729583694,39.74377611973875,2810.4095273115586,2032.96
2026-01-01 04:00:00,4,3,0,3,0.5753169325055333,43.53189240298931,2867.4328494369274,1141.7060745428585,27.860743323204236,2760.371978270578,41.99052163482443,2854.2362335552916,2139.3
2026-01-01 05:00:00,5,3,0,3,0.6115519271753692,34.44717032860246,2674.4790118358083,1150.2494434074472,24.55055974183101,2867.4328494369274,43.53189240298931,2767.4279465144377,2034.56
2026-01-01 06:00:00,6,3,0,3,0.6815842563101477,35.16199871076382,2510.8257497623085,1084.9478516728125,23.7259231420275,2674.4790118358083,34.44717032860246,2684.245870345015,2078.35
2026-01-01 07:00:00,7,3,0,3,0.6943436439491748,33.59847749379884,2619.995456500739,1049.2194734225957,26.46863906001502,2510.8257497623085,35.16199871076382,2601.7667393662855,2198.75
2026-01-01 08:00:00,8,3,0,1,0.6918540688111223,49.180930493125565,3717.0741901516953,1156.7804239025347,30.686534576605585,2619.995456500739,33.59847749379884,2949.2984654715806,3082.14
2026-01-01 09:00:00,9,3,0,1,0.7260808165521888,51.63225431056217,3575.2360407423016,1189.5539119807665,28.567216075855736,3717.0741901516953,49.180930493125565,3304.101895798245,3135.39
2026-01-01 10:00:00,10,3,0,1,0.7107316461437507,53.45567080806185,3787.26866555182,1166.523036256735,29.317796792601122,3575.2360407423016,51.63225431056217,3693.192965481939,3209.74
2026-01-01 11:00:00,11,3,0,1,0.7059150206090644,49.73417141725117,3399.5946400155194,1126.2704720401473,30.005749289176425,3787.26866555182,53.45567080806185,3587.36644876988,2910.21
2026-01-01 12:00:00,12,3,0,1,0.706082801961142,48.880533668608045,3590.192010855499,1169.4719832114326,30.642732079400222,3399.5946400155194,49.73417141725117,3592.351772140946,3060.44
2026-01-01 13:00:00,13,3,0,1,0.6407293444729606,50.53115297287059,3597.832762097589,1168.7132523539433,29.82748660119312,3590.192010855499,48.880533668608045,3529.2064709895362,2836.01
2026-01-01 14:00:00,14,3,0,1,0.6155016433497392,47.07699984429492,3475.229586852497,1112.655978272289,30.520340688264948,3597.832762097589,50.53115297287059,3554.418119935195,2623.83
2026-01-01 15:00:00,15,3,0,1,0.6049889157295334,57.31338552593171,3801.6337000226795,1188.7891825420854,29.26306957854476,3475.229586852497,47.07699984429492,3624.8986829909213,2849.65
2026-01-01 16:00:00,16,3,0,2,0.5597433775933115,38.3731864050868,2527.4633783608456,1128.424384811819,25.99775602736512,3801.6337000226795,57.31338552593171,3268.108888412007,1846.24
2026-01-01 17:00:00,17,3,0,2,0.5500502803375525,44.64659202613504,3069.486888946017,1158.1336191685127,30.2090760900938,2527.4633783608456,38.3731864050868,3132.8613224431806,2195.01
2026-01-01 18:00:00,18,3,0,2,0.4918395184895758,51.082621767303735,3051.109601231133,1152.6692626864785,28.252351893364892,3069.486888946017,44.64659202613504,2882.6866228459985,2008.53
2026-01-01 19:00:00,19,3,0,2,0.4527589766071775,44.023799455959995,2942.9889164490955,1117.143211669357,27.96153807233472,3051.109601231133,51.082621767303735,3021.195135542082,1829.25
2026-01-01 20:00:00,20,3,0,2,0.48806941884860966,43.33486337749477,3063.010675957661,1154.0212990620107,30.977171489686825,2942.9889164490955,44.023799455959995,3019.036397879297,1977.44
2026-01-01 21:00:00,21,3,0,2,0.4402548583097997,42.74894102016351,2946.7300742121224,1090.7417515061318,26.143222981688552,3063.010675957661,43.33486337749477,2984.2432222062926,1726.53
2026-01-01 22:00:00,22,3,0,2,0.44135056409375845,43.368629113831574,3185.3894274971985,1134.4389987283514,29.573681198294526,2946.7300742121224,42.74894102016351,3065.043392555661,1856.08
2026-01-01 23:00:00,23,3,0,2,0.41627542059526124,48.804969661367856,3319.2367330713664,1110.9692129613607,31.06090597934094,3185.3894274971985,43.368629113831574,3150.452078260229,1893.57
2026-01-02 00:00:00,0,4,0,3,0.44786878897967486,30.258483310346726,2283.1639423665333,1097.6683400478769,25.220716962756857,3319.2367330713664,48.804969661367856,2929.2633676450328,1378.56
2026-01-02 01:00:00,1,4,0,3,0.48322350242808065,43.36701795453714,2954.7934135363444,1117.0169339278693,28.880868322680296,2283.1639423665333,30.258483310346726,2852.398029658081,1890.2
2026-01-02 02:00:00,2,4,0,3,0.486980128451554,33.01614996642449,2480.04226418377,1113.7791807568847,25.08838415062615,2954.7934135363444,43.36701795453714,2572.6665400288825,1595.2
2026-01-02 03:00:00,3,4,0,3,0.5512792940525605,37.06671684767955,2478.1410465440445,1110.5521862996065,25.43639128046599,2480.04226418377,33.01614996642449,2637.658908088053,1783.58
2026-01-02 04:00:00,4,4,0,3,0.5679872262016239,36.49764452895468,2529.546133824838,1065.4100723642703,26.893780145339953,2478.1410465440445,37.06671684767955,2495.9098148508842,1827.42
2026-01-02 05:00:00,5,4,0,3,0.6104007913184873,40.05993644419752,2735.405831151305,1145.8554390787212,28.07629944490372,2529.546133824838,36.49764452895468,2581.0310038400626,2119.3
2026-01-02 06:00:00,6,4,0,3,0.637965867755412,32.40656476840688,2213.9489542355973,1118.4073907343209,26.724953662339484,2735.405831151305,40.05993644419752,2492.96697307058,1849.73
2026-01-02 07:00:00,7,4,0,3,0.7160405130562953,39.6176043312868,2788.491411098103,1130.5275796401274,29.178525674654402,2213.9489542355973,32.40656476840688,2579.2820654950015,2464.67
2026-01-02 08:00:00,8,4,0,1,0.7009736120350627,57.08508368150398,3838.9401443093143,1159.3006381001105,30.71553127743149,2788.491411098103,39.6176043312868,2947.1268365476717,3234.47
2026-01-02 09:00:00,9,4,0,1,0.6940753971013515,45.22889098392516,3134.552826119243,1123.2652150767653,29.880843526604583,3838.9401443093143,57.08508368150398,3253.9947938422206,2656.93
2026-01-02 10:00:00,10,4,0,1,0.7364508982420638,50.663971586636386,3628.384265231917,1156.2915667816894,29.683848405300747,3134.552826119243,45.22889098392516,3533.9590785534915,3225.2
2026-01-02 11:00:00,11,4,0,1,0.6908127426810491,47.68306237771187,3531.642536359949,1123.1394895275616,30.854651361772415,3628.384265231917,50.663971586636386,3431.5265425703697,2938.87
2026-01-02 12:00:00,12,4,0,1,0.7054208284299165,51.49060522167562,3644.3213724391894,1198.2710851982827,30.39672446555325,3531.642536359949,47.68306237771187,3601.4493913436854,3105.25
2026-01-02 13:00:00,13,4,0,1,0.6398015468885211,50.06701722095513,3514.1275939179045,1153.8762306769713,30.248572134891326,3644.3213724391894,51.49060522167562,3563.3638342390145,2756.26
2026-01-02 14:00:00,14,4,0,1,0.6234362790220312,47.75479581834492,3519.9388700357435,1073.4354820956958,30.241339015612258,3514.1275939179045,50.06701722095513,3559.462612130946,2660.04
2026-01-02 15:00:00,15,4,0,1,0.6201718910317353,51.70755299704876,3708.466328124397,1165.3141073071006,28.435908415323947,3519.9388700357435,47.75479581834492,3580.8442640260146,2805.58
2026-01-02 16:00:00,16,4,0,2,0.5947693315999082,50.3152183842536,3301.073255657774,1142.5569386165816,27.654631288226316,3708.466328124397,51.70755299704876,3509.8261512726385,2433.2
2026-01-02 17:00:00,17,4,0,2,0.5471926993094465,43.33183672895446,2850.9791827507793,1121.4541830128567,27.626313670283626,3301.073255657774,50.3152183842536,3286.839588844317,1996.69
2026-01-02 18:00:00,18,4,0,2,0.5076870343522352,46.519152797518636,3126.5539677496804,1126.861127045432,26.3971116635962,2850.9791827507793,43.33183672895446,3092.8688020527443,2033.96
2026-01-02 19:00:00,19,4,0,2,0.47498297672209755,39.47354464745093,2919.767187234349,1128.070339004971,28.73001061462087,3126.5539677496804,46.519152797518636,2965.766779244936,1855.51
2026-01-02 20:00:00,20,4,0,2,0.42918600366283005,40.65247268113697,2757.7657836177564,1140.6020851883823,28.23841977160496,2919.767187234349,39.47354464745093,2934.695646200595,1638.75
2026-01-02 21:00:00,21,4,0,2,0.4303735001516362,45.65342197258132,3306.156709462051,1139.6900169467917,29.41312702832685,2757.7657836177564,40.65247268113697,2994.563226771386,1910.09
2026-01-02 22:00:00,22,4,0,2,0.4307872245808042,49.19440609987588,3150.6725624161686,1138.2948447210497,27.156881059411056,3306.156709462051,45.65342197258132,3071.5316851653256,1867.68
2026-01-02 23:00:00,23,4,0,2,0.46591282884390867,45.24464672074981,3039.897944034558,1129.94515676277,29.78915987342408,3150.6725624161686,49.19440609987588,3165.575738637592,1930.84
2026-01-03 00:00:00,0,5,1,3,0.46562880926154776,26.90429689316896,2129.9950886718425,1058.1071779871165,27.54463639656817,3039.897944034558,45.24464672074981,2773.5218650408565,1353.66
2026-01-03 01:00:00,1,5,1,3,0.44574424752662867,27.99751991898174,2286.68089666461,1041.929328679306,25.798761848483867,2129.9950886718425,26.90429689316896,2485.52464312367,1356.21
2026-01-03 02:00:00,2,5,1,3,0.5164816793878959,23.62357293110599,1853.9941787835367,1058.9675079387048,24.792623050086604,2286.68089666461,27.99751991898174,2090.2233880399963,1272.31
2026-01-03 03:00:00,3,5,1,3,0.5360636880773207,30.115803642243783,2289.6861480429634,1081.9642726654868,25.874373545898464,1853.9941787835367,23.62357293110599,2143.4537411637034,1617.53
2026-01-03 04:00:00,4,5,1,3,0.5664615599938808,31.088165718131933,2267.912913274109,1112.8636938669445,26.196152737712257,2289.6861480429634,30.115803642243783,2137.197746700203,1677.18
2026-01-03 05:00:00,5,5,1,3,0.6284681920911702,26.41768383508422,2205.036374325865,1087.054479847549,25.206650739801205,2267.912913274109,31.088165718131933,2254.211811880979,1736.88
2026-01-03 06:00:00,6,5,1,3,0.6706199904499189,26.354852482841746,2305.302046788948,1038.2775369916137,25.642863068150596,2205.036374325865,26.41768383508422,2259.417111462974,1870.05
2026-01-03 07:00:00,7,5,1,3,0.6976205517484406,28.93057380378217,2379.396563623944,1086.2297545778529,27.01818299934332,2305.302046788948,26.354852482841746,2296.578328246252,2027.92
2026-01-03 08:00:00,8,5,1,1,0.6844592060653686,38.47148092385792,2746.617518270539,1080.11208911807,29.970140721844192,2379.396563623944,28.93057380378217,2477.10537622781,2328.34
2026-01-03 09:00:00,9,5,1,1,0.7090453681634452,39.76853584880962,3334.6324715477786,1126.4724459187598,27.435356090543838,2746.617518270539,38.47148092385792,2820.2155178140874,2784.33
2026-01-03 10:00:00,10,5,1,1,0.7266252686280712,47.3490262620828,3466.13977466823,1126.4807500793286,29.42922426761054,3334.6324715477786,39.76853584880962,3182.4632548288496,3030.47
2026-01-03 11:00:00,11,5,1,1,0.7347405182229166,39.13541004738901,2967.913555273345,1080.9603096051665,26.476492601965987,3466.13977466823,47.3490262620828,3256.2286004964512,2585.17
2026-01-03 12:00:00,12,5,1,1,0.6916600717729156,38.745809467925724,3062.4167763355704,1111.984371439138,30.118485799409868,2967.913555273345,39.13541004738901,3165.490035425715,2573.79
2026-01-03 13:00:00,13,5,1,1,0.6752817698328403,37.73360368027694,3019.1549443127856,1034.0702365172542,27.358564251192075,3062.4167763355704,38.745809467925724,3016.4950919739003,2408.31
2026-01-03 14:00:00,14,5,1,1,0.6278733005198793,42.60467190024978,3137.1883894770526,1076.6442982408685,26.72545367904722,3019.1549443127856,37.73360368027694,3072.92003670847,2398.06
2026-01-03 15:00:00,15,5,1,1,0.5923105338327395,39.365715393736636,3095.207192799198,1103.0255644805895,29.08318170794895,3137.1883894770526,42.60467190024978,3083.8501755296784,2274.92
2026-01-03 16:00:00,16,5,1,2,0.596250516447884,31.727194365875008,2354.8270719499387,1078.969821629371,27.942596910858196,3095.207192799198,39.365715393736636,2862.4075514087294,1801.68
2026-01-03 17:00:00,17,5,1,2,0.5708901342570635,38.62456411295554,2689.5819459601967,1095.2652871978676,27.76159059547357,2354.8270719499387,31.727194365875008,2713.205403569778,1995.51
2026-01-03 18:00:00,18,5,1,2,0.5085597975683933,38.96861051579773,2671.2339769202877,1066.3885345952508,27.14987070913926,2689.5819459601967,38.62456411295554,2571.8809982768075,1775.77
2026-01-03 19:00:00,19,5,1,2,0.5010757085917238,31.89851751991453,2263.5127336273954,1057.1467740261955,26.036011552755845,2671.2339769202877,38.96861051579773,2541.4428855026267,1491.53
2026-01-03 20:00:00,20,5,1,2,0.46598916397113127,27.467110170237845,2253.5203340865487,1069.6486738618862,27.20954324234583,2263.5127336273954,31.89851751991453,2396.089014878077,1407.89
2026-01-03 21:00:00,21,5,1,2,0.4318679892274279,37.52629791442923,2758.919338531276,1114.6497359234259,26.147358671087275,2253.5203340865487,27.467110170237845,2425.3174687484066,1624.84
2026-01-03 22:00:00,22,5,1,2,0.4472279121101682,31.603795609839985,2483.956833971964,1076.0096044994616,26.145639588336305,2758.919338531276,37.52629791442923,2498.7988355299294,1518.41
2026-01-03 23:00:00,23,5,1,2,0.47553111564884976,36.76718959706969,2752.914562184364,1125.9896029142033,26.633153695736443,2483.956833971964,31.603795609839985,2665.2635782292014,1742.53
2026-01-04 00:00:00,0,6,1,3,0.4580399226879795,21.104636638008575,1988.6294739121702,1044.3534721385151,23.227326544290513,2752.914562184364,36.76718959706969,2408.500290022833,1227.23
2026-01-04 01:00:00,1,6,1,3,0.5122979237501635,31.124090684047584,2336.657020996113,1055.809971387235,25.394806425353547,1988.6294739121702,21.104636638008575,2359.400352364216,1573.5
2026-01-04 02:00:00,2,6,1,3,0.45760509791820514,23.760898247517265,2170.0000848700192,1038.0310416547786,26.562598931412335,2336.657020996113,31.124090684047584,2165.0955265927673,1359.57
2026-01-04 03:00:00,3,6,1,3,0.5602033837731515,30.557674416732837,2212.193243971946,1037.159043736735,26.053900057977756,2170.0000848700192,23.760898247517265,2239.6167832793594,1559.59
2026-01-04 04:00:00,4,6,1,3,0.5817409413647634,28.04995573742752,2154.167442282741,1059.4963481899247,25.95373074107231,2212.193243971946,30.557674416732837,2178.7869237082355,1625.48
2026-01-04 05:00:00,5,6,1,3,0.6102545193050355,24.66121203211174,1994.0505328742388,1076.4473636089804,24.822605843564777,2154.167442282741,28.04995573742752,2120.1370730429753,1580.66
2026-01-04 06:00:00,6,6,1,3,0.65183521553071,26.575372904756268,2325.4985078107497,1073.4337437367992,26.379650231976804,1994.0505328742388,24.66121203211174,2157.9054943225765,1852.33
2026-01-04 07:00:00,7,6,1,3,0.6392435710740987,30.40211459934845,2481.2297786674894,1106.658691545372,25.310057518073904,2325.4985078107497,26.575372904756268,2266.9262731174927,1952.06
2026-01-04 08:00:00,8,6,1,1,0.6968501187730711,40.37063058590332,3175.155004811049,1103.9103912486385,28.212438152924154,2481.2297786674894,30.40211459934845,2660.627763763096,2640.57
2026-01-04 09:00:00,9,6,1,1,0.7223718671107044,42.0454454316537,3320.676628249832,1151.8342765894713,29.299327178528518,3175.155004811049,40.37063058590332,2992.3538039094565,2866.33
2026-01-04 10:00:00,10,6,1,1,0.7495578808948303,46.9175420458042,3305.77545817175,1132.8375625220176,29.352270557897434,3320.676628249832,42.0454454316537,3267.2023637442103,2960.79
2026-01-04 11:00:00,11,6,1,1,0.7048642113149965,34.52515435901132,2895.463360538827,1124.8902445002925,28.035769961035673,3305.77545817175,46.9175420458042,3173.9718156534695,2476.46
2026-01-04 12:00:00,12,6,1,1,0.6850736844719576,45.66024401239018,3339.6900491515785,1132.0945573635076,28.96629782541894,2895.463360538827,34.52515435901132,3180.3096226207185,2789.41
2026-01-04 13:00:00,13,6,1,1,0.6689598084944258,40.36524578133125,3218.061912626096,1129.141767470432,28.27396496073059,3339.6900491515785,45.66024401239018,3151.0717741055,2631.21
2026-01-04 14:00:00,14,6,1,1,0.6683080423540414,36.85425583086905,2944.6146044828433,1134.2948324312226,31.60470755459597,3218.061912626096,40.36524578133125,3167.455522086839,2425.27
2026-01-04 15:00:00,15,6,1,1,0.6228096885075466,35.34390230991354,2844.2824573368994,1086.539918525124,28.569086251975207,2944.6146044828433,36.85425583086905,3002.319658148613,2175.64
2026-01-04 16:00:00,16,6,1,2,0.5694047959246592,33.338078632280386,2565.122560679936,1088.812039217726,27.046185506742933,2844.2824573368994,35.34390230991354,2784.673207499893,1888.45
2026-01-04 17:00:00,17,6,1,2,0.5540306823479142,37.22577539173561,2780.30019269105,1131.1246871971,26.987817111122496,2565.122560679936,33.338078632280386,2729.9017369026283,1988.17
2026-01-04 18:00:00,18,6,1,2,0.5119415509869608,33.55357807867863,2429.7095901589223,1080.889233216463,25.557569374863757,2780.30019269105,37.22577539173561,2591.7107811766364,1631.67
2026-01-04 19:00:00,19,6,1,2,0.5003779504445411,39.289042255865716,2760.677820951672,1074.1338619608086,27.045298690699894,2429.7095901589223,33.55357807867863,2656.8958679338816,1808.39
2026-01-04 20:00:00,20,6,1,2,0.4447153815926315,28.920885084819545,2174.426952779881,1119.258716703901,25.599484454903624,2760.677820951672,39.289042255865716,2454.938121296825,1352.57
2026-01-04 21:00:00,21,6,1,2,0.43821714138757506,33.95768868253881,2228.3286686150936,1074.0866431217266,23.17123957584128,2174.426952779881,28.920885084819545,2387.8111474488824,1351.32
2026-01-04 22:00:00,22,6,1,2,0.4321578369373568,29.616622944554084,2356.8031882745813,1072.435393051655,23.972743113132317,2228.3286686150936,33.95768868253881,2253.1862698898517,1365.7
2026-01-04 23:00:00,23,6,1,2,0.415500085356888,35.27271158918739,2660.340664263988,1119.9910130930277,26.103543347486543,2356.8031882745813,29.616622944554084,2415.1575070512213,1525.66
2026-01-05 00:00:00,0,0,0,3,0.46467884901147005,41.10410586534055,2881.132781030732,1099.204075868082,27.85234326090339,2660.340664263988,35.27271158918739,2632.7588778564336,1751.17
2026-01-05 01:00:00,1,0,0,3,0.4862261560774811,36.52733372211631,2409.78261136471,1070.912637057912,25.745480927966813,2881.132781030732,41.10410586534055,2650.418685553143,1552.49
2026-01-05 02:00:00,2,0,0,3,0.5101022691328492,28.88525150180503,2257.7343859720495,1071.884438426591,27.299526757892878,2409.78261136471,36.52733372211631,2516.2165927891638,1517.29
2026-01-05 03:00:00,3,0,0,3,0.5390735910181441,38.69631851378773,2475.132601914318,1059.9583641073411,24.47156586198614,2257.7343859720495,28.88525150180503,2380.883199750359,1713.83
2026-01-05 04:00:00,4,0,0,3,0.5516925851589917,39.528584931067286,2943.15045481653,1100.916687802571,26.908886952531052,2475.132601914318,38.69631851378773,2558.672480900966,2034.53
2026-01-05 05:00:00,5,0,0,3,0.6078217598590456,39.41503164236594,2643.349874052297,1113.786093177349,28.635276336030312,2943.15045481653,39.528584931067286,2687.2109769277154,2045.4
2026-01-05 06:00:00,6,0,0,3,0.6431457096694645,42.325237671377536,3055.2841283471766,1112.5521532648809,28.3416236174341,2643.349874052297,39.41503164236594,2880.594819072001,2392.09
2026-01-05 07:00:00,7,0,0,3,0.6629494039816842,34.25131212122833,2654.813402697372,1048.4189749052698,27.911189108352627,3055.2841283471766,42.325237671377536,2784.482468365615,2165.17
2026-01-05 08:00:00,8,0,0,1,0.6980178422965012,52.38075636907657,3549.063194304118,1199.3774743814065,32.0,2654.813402697372,34.25131212122833,3086.386908449555,3041.43
2026-01-05 09:00:00,9,0,0,1,0.7233106328167602,54.173776293672915,3601.885739063152,1169.283559023421,29.173720495394985,3549.063194304118,52.38075636907657,3268.587445354881,3106.19
2026-01-05 10:00:00,10,0,0,1,0.7577237180242106,43.774943455977194,3311.916881485334,1160.8785767679524,28.92054573293401,3601.885739063152,54.173776293672915,3487.6219382842014,2982.39
2026-01-05 11:00:00,11,0,0,1,0.7187211719371063,51.11878139071642,3499.0262781202705,1147.9742193083546,29.336508645950524,3311.916881485334,43.774943455977194,3470.942966222919,3036.76
2026-01-05 12:00:00,12,0,0,1,0.7063945643442767,48.23537059147315,3482.889833675277,1120.9411828236234,27.26412117353766,3499.0262781202705,51.11878139071642,3431.27766442696,2923.9
2026-01-05 13:00:00,13,0,0,1,0.6775060310507932,49.71467064414424,3479.2208680896606,1155.5882055829559,29.224926729125038,3482.889833675277,48.23537059147315,3487.0456599617355,2855.6
2026-01-05 14:00:00,14,0,0,1,0.6116245756940191,51.21686769238418,3391.020036421412,1149.4727926113312,30.360674746261505,3479.2208680896606,49.71467064414424,3451.04357939545,2597.49
2026-01-05 15:00:00,15,0,0,1,0.6157043888053685,48.294700025602566,3205.6053388571804,1113.7347636526263,29.334058579698628,3391.020036421412,51.21686769238418,3358.615414456084,2469.62
2026-01-05 16:00:00,16,0,0,2,0.5812046041988205,41.63502172293436,2900.778087351398,1153.2846933614248,28.41216009443694,3205.6053388571804,48.294700025602566,3165.801154209997,2130.91
2026-01-05 17:00:00,17,0,0,2,0.5930301759353528,44.119533461208086,2917.9920761946887,1110.9213782724826,27.276029477214898,2900.778087351398,41.63502172293436,3008.1251674677555,2195.88
2026-01-05 18:00:00,18,0,0,2,0.5061527807043775,40.19463921398019,2742.3879865994127,1064.7718972360315,26.35397660545794,2917.9920761946887,44.119533461208086,2853.7193833818333,1782.96
2026-01-05 19:00:00,19,0,0,2,0.4870359974805556,40.19961204890185,2892.4862028918374,1144.0025995445405,29.16472748258447,2742.3879865994127,40.19463921398019,2850.9554218953126,1878.85
2026-01-05 20:00:00,20,0,0,2,0.45806220807607373,46.37780649034776,3227.8143652615427,1122.9037755660756,28.162600641909272,2892.4862028918374,40.19961204890185,2954.229518250931,1953.76
2026-01-05 21:00:00,21,0,0,2,0.42139682356713976,39.9792208769447,2766.3595728990945,1094.721286192388,27.574097022882174,3227.8143652615427,46.37780649034776,2962.2200470174917,1589.12
2026-01-05 22:00:00,22,0,0,2,0.46285645629030037,46.33209375318224,3044.0723740640174,1091.1936853369796,28.342909530359773,2766.3595728990945,39.9792208769447,3012.748770741551,1851.51
2026-01-05 23:00:00,23,0,0,2,0.45980904497326586,45.61906952498883,3112.8752925981635,1175.9998152648802,30.13031139483575,3044.0723740640174,46.33209375318224,2974.4357465204253,1939.27
2026-01-06 00:00:00,0,1,0,3,0.47457708241103946,31.959676449232912,2275.3531718515324,1045.6016911166894,26.75020540204527,3112.8752925981635,45.61906952498883,2810.7669461712376,1486.68
2026-01-06 01:00:00,1,1,0,3,0.46281730153798856,35.62852371682521,2630.0619338268584,1093.975331884942,25.21256276795565,2275.3531718515324,31.959676449232912,2672.763466092185,1586.99
2026-01-06 02:00:00,2,1,0,3,0.538055886218722,42.1793829106658,2964.2985475986197,1141.5330397061743,26.45593135853202,2630.0619338268584,35.62852371682521,2623.23788442567,2082.65
2026-01-06 03:00:00,3,1,0,3,0.5157283124298014,34.56592064101111,2637.0940538556156,1098.806605889122,27.485005294535014,2964.2985475986197,42.1793829106658,2743.818178427031,1769.27
2026-01-06 04:00:00,4,1,0,3,0.5917371418760053,36.37458508191715,2404.446004385976,1094.0069825278638,25.937614837764922,2637.0940538556156,34.56592064101111,2668.612868613404,1829.5
2026-01-06 05:00:00,5,1,0,3,0.6600437788305524,39.617213126381635,2691.4119583101005,1065.927206048341,26.425167053622488,2404.446004385976,36.37458508191715,2577.6506721838973,2164.54
2026-01-06 06:00:00,6,1,0,3,0.6301892734973862,40.74186678248908,2727.9924148731925,1092.7243462357742,28.312061510370675,2691.4119583101005,39.617213126381635,2607.9501258564233,2145.92
2026-01-06 07:00:00,7,1,0,3,0.6676689947740612,37.119613898844264,2682.3690599770975,1103.1734640464401,27.16618145843035,2727.9924148731925,40.74186678248908,2700.5911443867967,2204.27
2026-01-06 08:00:00,8,1,0,1,0.7032365838315742,47.90871431857926,3513.5814939082243,1121.9555055246421,29.774887177294747,2682.3690599770975,37.119613898844264,2974.6476562528383,2944.98
2026-01-06 09:00:00,9,1,0,1,0.7051601025981455,54.978294515944775,3953.628502111033,1174.9971645637481,32.0,3513.5814939082243,47.90871431857926,3383.1930186654517,3348.43
2026-01-06 10:00:00,10,1,0,1,0.6889867313786773,56.08614882329152,3764.4808394039496,1191.3881805135447,30.098138670747556,3953.628502111033,54.978294515944775,3743.896945141069,3145.62
2026-01-06 11:00:00,11,1,0,1,0.71660087517659,53.426003177736284,3644.461443201027,1187.7665848559477,32.0,3764.4808394039496,56.08614882329152,3787.5235949053363,3213.15
2026-01-06 12:00:00,12,1,0,1,0.6799974822552993,50.29861349897759,3701.398249719441,1120.5399700505934,29.392337017851858,3644.461443201027,53.426003177736284,3703.4468441081394,2993.83
2026-01-06 13:00:00,13,1,0,1,0.6884667979788203,47.17106997425676,3458.2873814651907,1193.6004312715008,30.315939484494475,3701.398249719441,50.29861349897759,3601.382358128553,2912.03
2026-01-06 14:00:00,14,1,0,1,0.6316115153153239,47.09344457705202,3571.3231873098975,1157.5607619220614,31.625010030758137,3458.2873814651907,47.17106997425676,3577.002939498176,2784.32
2026-01-06 15:00:00,15,1,0,1,0.6472333544147036,51.828799368430154,3666.943331940537,1157.272343631994,28.570389852675273,3571.3231873098975,47.09344457705202,3565.5179669052086,2867.53
2026-01-06 16:00:00,16,1,0,2,0.5643349341532752,45.464393773110395,2907.043725544375,1159.0959896693576,27.278143540791643,3666.943331940537,51.828799368430154,3381.77008159827,2135.5
2026-01-06 17:00:00,17,1,0,2,0.5373241033615336,48.905595075312505,3040.7763758157257,1204.7575746012492,29.506570124181756,2907.043725544375,45.464393773110395,3204.9211444335465,2159.7
2026-01-06 18:00:00,18,1,0,2,0.5262703443473934,46.276575323876486,2896.2644196873703,1099.1382987690843,29.042908189568465,3040.7763758157257,48.905595075312505,2948.0281736824904,1946.7
2026-01-06 19:00:00,19,1,0,2,0.4563877643052042,38.73921894384064,2822.7110726438455,1099.3253097130787,27.203242188346927,2896.2644196873703,46.276575323876486,2919.917289382314,1729.58
2026-01-06 20:00:00,20,1,0,2,0.46330564216226117,47.681816662030215,3288.313368561801,1081.2664751512875,28.07943924946044,2822.7110726438455,38.73921894384064,3002.4296202976725,1962.59
2026-01-06 21:00:00,21,1,0,2,0.470913239405179,40.50678780439956,3044.7289081643457,1116.8434395337988,29.296219347344735,3288.313368561801,47.681816662030215,3051.9177831233305,1873.37
2026-01-06 22:00:00,22,1,0,2,0.4078503353087754,42.65610054816677,3020.6971645462936,1129.7592582407956,29.489249471585573,3044.7289081643457,40.50678780439956,3117.9131470908137,1721.89
2026-01-06 23:00:00,23,1,0,2,0.44846306149017645,44.87570072188093,3158.9471617888403,1128.5237500014548,27.132227854414595,3020.6971645462936,42.65610054816677,3074.7910781664928,1873.72
2026-01-07 00:00:00,0,2,0,3,0.463954099355147,44.98483621424388,2954.7156697225328,1113.5760055820178,26.404355853648788,3158.9471617888403,44.87570072188093,3044.7866653525557,1840.7
2026-01-07 01:00:00,1,2,0,3,0.4966415080694295,48.88471494601876,3061.0422745615815,1094.300996879367,28.473782266918924,2954.7156697225328,44.98483621424388,3058.235035357651,2019.67
2026-01-07 02:00:00,2,2,0,3,0.48526098578243837,40.12353070697664,2907.568401704055,1119.8324649132007,28.447127432461517,3061.0422745615815,48.88471494601876,2974.4421153293897,1851.23
2026-01-07 03:00:00,3,2,0,3,0.5173562014239615,37.358811834478644,2731.268222820267,1135.8211094357976,26.745344507124827,2907.568401704055,40.12353070697664,2899.9596330286345,1864.32
2026-01-07 04:00:00,4,2,0,3,0.5904388313123379,39.87076976968193,2807.077964556594,1094.707617685392,28.172079132500798,2731.268222820267,37.358811834478644,2815.304863026972,2080.89
2026-01-07 05:00:00,5,2,0,3,0.6221743597790166,41.10679399055843,2896.2903072510885,1125.4286741878125,26.802137095965435,2807.077964556594,39.87076976968193,2811.5454982093165,2292.13
2026-01-07 06:00:00,6,2,0,3,0.6550098570069175,36.87766331054983,2698.277106869727,1058.307045406698,24.456624704010608,2896.2903072510885,41.10679399055843,2800.5484595591365,2132.79
2026-01-07 07:00:00,7,2,0,3,0.6859239135560561,44.28323974569313,3146.803811738618,1138.5632855750855,27.98066475232961,2698.277106869727,36.87766331054983,2913.790408619811,2652.46
2026-01-07 08:00:00,8,2,0,1,0.6876430620982515,50.80524765716991,3741.6344147506807,1143.3864331850632,30.547993291651323,3146.803811738618,44.28323974569313,3195.5717777863415,3112.03
2026-01-07 09:00:00,9,2,0,1,0.7198746896236896,51.74210081181988,3693.700978812736,1137.9079544822068,29.98132864416671,3741.6344147506807,50.80524765716991,3527.3797351006783,3183.84
2026-01-07 10:00:00,10,2,0,1,0.7258614494659736,52.33073488219061,3756.379414406129,1140.3138484983592,29.130940798295715,3693.700978812736,51.74210081181988,3730.571602656515,3227.81
2026-01-07 11:00:00,11,2,0,1,0.7009425873199422,51.4755531371506,3678.08739746275,1146.0619229977772,28.081512553821252,3756.379414406129,52.33073488219061,3709.3892635605384,3080.13
2026-01-07 12:00:00,12,2,0,1,0.7385590467527166,52.936291751643644,3626.79276097981,1171.3059998988879,29.472402638024555,3678.08739746275,51.4755531371506,3687.0865242828963,3169.29
2026-01-07 13:00:00,13,2,0,1,0.6884716077843523,47.83961384708577,3543.5703841084364,1108.5543753584552,30.889088206341146,3626.79276097981,52.936291751643644,3616.150180850332,2942.33
2026-01-07 14:00:00,14,2,0,1,0.6261739300559469,48.045943861188896,3294.728065490389,1132.2558921555592,30.48986381226438,3543.5703841084364,47.83961384708577,3488.363736859545,2576.32
2026-01-07 15:00:00,15,2,0,1,0.6293657384870295,46.149460184599064,3503.192694582464,1133.5610462884176,31.102565042907692,3294.728065490389,48.045943861188896,3447.1637147270962,2712.3
2026-01-07 16:00:00,16,2,0,2,0.5605063665954535,45.538254307170796,2905.8786910507615,1104.6770366153867,26.707170861324276,3503.192694582464,46.149460184599064,3234.5998170412045,2021.46
2026-01-07 17:00:00,17,2,0,2,0.559507025760496,46.7262777622924,3136.978893718526,1181.821741091045,27.072148724038648,2905.8786910507615,45.538254307170796,3182.016759783917,2224.34
2026-01-07 18:00:00,18,2,0,2,0.5331719115801481,45.602205031531604,2950.680751407783,1111.0714331245929,28.431564042668484,3136.978893718526,46.7262777622924,2997.8461120590237,2028.2
2026-01-07 19:00:00,19,2,0,2,0.46459140426684914,49.86072351671638,3310.139236221168,1132.7069712260281,29.79591746798807,2950.680751407783,45.602205031531604,3132.5996271158256,2051.15
2026-01-07 20:00:00,20,2,0,2,0.47802396605506503,43.98041393409834,2975.047599923076,1101.4639569908309,28.39702885931752,3310.139236221168,49.86072351671638,3078.622529184009,1887.09
2026-01-07 21:00:00,21,2,0,2,0.4530260028582604,46.340595794573794,2893.9560957762205,1180.324385356748,25.229644390168755,2975.047599923076,43.98041393409834,3059.714310640155,1784.33
2026-01-07 22:00:00,22,2,0,2,0.45644120319988973,40.1790469335124,2858.5410677302757,1124.5388184490366,26.488208723907423,2893.9560957762205,46.340595794573794,2909.1815878098573,1756.33
2026-01-07 23:00:00,23,2,0,2,0.4827062439726093,42.645151041339595,2849.6813036403564,1097.1658040092673,27.463311130458013,2858.5410677302757,40.1790469335124,2867.392822382284,1799.25
2026-01-08 00:00:00,0,3,0,3,0.4538486811501211,40.43438215148022,2925.2848033142145,1139.3933175774202,28.335611177937228,2849.6813036403564,42.645151041339595,2877.8357248949487,1802.07
2026-01-08 01:00:00,1,3,0,3,0.4659303273467335,40.971857387601005,2843.892665090174,1118.904896907626,28.40041105209023,2925.2848033142145,40.43438215148022,2872.952924014915,1790.15
2026-01-08 02:00:00,2,3,0,3,0.49220971140748954,36.97111568317536,2711.150723989456,1104.315798260489,27.210273306703304,2843.892665090174,40.971857387601005,2826.7760641312816,1765.73
2026-01-08 03:00:00,3,3,0,3,0.5274491279863383,37.74940261849677,2583.8148432305293,1092.3856802551759,27.00965671194765,2711.150723989456,36.97111568317536,2712.9527441033865,1778.79
2026-01-08 04:00:00,4,3,0,3,0.5784579658117178,32.687441886617165,2400.215017126489,1062.0143678725444,26.102555273788287,2583.8148432305293,37.74940261849677,2565.0601947821583,1804.03
2026-01-08 05:00:00,5,3,0,3,0.6230577058106858,36.750397797176866,2598.731264540829,1105.4457436650723,27.48518079753161,2400.215017126489,32.687441886617165,2527.5870416326156,2054.75
2026-01-08 06:00:00,6,3,0,3,0.6555338159866003,41.11634107231925,2953.039645883473,1100.8381835393873,28.218904268067334,2598.731264540829,36.750397797176866,2650.661975850264,2362.93
2026-01-08 07:00:00,7,3,0,3,0.6955386143468371,40.01321755637298,3001.880040573443,1155.4717609648696,28.08515199396822,2953.039645883473,41.11634107231925,2851.2169836659145,2558.63
2026-01-08 08:00:00,8,3,0,1,0.7015035943673795,51.75233002483424,3532.2342409083953,1125.2770424682594,29.452071577396463,3001.880040573443,40.01321755637298,3162.3846424551034,3001.3
2026-01-08 09:00:00,9,3,0,1,0.7443002972236158,50.17420790513336,3687.061133089923,1189.100750941907,30.387753487017385,3532.2342409083953,51.75233002483424,3407.05847152392,3271.57
2026-01-08 10:00:00,10,3,0,1,0.7147068633352408,50.02472105519862,3290.7511573568536,1147.3159130008494,29.550680179129973,3687.061133089923,50.17420790513336,3503.3488437850574,2886.27
2026-01-08 11:00:00,11,3,0,1,0.7696329990122619,47.688876011842936,3302.6966924018575,1148.2326473978994,29.329959441350535,3290.7511573568536,50.02472105519862,3426.8363276162113,3051.73
2026-01-08 12:00:00,12,3,0,1,0.7137569034851216,52.44589947070887,3545.0120614394864,1180.6125420485714,30.27369857347926,3302.6966924018575,47.688876011842936,3379.4866370660657,3026.32
2026-01-08 13:00:00,13,3,0,1,0.661851798237791,51.47340530536287,3454.0021960084423,1140.1373888463406,31.124606886982896,3545.0120614394864,52.44589947070887,3433.9036499499284,2820.25
2026-01-08 14:00:00,14,3,0,1,0.6285821500387777,51.7220659679748,3437.4623617843563,1178.4944734893652,29.776404579910427,3454.0021960084423,51.47340530536287,3478.8255397440953,2687.57
2026-01-08 15:00:00,15,3,0,1,0.6258841146192166,48.15887805066347,3516.7093817363916,1074.9469158181246,28.943566381220183,3437.4623617843563,51.7220659679748,3469.3913131763966,2679.55
2026-01-08 16:00:00,16,3,0,2,0.5755307442934829,36.46329978045065,2615.160366392936,1077.853460791254,27.77752936450279,3516.7093817363916,48.15887805066347,3189.7773699712284,1938.69
2026-01-08 17:00:00,17,3,0,2,0.5580453435674889,47.840034491137935,3198.3301998138204,1118.258567781025,27.021662660843365,2615.160366392936,36.46329978045065,3110.066649314382,2258.41
2026-01-08 18:00:00,18,3,0,2,0.519464752491471,42.324068903970584,2987.4398230132583,1087.9586253065881,26.66043668649038,3198.3301998138204,47.840034491137935,2933.6434630733384,2017.2
2026-01-08 19:00:00,19,3,0,2,0.4795484723807459,40.980284825849076,2875.986856343912,1108.5472683514226,27.98963957214379,2987.4398230132583,42.324068903970584,3020.58562639033,1823.08
2026-01-08 20:00:00,20,3,0,2,0.44182056910881046,46.427176191698976,3168.1545097644985,1145.3524539713385,29.180191033892225,2875.986856343912,40.980284825849076,3010.527063040556,1907.12
2026-01-08 21:00:00,21,3,0,2,0.41447343982581314,42.627955760283044,2909.9141348636645,1138.0783230036147,26.205652314674087,3168.1545097644985,46.427176191698976,2984.685166990692,1674.05
2026-01-08 22:00:00,22,3,0,2,0.43106970095865954,47.70977734416318,3004.5007738906534,1146.8610283066628,27.555621602451414,2909.9141348636645,42.627955760283044,3027.5231395062724,1779.81
2026-01-08 23:00:00,23,3,0,2,0.46189836020599984,46.15952082351844,3204.1161387568254,1117.995746671735,27.95308653052583,3004.5007738906534,47.70977734416318,3039.5103491703812,1966.66
2026-01-09 00:00:00,0,4,0,3,0.4630383183527826,40.39249263120167,2746.96871247034,1120.7953814704358,26.57255078744322,3204.1161387568254,46.15952082351844,2985.1952083726064,1698.77
2026-01-09 01:00:00,1,4,0,3,0.45609027505964356,33.21915501079813,2382.590419634425,1085.9837624144639,27.07428539697562,2746.96871247034,40.39249263120167,2777.891756953864,1478.28
2026-01-09 02:00:00,2,4,0,3,0.5134636185170236,42.2418039488524,2879.5310326018302,1142.36861999381,28.44624333159614,2382.590419634425,33.21915501079813,2669.696721568865,1923.66
2026-01-09 03:00:00,3,4,0,3,0.5514716812802238,38.914376859318494,2641.6096483537503,1125.080925010562,26.782418878688052,2879.5310326018302,42.2418039488524,2634.5770335300017,1898.41
2026-01-09 04:00:00,4,4,0,3,0.5623228512759773,36.70753001263829,2601.7472047299907,1097.592030398569,26.01733636989539,2641.6096483537503,38.914376859318494,2707.629295228524,1879.08
2026-01-09 05:00:00,5,4,0,3,0.6193091684332634,38.501859635697876,2773.8701541940204,1081.5761133887602,25.626654243049234,2601.7472047299907,36.70753001263829,2672.4090024259203,2147.31
2026-01-09 06:00:00,6,4,0,3,0.6511641743689199,31.78317668485588,2472.04395952805,1060.8089528436217,27.944368458298506,2773.8701541940204,38.501859635697876,2615.887106150687,2016.2
2026-01-09 07:00:00,7,4,0,3,0.6561355434095041,39.430284840182345,2666.6232098371297,1093.9764053697786,27.599280713132337,2472.04395952805,31.78317668485588,2637.5124411864,2175.69
2026-01-09 08:00:00,8,4,0,1,0.7083993037367871,46.39719972136275,3329.3493427074745,1127.7071405375448,28.24982821747048,2666.6232098371297,39.430284840182345,2822.6721706908847,2813.85
2026-01-09 09:00:00,9,4,0,1,0.7264453062078342,45.26565399954763,3465.874390552073,1137.7638766879343,30.416434032323444,3329.3493427074745,46.39719972136275,3153.948981032225,3023.97
2026-01-09 10:00:00,10,4,0,1,0.7416610248635055,44.67174284823738,3369.7964422987548,1146.566331146151,29.148386462972965,3465.874390552073,45.26565399954763,3388.340058519434,3009.93
2026-01-09 11:00:00,11,4,0,1,0.7363056567211675,53.89440931246474,3974.2562237827383,1164.2996699244745,30.90298934010765,3369.7964422987548,44.67174284823738,3603.309018877855,3487.78
2026-01-09 12:00:00,12,4,0,1,0.6736901691706796,47.79757812207524,3592.506396342369,1141.5934321858128,30.497275155088754,3974.2562237827383,53.89440931246474,3645.5196874746202,2951.5
2026-01-09 13:00:00,13,4,0,1,0.6602384485678141,55.368046984707746,3928.8772825390415,1175.0548455638311,30.2064597085682,3592.506396342369,47.79757812207524,3831.879967554716,3140.69
2026-01-09 14:00:00,14,4,0,1,0.6603007053441731,48.124694879316955,3299.067043514567,1129.6011466889593,28.584382321636426,3928.8772825390415,55.368046984707746,3606.8169074653256,2658.21
2026-01-09 15:00:00,15,4,0,1,0.6265103853325971,44.024247148424685,3372.7543638751217,1102.962182152625,29.38826782328986,3299.067043514567,48.124694879316955,3533.566229976243,2566.75
2026-01-09 16:00:00,16,4,0,2,0.5903009537261209,40.092164460179696,2797.774584504457,1066.482710407951,26.726573850219268,3372.7543638751217,44.024247148424685,3156.5319972980487,2064.85
2026-01-09 17:00:00,17,4,0,2,0.6208199634987415,48.32534067002429,3108.5225137265033,1125.9226287281754,29.164643964742705,2797.774584504457,40.092164460179696,3093.0171540353604,2421.46
2026-01-09 18:00:00,18,4,0,2,0.5214178102138634,43.454356377221664,2975.6078778388783,1135.6460618405813,30.161572730543508,3108.5225137265033,48.32534067002429,2960.634992023279,2043.21
2026-01-09 19:00:00,19,4,0,2,0.5037163634374953,42.080994462282895,3007.0701349561086,1100.7511918981425,27.11840935739179,2975.6078778388783,43.454356377221664,3030.4001755071636,1952.88
2026-01-09 20:00:00,20,4,0,2,0.47783647874004265,44.560063790484755,3065.302661492319,1122.2950792262907,26.219525182742878,3007.0701349561086,42.080994462282895,3015.9935580957685,1914.27
2026-01-09 21:00:00,21,4,0,2,0.45779820934564636,45.75623957658641,2953.613924785341,1144.6857404916534,25.443291548312956,3065.302661492319,44.560063790484755,3008.662240411257,1796.88
2026-01-09 22:00:00,22,4,0,2,0.43369461510719304,47.910895855658616,3245.085383135752,1154.6608208332011,28.636389507325195,2953.613924785341,45.75623957658641,3088.000656471137,1926.28
2026-01-09 23:00:00,23,4,0,2,0.4599497687293957,49.06974730462524,3131.6281236590203,1119.29066791435,27.642962904045316,3245.085383135752,47.910895855658616,3110.109143860038,1922.03
2026-01-10 00:00:00,0,5,1,3,0.44329993917942706,26.7408097397382,2229.3384125639336,1081.8897228702938,25.680560643160277,3131.6281236590203,49.06974730462524,2868.6839731195687,1346.53
2026-01-10 01:00:00,1,5,1,3,0.47626867849908316,23.358833098712864,2014.7454813448228,1071.6190846287386,24.87493547758073,2229.3384125639336,26.7408097397382,2458.5706725225923,1282.04
2026-01-10 02:00:00,2,5,1,3,0.5002927290434179,26.552871936068534,2168.6152869148086,1027.96524131381,23.304857407112447,2014.7454813448228,23.358833098712864,2137.566393607855,1374.88
2026-01-10 03:00:00,3,5,1,3,0.5454028164733735,28.910981773040103,2392.943336791666,1045.0480053511315,23.798617193927864,2168.6152869148086,26.552871936068534,2192.101368350432,1668.7
2026-01-10 04:00:00,4,5,1,3,0.6262931713334702,24.62684375826286,1983.384722743921,1078.2846421117063,24.966402297561718,2392.943336791666,28.910981773040103,2181.6477821501317,1599.3
2026-01-10 05:00:00,5,5,1,3,0.5788893624625179,24.64997179786735,2342.6721398172626,1044.928549160087,25.971421734388155,1983.384722743921,24.62684375826286,2239.6667331176163,1663.31
2026-01-10 06:00:00,6,5,1,3,0.6637252038074902,29.2032575854246,2095.6162630287677,1011.318581655402,24.474405945389364,2342.6721398172626,24.64997179786735,2140.5577085299833,1735.27
2026-01-10 07:00:00,7,5,1,3,0.6467406319423236,27.82971676950342,2180.6171326370713,1026.3268294596965,23.28015147329814,2095.6162630287677,29.2032575854246,2206.3018451610337,1749.22
2026-01-10 08:00:00,8,5,1,1,0.6918049192140328,40.114789483940555,3149.590953570334,1104.2249173064502,29.0643060272191,2180.6171326370713,27.82971676950342,2475.2747830787243,2632.77
2026-01-10 09:00:00,9,5,1,1,0.7370086276198168,37.345266328549755,3050.6546847569757,1070.304999057084,29.69512840369865,3149.590953570334,40.114789483940555,2793.6209236547934,2711.28
2026-01-10 10:00:00,10,5,1,1,0.7212856003819093,39.193597500279814,3051.654801043987,1096.438795735208,28.505761598409332,3050.6546847569757,37.345266328549755,3083.9668131237654,2645.08
2026-01-10 11:00:00,11,5,1,1,0.6936747201218834,36.76518399506094,2947.5463954175575,1097.8706413223333,26.80818598271378,3051.654801043987,39.193597500279814,3016.61862707284,2432.92
2026-01-10 12:00:00,12,5,1,1,0.686937482344622,43.11569443893676,3289.4722599914676,1159.0191428566154,29.018370131990274,2947.5463954175575,36.76518399506094,3096.2244854843375,2754.02
2026-01-10 13:00:00,13,5,1,1,0.6925869043448101,43.62337267153313,3235.323432924069,1117.232142780438,27.145074545959808,3289.4722599914676,43.11569443893676,3157.4473627776983,2699.9
2026-01-10 14:00:00,14,5,1,1,0.6353926673656571,33.53834248216667,2976.407162649689,1110.9669149179856,29.19091006543885,3235.323432924069,43.62337267153313,3167.0676185217417,2309.62
2026-01-10 15:00:00,15,5,1,1,0.6205638381059924,36.74671198932656,3054.323933227488,1132.7058520082255,28.279292978860408,2976.407162649689,33.53834248216667,3088.6848429337483,2351.6
2026-01-10 16:00:00,16,5,1,2,0.5809114367980762,28.762147607184723,2399.0355644439887,1100.9063321625408,23.874996920709417,3054.323933227488,36.74671198932656,2809.922220107055,1722.92
2026-01-10 17:00:00,17,5,1,2,0.5307333267335307,31.724916229575857,2311.6824235264635,1084.0185297529426,25.344798845889127,2399.0355644439887,28.762147607184723,2588.34730706598,1625.49
2026-01-10 18:00:00,18,5,1,2,0.5528788817865066,33.707967105733736,2507.3319088293338,1035.7496397269606,26.91373484171219,2311.6824235264635,31.724916229575857,2406.0166322665955,1746.63
2026-01-10 19:00:00,19,5,1,2,0.49368343108024354,28.926241731055143,2265.624964050997,1077.2255885593172,25.152426068332698,2507.3319088293338,33.707967105733736,2361.546432135598,1462.27
2026-01-10 20:00:00,20,5,1,2,0.4182535917370264,30.773490654061405,2264.1349143500274,1099.303959811584,25.21604151543855,2265.624964050997,28.926241731055143,2345.6972624101195,1325.67
2026-01-10 21:00:00,21,5,1,2,0.44849947061491896,30.486149197714756,2415.0964159706564,1069.9179191549738,24.581038738112127,2264.1349143500274,30.773490654061405,2314.9520981238934,1453.08
2026-01-10 22:00:00,22,5,1,2,0.4267642707046322,34.7254356528963,2498.1271134467556,1132.5163393634664,27.006939562653837,2415.0964159706564,30.486149197714756,2392.4528145891463,1495.54
2026-01-10 23:00:00,23,5,1,2,0.46181905101545484,34.242705179626874,2619.5701926652378,1108.4666597551939,25.953737602194497,2498.1271134467556,34.7254356528963,2510.9312406942167,1599.45
2026-01-11 00:00:00,0,6,1,3,0.4429060287015245,25.473918563319614,2017.9033478020629,1066.102508682098,22.138610040267505,2619.5701926652378,34.242705179626874,2378.5335513046853,1203.34
2026-01-11 01:00:00,1,6,1,3,0.47871032180454537,28.618873052487892,2494.1341609029737,1091.6350099900976,25.868271691538773,2017.9033478020629,25.473918563319614,2377.2025671234246,1546.17
2026-01-11 02:00:00,2,6,1,3,0.5200997455796091,26.08661970394457,2066.3379676464588,1062.6807250973002,26.06517288417262,2494.1341609029737,28.618873052487892,2192.7918254504984,1424.1
2026-01-11 03:00:00,3,6,1,3,0.5610804375690495,27.049207113858813,2243.530600587699,995.8765659705514,25.014119999372394,2066.3379676464588,26.08661970394457,2268.000909712377,1598.85
2026-01-11 04:00:00,4,6,1,3,0.5559940718588844,33.85708231604488,2618.591821468588,1072.9498554774202,28.814221387043517,2243.530600587699,27.049207113858813,2309.486796567582,1867.24
2026-01-11 05:00:00,5,6,1,3,0.6095446415975339,32.69161368126622,2402.6457640329663,1110.6956554062613,26.52358075170144,2618.591821468588,33.85708231604488,2421.5893953630843,1886.2
2026-01-11 06:00:00,6,6,1,3,0.6405010937767808,23.451465670753407,2157.6121923958576,1023.6160791805562,25.598550436055966,2402.6457640329663,32.69161368126622,2392.9499259658037,1733.39
2026-01-11 07:00:00,7,6,1,3,0.6659283647146423,30.90406346257711,2243.18082407992,1068.0294412193848,25.323191494498605,2157.6121923958576,23.451465670753407,2267.812926836248,1850.33
2026-01-11 08:00:00,8,6,1,1,0.7365526413354433,42.83988794072057,3402.0490812343332,1095.2386439153056,29.258220154797296,2243.18082407992,30.90406346257711,2600.9473659033706,2961.4
2026-01-11 09:00:00,9,6,1,1,0.7233292498996886,35.981078489365835,2920.8464438173532,1138.5223788375074,27.420046450581108,3402.0490812343332,42.83988794072057,2855.3587830438687,2593.29
2026-01-11 10:00:00,10,6,1,1,0.6947823209132991,42.86572175314201,3157.388109935125,1163.5001984480184,28.161903762618053,2920.8464438173532,35.981078489365835,3160.094544995604,2703.43
2026-01-11 11:00:00,11,6,1,1,0.733586854621565,45.38276171444394,3306.322464458685,1109.4343244792574,29.658115476009527,3157.388109935125,42.86572175314201,3128.185672737054,2870.82
2026-01-11 12:00:00,12,6,1,1,0.743686680470074,36.07109317814455,3020.2695053436314,1097.9668227223053,26.944567542063425,3306.322464458685,45.38276171444394,3161.3266932458137,2669.06
2026-01-11 13:00:00,13,6,1,1,0.6996442545771395,36.78874012645008,2885.3586706682013,1080.142609311699,26.326789641091562,3020.2695053436314,36.07109317814455,3070.6502134901725,2423.37
2026-01-11 14:00:00,14,6,1,1,0.6196126006809196,43.56181513395226,3170.3587582971186,1139.6208765115937,27.22002846660661,2885.3586706682013,36.78874012645008,3025.328978102984,2445.66
2026-01-11 15:00:00,15,6,1,1,0.6065499848570278,40.95023358788977,3116.176119744991,1126.5430112826173,30.842039189695885,3170.3587582971186,43.56181513395226,3057.297849570104,2354.93
2026-01-11 16:00:00,16,6,1,2,0.6053382229837324,35.93016696333833,2475.6220598178284,1114.0133071436849,26.88848501473079,3116.176119744991,40.95023358788977,2920.718979286646,1903.19
2026-01-11 17:00:00,17,6,1,2,0.5296119443732714,35.19206225740174,2802.108070536096,1099.066210222304,27.705750877136495,2475.6220598178284,35.93016696333833,2797.9687500329715,1889.32
2026-01-11 18:00:00,18,6,1,2,0.5188763885629246,35.367435723248505,2523.5672566004164,1164.8548980527057,25.142873250982603,2802.108070536096,35.19206225740174,2600.4324623181137,1725.28
2026-01-11 19:00:00,19,6,1,2,0.4964977317024701,29.35734755091121,2420.874654132653,1041.7312960783763,26.81759294125197,2523.5672566004164,35.367435723248505,2582.183327089722,1581.55
2026-01-11 20:00:00,20,6,1,2,0.4402178340386169,37.66561197317507,2720.0889488306107,1057.8973640317874,26.927077547024705,2420.874654132653,29.35734755091121,2554.84361985456,1576.87
2026-01-11 21:00:00,21,6,1,2,0.4435798771982944,38.09356497349721,2596.066337749538,1092.5470048764523,26.910557188523228,2720.0889488306107,37.66561197317507,2579.0099802376008,1559.25
2026-01-11 22:00:00,22,6,1,2,0.3751746531986185,33.197132395761905,2493.1563927037582,1043.5888229440409,25.13857692997626,2596.066337749538,38.09356497349721,2603.1038930946356,1264.03
2026-01-11 23:00:00,23,6,1,2,0.42428263149284456,33.84783067565148,2617.232713921606,1048.0797659524562,26.916431675306445,2493.1563927037582,33.197132395761905,2568.8184814583005,1514.64
2026-01-12 00:00:00,0,0,0,3,0.45370508044231533,32.64112374105497,2446.2592081371167,1055.5316286092707,25.645597114609274,2617.232713921606,33.84783067565148,2518.8827715874936,1507.31
2026-01-12 01:00:00,1,0,0,3,0.45604938699458636,39.79989164606242,2934.168677574932,1086.1448439484589,26.86182887014688,2446.2592081371167,32.64112374105497,2665.8868665445516,1754.91
2026-01-12 02:00:00,2,0,0,3,0.5426482260786327,40.002201045999506,2922.6808942038015,1086.1433516352465,28.623197250314703,2934.168677574932,39.79989164606242,2767.7029266386166,2019.1
2026-01-12 03:00:00,3,0,0,3,0.5151625061264344,37.78233144050241,2810.474697381608,1114.0847995231447,25.52299962103602,2922.6808942038015,40.002201045999506,2889.1080897201136,1873.77
2026-01-12 04:00:00,4,0,0,3,0.5711991102660603,41.93523675954676,2831.9268415068445,1105.0862205110536,28.11748765553313,2810.474697381608,37.78233144050241,2855.0274776974184,2097.73
2026-01-12 05:00:00,5,0,0,3,0.6188494778600747,36.830729691570205,2527.801742386881,1092.8350543944687,27.24738916821987,2831.9268415068445,41.93523675954676,2723.4010937584444,1990.84
2026-01-12 06:00:00,6,0,0,3,0.6788254657813222,39.9761207406276,2725.2949206847065,1132.2603023250338,26.028743991620864,2527.801742386881,36.830729691570205,2695.0078348594775,2273.72
2026-01-12 07:00:00,7,0,0,3,0.6502777063425278,34.431174814577595,2572.951779535998,1068.5666361387748,25.5921117784277,2725.2949206847065,39.9761207406276,2608.6828142025283,2024.98
2026-01-12 08:00:00,8,0,0,1,0.7245068315729206,49.91756747194017,3611.7849418611904,1143.0566224201427,29.771652322017623,2572.951779535998,34.431174814577595,2970.0105473606322,3106.58
2026-01-12 09:00:00,9,0,0,1,0.7154342769008613,49.38976009734007,3261.9506358090493,1156.7030400416832,29.211612238584827,3611.7849418611904,49.91756747194017,3148.8957857354126,2846.67
2026-01-12 10:00:00,10,0,0,1,0.7003698269790409,50.7885777271433,3584.512413528038,1104.6151158930677,29.764948721583053,3261.9506358090493,49.38976009734007,3486.082663732759,2995.45
2026-01-12 11:00:00,11,0,0,1,0.7244716851657349,48.70665574908325,3510.7702157475283,1085.2039852725686,30.22284233805535,3584.512413528038,50.7885777271433,3452.411088361538,3032.67
2026-01-12 12:00:00,12,0,0,1,0.7052247504412908,49.539845915149165,3495.987755423846,1156.8123168805398,31.76886810112437,3510.7702157475283,48.70665574908325,3530.4234615664705,2988.25
2026-01-12 13:00:00,13,0,0,1,0.6669906118229407,52.89116510004527,3835.0552901839424,1173.8650174143536,30.174257510966818,3495.987755423846,49.539845915149165,3613.9377537851055,3077.49
2026-01-12 14:00:00,14,0,0,1,0.6513960416998003,48.47132516966624,3531.8232415450852,1195.4908040499752,27.71452817363951,3835.0552901839424,52.89116510004527,3620.955429050958,2789.81
2026-01-12 15:00:00,15,0,0,1,0.6085283943771177,44.37698014741462,3454.1871356033657,1131.4602924863286,30.505065418314672,3531.8232415450852,48.47132516966624,3607.021889110798,2625.3
2026-01-12 16:00:00,16,0,0,2,0.5822703469050249,50.12354366471897,3229.6442024703256,1170.9876675903283,30.78545816601412,3454.1871356033657,44.37698014741462,3405.218193206259,2432.4
2026-01-12 17:00:00,17,0,0,2,0.5570079471760679,48.835089275416706,3310.0763164945824,1140.4535410120175,29.504909757309957,3229.6442024703256,50.12354366471897,3331.3025515227578,2382.92
2026-01-12 18:00:00,18,0,0,2,0.5417203363229071,39.477080567130336,2972.6765928641676,1115.3390028081485,26.603623565789487,3310.0763164945824,48.835089275416706,3170.7990372763584,2054.2
2026-01-12 19:00:00,19,0,0,2,0.45624874065734633,46.41397731835818,3246.0321932388374,1177.337330317171,28.671436474913882,2972.6765928641676,39.477080567130336,3176.261700865862,1977.28
2026-01-12 20:00:00,20,0,0,2,0.5014171109633039,42.2395883030703,2769.7244824267154,1065.8585327591404,25.890186760368426,3246.0321932388374,46.41397731835818,2996.1444228432406,1830.47
2026-01-12 21:00:00,21,0,0,2,0.4057286283290804,44.92220525365871,2991.058107109556,1140.029227453927,28.741620283120724,2769.7244824267154,42.2395883030703,3002.2715942583695,1695.92
2026-01-12 22:00:00,22,0,0,2,0.4369642980992883,45.02978445154723,2984.92053566565,1183.5088060581231,26.328186635647377,2991.058107109556,44.92220525365871,2915.2343750673067,1791.2
2026-01-12 23:00:00,23,0,0,2,0.4565367284492219,43.179572698892876,3001.7913156593386,1129.769146275805,27.645816508003954,2984.92053566565,45.02978445154723,2992.5899861448484,1832.04
2026-01-13 00:00:00,0,1,0,3,0.4643762808248792,35.25682017044761,2668.9193342718863,1132.2916047626115,25.6911923893536,3001.7913156593386,43.179572698892876,2885.210395198958,1597.33
2026-01-13 01:00:00,1,1,0,3,0.46855106023747145,35.583106316893094,2500.572663377101,1076.6021215293365,26.48743183341896,2668.9193342718863,35.25682017044761,2723.761104436109,1603.57
2026-01-13 02:00:00,2,1,0,3,0.5058375549928545,34.79332829581565,2573.8403949817366,1088.3721258291696,26.139857970707144,2500.572663377101,35.583106316893094,2581.110797543575,1710.94
2026-01-13 03:00:00,3,1,0,3,0.5339053149924704,35.088622271193444,2336.596722344969,1091.1926066444885,26.000770265050214,2573.8403949817366,34.79332829581565,2470.336593567936,1654.5
2026-01-13 04:00:00,4,1,0,3,0.5682127048611157,37.764875984827256,2872.452820013453,1045.6197269553397,27.601663399337816,2336.596722344969,35.088622271193444,2594.296645780053,2034.58
2026-01-13 05:00:00,5,1,0,3,0.6332267082547733,35.49484003811237,2535.782892833853,1062.7749144561944,25.268618809510578,2872.452820013453,37.764875984827256,2581.610811730758,1991.91
2026-01-13 06:00:00,6,1,0,3,0.6571403097193008,40.38718222999417,2824.126873131077,1084.1268519353769,28.166008720005085,2535.782892833853,35.49484003811237,2744.1208619927947,2279.64
2026-01-13 07:00:00,7,1,0,3,0.6651367574609035,43.20536154367574,2907.083303786841,1143.3730981255162,27.631758897077734,2824.126873131077,40.38718222999417,2755.6643565839236,2414.51
2026-01-13 08:00:00,8,1,0,1,0.7192355540384864,47.96981365520485,3596.1649234858282,1163.6830822629208,28.800981602180347,2907.083303786841,43.20536154367574,3109.1250334679153,3066.1
2026-01-13 09:00:00,9,1,0,1,0.7213756060980017,50.83791575187382,3247.2054358666364,1161.4525740751587,31.513129987002404,3596.1649234858282,47.96981365520485,3250.1512210464352,2884.88
2026-01-13 10:00:00,10,1,0,1,0.7362572423767791,51.74889788606027,3626.7071637936033,1177.5981639656336,30.66074007937256,3247.2054358666364,50.83791575187382,3490.0258410486895,3223.6
2026-01-13 11:00:00,11,1,0,1,0.7278221925189418,51.65200794821746,3611.6421067700617,1152.5042964748257,29.854894358487705,3626.7071637936033,51.74889788606027,3495.1849021434336,3148.33
2026-01-13 12:00:00,12,1,0,1,0.6846636563113799,50.26584343770631,3507.526588185782,1181.1116654893137,31.390000725994796,3611.6421067700617,51.65200794821746,3581.9586195831494,2953.22
2026-01-13 13:00:00,13,1,0,1,0.6677913285621772,52.59938846425903,3874.119666367932,1160.617264922838,32.0,3507.526588185782,50.26584343770631,3664.429453774592,3116.43
2026-01-13 14:00:00,14,1,0,1,0.6649458721024651,51.6878713343823,3519.474674984511,1158.198086523198,29.557162943171704,3874.119666367932,52.59938846425903,3633.7069765127417,2844.78
2026-01-13 15:00:00,15,1,0,1,0.6284420716230221,45.66818152185446,3447.68370975173,1126.0329102558576,29.90915601622748,3519.474674984511,51.6878713343823,3613.7593503680578,2660.89
2026-01-13 16:00:00,16,1,0,2,0.579581968120717,47.042046225362455,3159.6424147860407,1155.2794468423606,27.346538001016608,3447.68370975173,45.66818152185446,3375.600266507427,2330.92
2026-01-13 17:00:00,17,1,0,2,0.5461118813518226,47.1055179304336,3271.1306171737738,1127.8921013064116,28.727137422990964,3159.6424147860407,47.042046225362455,3292.818913903848,2234.64
2026-01-13 18:00:00,18,1,0,2,0.5355532979157686,41.32849863537496,2779.7197484185726,1139.7247789714515,27.02685743021673,3271.1306171737738,47.1055179304336,3070.1642601261287,1953.78
2026-01-13 19:00:00,19,1,0,2,0.46917362285716674,44.132782424066605,2898.018941188146,1098.227401178366,27.881855577639804,2779.7197484185726,41.32849863537496,2982.9564355934976,1802.71
2026-01-13 20:00:00,20,1,0,2,0.46969839109357936,46.391651474838746,3219.1527052650313,1108.0936995311502,29.129821591914517,2898.018941188146,44.132782424066605,2965.63046495725,1985.71
2026-01-13 21:00:00,21,1,0,2,0.44072653127085254,43.26740163147223,2998.071630415864,1140.2552754040516,28.665366239979885,3219.1527052650313,46.391651474838746,3038.414425623014,1770.73
2026-01-13 22:00:00,22,1,0,2,0.4356463759354555,47.75542316718104,2963.601560921936,1138.8080873041488,28.163843057299736,2998.071630415864,43.26740163147223,3060.2752988676107,1762.38
2026-01-13 23:00:00,23,1,0,2,0.4667459213592742,52.273553731167766,3287.593316166957,1147.746929520843,27.50575323526819,2963.601560921936,47.75542316718104,3083.088835834919,2057.72
2026-01-14 00:00:00,0,2,0,3,0.4752647704499391,35.24904888577756,2632.5731183217576,1113.2476388549967,25.649083200849894,3287.593316166957,52.273553731167766,2961.2559984702166,1659.75
2026-01-14 01:00:00,1,2,0,3,0.4972752433538961,33.16634388896179,2593.017181588871,1067.483840203695,25.987701461939828,2632.5731183217576,35.24904888577756,2837.727872025862,1664.08
2026-01-14 02:00:00,2,2,0,3,0.5361095761430866,39.06336508461707,2676.3437504246135,1101.248428980959,26.58245712444084,2593.017181588871,33.16634388896179,2633.9780167784143,1857.44
2026-01-14 03:00:00,3,2,0,3,0.5441854105183023,40.525468767941504,2473.9353757793347,1147.082573823545,27.507380401164315,2676.3437504246135,39.06336508461707,2581.0987692642734,1815.06
2026-01-14 04:00:00,4,2,0,3,0.5936390594258992,37.19196769154331,2736.425328407893,1137.2464294114395,25.72589097713615,2473.9353757793347,40.525468767941504,2628.901484870614,2060.02
2026-01-14 05:00:00,5,2,0,3,0.6100293311824837,43.08641232162362,2792.4500716797857,1161.6556045432528,26.879268847794446,2736.425328407893,37.19196769154331,2667.603591955671,2171.92
2026-01-14 06:00:00,6,2,0,3,0.6564833270497688,33.31487970096863,2257.0889307688994,1076.2063743805268,26.667241167086523,2792.4500716797857,43.08641232162362,2595.3214436188596,1896.16
2026-01-14 07:00:00,7,2,0,3,0.6763920882787628,40.425215180610635,2479.2555721293816,1142.4684333470543,25.90433227103534,2257.0889307688994,33.31487970096863,2509.598191526022,2139.27
2026-01-14 08:00:00,8,2,0,1,0.7031834758296758,47.87948712734387,3552.2546239542035,1117.7941278151584,30.393347526325403,2479.2555721293816,40.425215180610635,2762.866375617495,3004.45
2026-01-14 09:00:00,9,2,0,1,0.7271327561892078,56.01782267172554,3836.236114276245,1151.3987188188505,30.620003262740664,3552.2546239542035,47.87948712734387,3289.248770119944,3336.81
2026-01-14 10:00:00,10,2,0,1,0.7036355863353305,56.97380373608841,3836.7424024385086,1119.1338186287446,31.09728125025136,3836.236114276245,56.01782267172554,3741.744380222986,3252.25
2026-01-14 11:00:00,11,2,0,1,0.7570773611941787,47.316701942758286,3595.9345109796545,1181.0885128184964,29.712281317360734,3836.7424024385086,56.97380373608841,3756.304342564803,3247.53
2026-01-14 12:00:00,12,2,0,1,0.6811232088998274,48.07655002431997,3539.9237130571673,1120.706703870378,30.60022427746458,3595.9345109796545,47.316701942758286,3657.5335421584437,2934.45
2026-01-14 13:00:00,13,2,0,1,0.654711177110362,53.008557604429306,3879.341097325949,1158.8709159240407,29.077069302198776,3539.9237130571673,48.07655002431997,3671.7331071209233,3082.92
2026-01-14 14:00:00,14,2,0,1,0.6731622174700013,48.6450427257367,3321.8986659981124,1121.8220623547397,28.637021143260785,3879.341097325949,53.008557604429306,3580.3878254604097,2703.9
2026-01-14 15:00:00,15,2,0,1,0.6320679201936116,49.841060737237164,3538.701658301197,1166.7433741572022,30.15155940637049,3321.8986659981124,48.6450427257367,3579.9804738750863,2740.7
2026-01-14 16:00:00,16,2,0,2,0.592482396341043,44.08885947189844,2789.993071241668,1116.9645963696603,27.940411201746326,3538.701658301197,49.841060737237164,3216.864465180326,2101.66
2026-01-14 17:00:00,17,2,0,2,0.5563322438709326,37.2811439533082,2650.1255980762135,1066.504153552409,28.62529514089197,2789.993071241668,44.08885947189844,2992.9401092063595,1913.78
2026-01-14 18:00:00,18,2,0,2,0.5097550645430617,43.95156788867017,2947.9866525381562,1136.8478356593323,27.357392574888497,2650.1255980762135,37.2811439533082,2796.035107285346,1937.36
2026-01-14 19:00:00,19,2,0,2,0.4630599632041667,41.585952790775394,2946.561512056461,1080.500560542846,29.597249821087917,2947.9866525381562,43.95156788867017,2848.224587556944,1823.16
2026-01-14 20:00:00,20,2,0,2,0.4602725346340531,42.2740701216008,2907.800821209064,1098.1611373535159,26.901840812038607,2946.561512056461,41.585952790775394,2934.116328601227,1784.11
2026-01-14 21:00:00,21,2,0,2,0.4312271500892882,49.05271201214085,3282.180897139928,1093.5386201829112,30.53497868432,2907.800821209064,42.2740701216008,3045.5144101351507,1931.66
2026-01-14 22:00:00,22,2,0,2,0.45950239466835496,39.6022258700226,2866.5129801276844,1072.8099506751503,28.53600381913033,3282.180897139928,49.05271201214085,3018.8315661588917,1751.59
2026-01-14 23:00:00,23,2,0,2,0.4418292366894876,46.84621815361792,3366.6712581987836,1141.8481018574837,28.126087231770608,2866.5129801276844,39.6022258700226,3171.7883784887986,1946.55
2026-01-15 00:00:00,0,3,0,3,0.44224649953432826,37.02362974383867,2628.227739838405,1048.9811180227816,27.12920621749687,3366.6712581987836,46.84621815361792,2953.8039927216246,1541.47
2026-01-15 01:00:00,1,3,0,3,0.47457733380082345,37.02083941026458,2553.0150493819406,1061.0547145255152,26.448567161967837,2628.227739838405,37.02362974383867,2849.304682473043,1585.93
2026-01-15 02:00:00,2,3,0,3,0.5182586290855125,40.76630163618099,2864.0136074661136,1113.0059836414036,28.297413537297043,2553.0150493819406,37.02083941026458,2681.75213222882,1924.83
2026-01-15 03:00:00,3,3,0,3,0.5324908426295676,39.19017953099112,2667.2844756378545,1093.1705457216383,26.62302234600621,2864.0136074661136,40.76630163618099,2694.7710441619697,1838.79
2026-01-15 04:00:00,4,3,0,3,0.5635555920886713,39.99714549026836,2977.706839274461,1159.7894978600561,27.556993993454125,2667.2844756378545,39.19017953099112,2836.334974126143,2117.92
2026-01-15 05:00:00,5,3,0,3,0.6211084105441911,41.38864631186502,2828.502919360498,1161.4019988980697,29.071256563850415,2977.706839274461,39.99714549026836,2824.4980780909377,2268.23
2026-01-15 06:00:00,6,3,0,3,0.6548993314221744,36.84042065885837,2589.9497655037476,1075.6636210666545,26.514700811665683,2828.502919360498,41.38864631186502,2798.719841379569,2074.07
2026-01-15 07:00:00,7,3,0,3,0.668856085858694,35.85717142922287,2557.0148277768953,1107.3571261769787,27.515089548286436,2589.9497655037476,36.84042065885837,2658.4891708803802,2160.64
2026-01-15 08:00:00,8,3,0,1,0.691822790417455,46.2019731570477,3465.2988828837438,1153.539956550177,29.28057449422611,2557.0148277768953,35.85717142922287,2870.7544920547953,2919.62
2026-01-15 09:00:00,9,3,0,1,0.7198706144276222,47.11106314507366,3401.068203540536,1123.5072811296845,31.336889922874818,3465.2988828837438,46.2019731570477,3141.127304733725,2972.26
2026-01-15 10:00:00,10,3,0,1,0.6910383131700535,60.32183048858054,3937.482353570478,1153.898783541867,30.31093962336567,3401.068203540536,47.11106314507366,3601.28314666492,3268.2
2026-01-15 11:00:00,11,3,0,1,0.6870803401929384,54.35637853257875,3945.879264080868,1167.1180528976136,30.415958642772935,3937.482353570478,60.32183048858054,3761.476607063961,3263.28
2026-01-15 12:00:00,12,3,0,1,0.6868746721047727,45.27123971827193,3234.4654064428264,1126.763817002735,30.610971972148505,3945.879264080868,54.35637853257875,3705.942341364724,2690.39
2026-01-15 13:00:00,13,3,0,1,0.6747260063318796,45.3713971513975,3345.980800696847,1120.5914761813244,28.619333666581852,3234.4654064428264,45.27123971827193,3508.775157073514,2750.78
2026-01-15 14:00:00,14,3,0,1,0.65621815131196,51.68653121601472,3704.17064291389,1167.804046568171,32.0,3345.980800696847,45.3713971513975,3428.2056166845214,2978.18
2026-01-15 15:00:00,15,3,0,1,0.6457417906533439,51.915426790822885,3440.433992336981,1138.8934669881517,30.53832200330371,3704.17064291389,51.68653121601472,3496.861811982573,2737.8
2026-01-15 16:00:00,16,3,0,2,0.5971531924640403,45.92109342361078,3124.080464231196,1104.8844350049646,28.22802189956432,3440.433992336981,51.915426790822885,3422.895033160689,2307.72
2026-01-15 17:00:00,17,3,0,2,0.5405665630863785,43.10765472256206,2813.2315414576387,1125.157693148994,25.201486305104872,3124.080464231196,45.92109342361078,3125.9153326752717,1910.53
2026-01-15 18:00:00,18,3,0,2,0.5096196758419462,43.56091008998985,3058.974887749623,1133.8928926741814,28.17340099403921,2813.2315414576387,43.10765472256206,2998.7622978128197,2008.4
2026-01-15 19:00:00,19,3,0,2,0.46095446334112716,45.14757833455775,2916.122903624822,1101.1741897407296,27.842365742989514,3058.974887749623,43.56091008998985,2929.443110944028,1825.21
2026-01-15 20:00:00,20,3,0,2,0.4583861807503308,44.30062552202666,3076.6604323130628,1150.4047673628838,29.656196054342125,2916.122903624822,45.14757833455775,3017.2527412291693,1895.34
2026-01-15 21:00:00,21,3,0,2,0.43899721154112764,36.232448695383624,2763.1601592476286,1050.6677663371324,29.116670475646895,3076.6604323130628,44.30062552202666,2918.647831728504,1622.61
2026-01-15 22:00:00,22,3,0,2,0.44645437120676174,43.19570129298682,3047.1789412603434,1108.3299687040562,27.335278522561982,2763.1601592476286,36.232448695383624,2962.3331776070117,1823.78
2026-01-15 23:00:00,23,3,0,2,0.4282257654484839,41.0200774800889,2876.0614843925728,1107.6300965154153,28.548289731427726,3047.1789412603434,43.19570129298682,2895.466861633515,1719.69
2026-01-16 00:00:00,0,4,0,3,0.469143373755002,38.61323996617979,2709.8396853265267,1088.547367048421,27.951281538304443,2876.0614843925728,41.0200774800889,2877.693370326481,1726.97
2026-01-16 01:00:00,1,4,0,3,0.5116598288939349,48.44840650911193,3111.0079437498557,1129.6671141976678,29.65812172205872,2709.8396853265267,38.61323996617979,2898.9697044896516,2071.88
2026-01-16 02:00:00,2,4,0,3,0.5078247970308628,39.28618582916007,2944.4025252102556,1153.921605374343,28.41310297859684,3111.0079437498557,48.44840650911193,2921.750051428879,1921.45
2026-01-16 03:00:00,3,4,0,3,0.5517995681276259,36.90264609839661,2576.67964800773,1076.3384821676138,24.25793493087164,2944.4025252102556,39.28618582916007,2877.363372322614,1854.78
2026-01-16 04:00:00,4,4,0,3,0.5938028798342222,41.226305256920384,2730.7358077330177,1175.9357640894793,26.91594577341008,2576.67964800773,36.90264609839661,2750.6059936503348,2136.52
2026-01-16 05:00:00,5,4,0,3,0.6082102568766361,39.68940760523225,2865.8676144393908,1119.6857999142053,26.166042958231007,2730.7358077330177,41.226305256920384,2724.4276900600457,2178.91
2026-01-16 06:00:00,6,4,0,3,0.6544818496362083,39.470330716581444,2680.6284658637856,1110.1827012991255,26.692301292044263,2865.8676144393908,39.68940760523225,2759.0772960120644,2160.47
2026-01-16 07:00:00,7,4,0,3,0.6792467973817525,40.123977076254846,2691.571348735533,1122.401917139711,28.147909579145782,2680.6284658637856,39.470330716581444,2746.022476346236,2299.31
2026-01-16 08:00:00,8,4,0,1,0.703197078500798,57.197902476903394,3700.673100000281,1242.0398036389124,30.701758003050905,2691.571348735533,40.123977076254846,3024.2909715332003,3192.38
2026-01-16 09:00:00,9,4,0,1,0.6997694200033602,46.04189047635929,3313.9358907009064,1109.327736807151,30.42416200867994,3700.673100000281,57.197902476903394,3235.3934464789068,2804.49
2026-01-16 10:00:00,10,4,0,1,0.7204902034851788,51.65771226884009,3614.6712492302254,1128.6204011019506,30.459008868957,3313.9358907009064,46.04189047635929,3543.093413310471,3140.3
2026-01-16 11:00:00,11,4,0,1,0.7251895815053785,46.75766604506462,3433.2659793471917,1118.1590092659605,27.886228803554623,3614.6712492302254,51.65771226884009,3453.957706426108,2969.34
2026-01-16 12:00:00,12,4,0,1,0.7302664286857222,51.94429426219787,3751.6499911148426,1158.5807557229057,27.480483562495525,3433.2659793471917,46.75766604506462,3599.862406564087,3223.32
2026-01-16 13:00:00,13,4,0,1,0.6981803658878207,46.78459720979867,3468.5346252808354,1093.9941107188804,29.74035259828496,3751.6499911148426,51.94429426219787,3551.150198580957,2893.04
2026-01-16 14:00:00,14,4,0,1,0.693063649150231,48.5392161523822,3461.3600605108177,1144.715345592494,29.281155108747992,3468.5346252808354,46.78459720979867,3560.5148923021648,2915.63
2026-01-16 15:00:00,15,4,0,1,0.6008877150565919,48.96718530016733,3479.7398573419637,1188.2074195360112,28.426797970548286,3461.3600605108177,48.5392161523822,3469.8781810445385,2618.53
2026-01-16 16:00:00,16,4,0,2,0.5974464127344136,47.41535851770648,3194.9100295666135,1143.4466188364454,26.608947398973726,3479.7398573419637,48.96718530016733,3378.6699824731313,2389.93
2026-01-16 17:00:00,17,4,0,2,0.5474321738004141,47.214590553798445,3277.3649944723584,1131.5412257408118,28.042858125407278,3194.9100295666135,47.41535851770648,3317.3382937936453,2294.78
2026-01-16 18:00:00,18,4,0,2,0.5537960586643534,39.63998918243765,2798.9572171476784,1093.10594551266,27.09646760865453,3277.3649944723584,47.214590553798445,3090.4107470622166,1970.67
2026-01-16 19:00:00,19,4,0,2,0.4648390849267803,44.19226938849947,2932.356419977227,1149.231870167787,28.573574788371758,2798.9572171476784,39.63998918243765,3002.892877199088,1849.61
2026-01-16 20:00:00,20,4,0,2,0.44196200662656304,41.51647050837789,2749.0972527467397,1095.4200627025605,27.390014807037375,2932.356419977227,44.19226938849947,2826.8036299572145,1586.0
2026-01-16 21:00:00,21,4,0,2,0.43278253141065,39.595232812636326,2608.360844839168,1154.5408292655266,28.624216846071167,2749.0972527467397,41.51647050837789,2763.271505854378,1588.17
2026-01-16 22:00:00,22,4,0,2,0.3975220855138038,43.240440323514704,3025.7721752033844,1171.2957549869177,26.843182383423475,2608.360844839168,39.595232812636326,2794.4100909297645,1692.65
2026-01-16 23:00:00,23,4,0,2,0.43425528388591517,42.92031024040463,3000.7713836549556,1128.1000109281633,29.05984194931877,3025.7721752033844,43.240440323514704,2878.301467899169,1768.04
2026-01-17 00:00:00,0,5,1,3,0.44357379023910454,36.49350770220933,2711.4914696122196,1095.6861536069212,27.09506339046187,3000.7713836549556,42.92031024040463,2912.67834282352,1610.46
2026-01-17 01:00:00,1,5,1,3,0.4840129263634075,29.515359388762437,2312.752038932063,1093.8279327610887,26.542776412049175,2711.4914696122196,36.49350770220933,2675.004964066413,1483.57
2026-01-17 02:00:00,2,5,1,3,0.5168351195155432,23.17833874736017,2211.8574131382175,1070.0833175451237,24.849040207875404,2312.752038932063,29.515359388762437,2412.0336405608336,1499.06
2026-01-17 03:00:00,3,5,1,3,0.5812887504699648,26.0232909854017,2112.9538749928984,1033.9433706651214,26.32919603197837,2211.8574131382175,23.17833874736017,2212.5211090210596,1582.17
2026-01-17 04:00:00,4,5,1,3,0.5990084767637209,31.574841534002893,2535.500177494995,1063.135487807594,26.80593696833094,2112.9538749928984,26.0232909854017,2286.7704885420367,1916.54
2026-01-17 05:00:00,5,5,1,3,0.6046965932011048,35.30954970504474,2584.280589328268,1058.1795129530965,25.798934649192926,2535.500177494995,31.574841534002893,2410.9115472720537,1912.83
2026-01-17 06:00:00,6,5,1,3,0.6320317065730328,22.449058407167147,1937.205536561001,1050.0228570870202,24.442922953840846,2584.280589328268,35.30954970504474,2352.3287677947546,1541.75
2026-01-17 07:00:00,7,5,1,3,0.6888333327962467,21.420264652013344,2035.0155462187317,1052.3467556944756,24.49591812333792,1937.205536561001,22.449058407167147,2185.500557369334,1714.35
2026-01-17 08:00:00,8,5,1,1,0.6748388923894085,46.548378113801235,3443.833349363135,1102.4453715086731,30.06645851864247,2035.0155462187317,21.420264652013344,2472.0181440476226,2801.97
2026-01-17 09:00:00,9,5,1,1,0.7518587909975566,41.363649620798164,3204.200964047948,1104.0746258627887,27.264937780910415,3443.833349363135,46.548378113801235,2894.349953209938,2837.55
2026-01-17 10:00:00,10,5,1,1,0.7435888024144257,36.96097543843272,2972.997305376216,1064.1625538141973,27.874768975381887,3204.200964047948,41.363649620798164,3207.0105395957667,2615.03
2026-01-17 11:00:00,11,5,1,1,0.7058461026383754,41.871201801428526,3179.6569112582642,1095.0148119496182,29.073225074040078,2972.997305376216,36.96097543843272,3118.951726894143,2715.33
2026-01-17 12:00:00,12,5,1,1,0.6669808659480039,30.774882913440926,2971.474370249294,1086.874958159421,27.944542536129287,3179.6569112582642,41.871201801428526,3041.3761956279245,2342.23
2026-01-17 13:00:00,13,5,1,1,0.7060723968494249,40.01181427309006,3242.6424397125934,1091.7102054254033,30.425137625642105,2971.474370249294,30.774882913440926,3131.257907073384,2782.01
2026-01-17 14:00:00,14,5,1,1,0.6477092030949475,41.1473741049508,3238.3710621210475,1107.0688475189959,29.72339753595542,3242.6424397125934,40.01181427309006,3150.8292906943116,2569.39
2026-01-17 15:00:00,15,5,1,1,0.6409909925538221,43.2349454883824,3258.9884459616146,1082.2569887548466,28.85431786378315,3238.3710621210475,41.1473741049508,3246.667315931752,2539.71
2026-01-17 16:00:00,16,5,1,2,0.5481114468241126,30.45136416697612,2491.1702515855254,1076.4802119110211,26.563927755615627,3258.9884459616146,43.2349454883824,2996.1765865560624,1764.5
2026-01-17 17:00:00,17,5,1,2,0.5317778332265716,34.299905064911755,2605.655101088003,1086.0927872635307,27.04031566540508,2491.1702515855254,30.45136416697612,2785.271266211714,1760.52
2026-01-17 18:00:00,18,5,1,2,0.5101048739943637,30.761013808791446,2387.390191728499,1054.820073984337,26.44192683076185,2605.655101088003,34.299905064911755,2494.7385148006756,1575.84
2026-01-17 19:00:00,19,5,1,2,0.48194466250917817,34.89384314486011,2533.795222486795,1084.8500151373787,24.255194480158455,2387.390191728499,30.761013808791446,2508.9468384344323,1600.68
2026-01-17 20:00:00,20,5,1,2,0.4497551340405937,30.866287871729416,2379.272873708301,1077.9725234995037,25.569078024104453,2533.795222486795,34.89384314486011,2433.4860959745315,1472.12
2026-01-17 21:00:00,21,5,1,2,0.4572273829664804,32.57164706293923,2085.2730295268984,1059.9148845290233,23.169583216590883,2379.272873708301,30.866287871729416,2332.780375240665,1305.19
2026-01-17 22:00:00,22,5,1,2,0.4186475914123481,30.514646118234197,2398.431176036256,1035.152020872892,27.528707723738904,2085.2730295268984,32.57164706293923,2287.6590264238184,1383.87
2026-01-17 23:00:00,23,5,1,2,0.4419227946191045,36.2789768463828,2573.9368284739826,1140.2552682027017,26.506770004243094,2398.431176036256,30.514646118234197,2352.5470113457122,1556.97
2026-01-18 00:00:00,0,6,1,3,0.46116235610441647,31.004578908298328,2586.326450667371,1058.1864980154364,26.389079029275685,2573.9368284739826,36.2789768463828,2519.5648183925364,1575.76
2026-01-18 01:00:00,1,6,1,3,0.49129382731505833,27.17882800514905,2225.3685487291177,1056.296309440924,26.494051960870273,2586.326450667371,31.004578908298328,2461.8772759568237,1485.67
2026-01-18 02:00:00,2,6,1,3,0.5242322975617778,28.1338329823601,2123.346873862009,1087.8063253049484,25.584612669813215,2225.3685487291177,27.17882800514905,2311.680624419499,1501.93
2026-01-18 03:00:00,3,6,1,3,0.5212724918488897,22.929930048782595,2025.8612336998426,1129.9460998843924,23.398509361744427,2123.346873862009,28.1338329823601,2124.858885430323,1403.89
2026-01-18 04:00:00,4,6,1,3,0.5493177165852875,26.951131731976247,2087.2663977314305,1026.6923656806835,24.872468224071927,2025.8612336998426,22.929930048782595,2078.8248350977606,1490.92
2026-01-18 05:00:00,5,6,1,3,0.6417882027523231,27.824283840353893,2308.9016627014207,1072.5428157045783,25.29413850779974,2087.2663977314305,26.951131731976247,2140.6764313775643,1851.75
2026-01-18 06:00:00,6,6,1,3,0.6566462802395917,37.17277581860491,2707.6885955579596,1081.002296142067,24.9321891855326,2308.9016627014207,27.824283840353893,2367.9522186636036,2182.76
2026-01-18 07:00:00,7,6,1,3,0.6640252186349855,24.10811540979043,2199.8059491735617,1032.962704024744,24.50435501736056,2707.6885955579596,37.17277581860491,2405.465402477647,1802.7
2026-01-18 08:00:00,8,6,1,1,0.7322665960402719,45.12462033563353,3235.7021001001613,1112.4931808173644,28.56542528058078,2199.8059491735617,24.10811540979043,2714.3988816105607,2861.39
2026-01-18 09:00:00,9,6,1,1,0.7175431083663266,43.489005707130325,3261.0862283682422,1095.8146486335067,28.732346310103928,3235.7021001001613,45.12462033563353,2898.8647592139882,2795.03
2026-01-18 10:00:00,10,6,1,1,0.7435859436812765,40.98222741571548,2980.397618256,1112.8966256182455,26.15598101910723,3261.0862283682422,43.489005707130325,3159.061982241468,2662.88
2026-01-18 11:00:00,11,6,1,1,0.7165799853086717,46.15517169468296,3461.162100091699,1097.758119602526,30.919205699962635,2980.397618256,40.98222741571548,3234.21531557198,2959.73
2026-01-18 12:00:00,12,6,1,1,0.7424585150274612,41.30236915412402,3220.871153588396,1138.8796657792927,28.613713507958263,3461.162100091699,46.15517169468296,3220.8102906453646,2840.56
2026-01-18 13:00:00,13,6,1,1,0.7141017662149807,41.36205718483775,3220.7891758410074,1116.8233021401852,28.7810276114627,3220.871153588396,41.30236915412402,3300.9408098403674,2753.97
2026-01-18 14:00:00,14,6,1,1,0.6450207170304184,39.81407771443859,3091.8277809125693,1119.8171851802904,28.786862569049703,3220.7891758410074,41.36205718483775,3177.8293701139905,2447.67
2026-01-18 15:00:00,15,6,1,1,0.6356660853334399,44.28249108846519,3342.4848458755887,1115.475249055205,28.195924648234225,3091.8277809125693,39.81407771443859,3218.367267543055,2556.38
2026-01-18 16:00:00,16,6,1,2,0.5929075189917029,37.83764231833809,2895.2145973222455,1092.1704709180588,28.19834249216672,3342.4848458755887,44.28249108846519,3109.842408036801,2163.75
2026-01-18 17:00:00,17,6,1,2,0.571137964836294,31.810129493763256,2397.2445163743046,1084.4296156042362,25.550325479359195,2895.2145973222455,37.83764231833809,2878.3146531907128,1694.86
2026-01-18 18:00:00,18,6,1,2,0.4907015307883979,29.382634818904314,2338.8559888959044,1038.4292734654716,24.720283980876385,2397.2445163743046,31.810129493763256,2543.771700864151,1546.05
2026-01-18 19:00:00,19,6,1,2,0.4947260798338521,33.2895677691152,2367.695393708415,1074.2085102161275,26.58045497105453,2338.8559888959044,29.382634818904314,2367.931966326208,1592.23
2026-01-18 20:00:00,20,6,1,2,0.47992493320717033,31.199865024608236,2299.8026107155706,1053.3091222514715,27.456017332947404,2367.695393708415,33.2895677691152,2335.45133110663,1479.44
2026-01-18 21:00:00,21,6,1,2,0.40959559459106815,33.77766398884626,2531.7324746692784,1062.8464356906097,27.308903497080596,2299.8026107155706,31.199865024608236,2399.743493031088,1430.94
2026-01-18 22:00:00,22,6,1,2,0.41633482974668445,38.33103347139449,2857.3685318169805,1050.578177869937,28.632134850891784,2531.7324746692784,33.77766398884626,2562.96787240061,1612.47
2026-01-18 23:00:00,23,6,1,2,0.40398574076432836,32.39944420719623,2427.221290413642,1113.0809415657848,25.465980906837384,2857.3685318169805,38.33103347139449,2605.4407656333,1364.24
2026-01-19 00:00:00,0,0,0,3,0.45336830678128737,37.85011816540949,2674.945333925972,1084.2370038327936,24.99934077141776,2427.221290413642,32.39944420719623,2653.178385385532,1615.82
2026-01-19 01:00:00,1,0,0,3,0.49535589574980254,38.203079571829385,2670.312351391797,1131.8967196664064,28.6892061978258,2674.945333925972,37.85011816540949,2590.8263252438032,1773.26
2026-01-19 02:00:00,2,0,0,3,0.5400471410419205,40.969508087718495,2779.4570634460133,1140.5978403857314,29.73027474543909,2670.312351391797,38.203079571829385,2708.238249587928,1975.81
2026-01-19 03:00:00,3,0,0,3,0.5452472292940426,30.13588733105388,2391.511504582483,1038.3935566613031,27.82307314379856,2779.4570634460133,40.969508087718495,2613.760306473431,1680.88
2026-01-19 04:00:00,4,0,0,3,0.6125723109114258,35.87654896832146,2434.773786153028,1066.2959149814646,25.712969493734395,2391.511504582483,30.13588733105388,2535.2474513938414,1854.93
2026-01-19 05:00:00,5,0,0,3,0.588632637150055,38.73949292297815,2896.989930734024,1168.9705456758047,26.271071895972135,2434.773786153028,35.87654896832146,2574.425073823178,2157.61
2026-01-19 06:00:00,6,0,0,3,0.6159323512128968,42.20027634749401,2819.1617598616954,1162.5742539381547,26.118386628822172,2896.989930734024,38.73949292297815,2716.9751589162493,2200.21
2026-01-19 07:00:00,7,0,0,3,0.6778839953881842,36.27834143372828,2719.1537827703496,1094.3254029017105,25.04336686143097,2819.1617598616954,42.20027634749401,2811.7684911220226,2244.02
2026-01-19 08:00:00,8,0,0,1,0.7089248655086076,43.43206552885344,3102.0431171111395,1130.1625897758477,28.211289381611742,2719.1537827703496,36.27834143372828,2880.119553247728,2663.21
2026-01-19 09:00:00,9,0,0,1,0.7145757207185877,52.16899006088148,3727.8653684052124,1142.904800169846,32.0,3102.0431171111395,43.43206552885344,3183.0207560955673,3226.15
2026-01-19 10:00:00,10,0,0,1,0.6786511579992024,47.7762316391103,3530.5637766977034,1151.9137444114497,29.598550764078986,3727.8653684052124,52.16899006088148,3453.4907540713516,2895.45
2026-01-19 11:00:00,11,0,0,1,0.7134472148902137,45.836166693183735,3408.7317498339758,1115.415119254673,29.725226646531183,3530.5637766977034,47.7762316391103,3555.720298312297,2920.28
2026-01-19 12:00:00,12,0,0,1,0.6751541665197244,47.81479113600371,3332.334178504192,1090.450320436555,30.758496952179023,3408.7317498339758,45.836166693183735,3423.87656834529,2764.63
2026-01-19 13:00:00,13,0,0,1,0.6923884003427173,49.35416124820453,3550.8830389209734,1114.3777503300419,29.351362422204367,3332.334178504192,47.81479113600371,3430.6496557530468,2950.51
2026-01-19 14:00:00,14,0,0,1,0.6573319649219369,47.883393674116256,3312.785973167105,1142.0608933927297,31.48525765862053,3550.8830389209734,49.35416124820453,3398.667730197423,2700.4
2026-01-19 15:00:00,15,0,0,1,0.5974370705878057,42.28051880015326,3172.291755395355,1090.8453943130482,30.964819140314795,3312.785973167105,47.883393674116256,3345.3202558278113,2363.06
2026-01-19 16:00:00,16,0,0,2,0.5697226616532661,47.13973168910496,3244.8174981243624,1136.8769901335816,28.65872472066463,3172.291755395355,42.28051880015326,3243.2984088956073,2362.72
2026-01-19 17:00:00,17,0,0,2,0.522581063247868,48.46206264447553,3276.3970502498883,1116.9817245920804,28.228282384009905,3244.8174981243624,47.13973168910496,3231.168767923202,2188.77
2026-01-19 18:00:00,18,0,0,2,0.5087464180545366,46.28032696968827,3084.436666740824,1115.562459816203,29.118141211471123,3276.3970502498883,48.46206264447553,3201.8837383716914,2075.24
2026-01-19 19:00:00,19,0,0,2,0.5001078970439081,40.01810015351314,2683.83771779735,1131.4015332743825,26.529095794968537,3084.436666740824,46.28032696968827,3014.8904782626873,1781.83
2026-01-19 20:00:00,20,0,0,2,0.4390419225434677,43.29477963118369,3025.7356088641686,1129.3661322157375,26.697919102399762,2683.83771779735,40.01810015351314,2931.3366644674475,1765.9
2026-01-19 21:00:00,21,0,0,2,0.4548513146298873,43.9771753966969,2981.2986413751237,1125.667091053954,29.475148522144657,3025.7356088641686,43.29477963118369,2896.9573226788802,1848.84
2026-01-19 22:00:00,22,0,0,2,0.42939484763255115,46.09578036346669,2795.87224456835,1156.357220780633,28.77931101329366,2981.2986413751237,43.9771753966969,2934.3021649358802,1689.59
2026-01-19 23:00:00,23,0,0,2,0.42891292767428346,46.33919171051328,3179.1792061310803,1147.3719816757368,28.783877944953208,2795.87224456835,46.09578036346669,2985.450030691518,1868.07
2026-01-20 00:00:00,0,1,0,3,0.45661583627108737,35.430391704275266,2591.4596866280235,1127.8856490983853,25.12276125095293,3179.1792061310803,46.33919171051328,2855.503712442484,1539.44
2026-01-20 01:00:00,1,1,0,3,0.46030020418549583,38.28698444744746,2867.2084498931044,1091.6514562319114,26.08192999818282,2591.4596866280235,35.430391704275266,2879.2824475507355,1733.31
2026-01-20 02:00:00,2,1,0,3,0.4989270138930564,39.60048141615334,2650.589201465764,1097.6610512014256,26.963972484322195,2867.2084498931044,38.28698444744746,2703.085779328964,1741.88
2026-01-20 03:00:00,3,1,0,3,0.5198077758338701,43.09537812751368,2558.0875581545956,1089.853780850271,25.927113285775945,2650.589201465764,39.60048141615334,2691.9617365044874,1738.03
2026-01-20 04:00:00,4,1,0,3,0.6192945026583278,40.46577288938653,2854.449843023816,1101.1385736232355,27.105521291509458,2558.0875581545956,43.09537812751368,2687.7088675480586,2191.36
2026-01-20 05:00:00,5,1,0,3,0.6169399373537874,40.761698405814315,2869.264069463481,1137.1660409808183,28.79056935095028,2854.449843023816,40.46577288938653,2760.6004902139643,2225.03
2026-01-20 06:00:00,6,1,0,3,0.6360054898401482,38.29339319775276,2520.3220985861,1135.6732570975644,27.280888842860737,2869.264069463481,40.761698405814315,2748.012003691132,2045.43
2026-01-20 07:00:00,7,1,0,3,0.6832745475808011,42.93660700821226,2814.727369865559,1145.7540572350158,29.036195782815668,2520.3220985861,38.29339319775276,2734.771179305046,2376.44
2026-01-20 08:00:00,8,1,0,1,0.6989969955360048,51.43416978585824,3945.163769610009,1110.881882479697,29.961798030647323,2814.727369865559,42.93660700821226,3093.4044126872227,3269.01
2026-01-20 09:00:00,9,1,0,1,0.7108102236898051,46.986192314392504,3377.705380449206,1165.0233995740884,28.847188052406633,3945.163769610009,51.43416978585824,3379.1988399749243,2931.24
2026-01-20 10:00:00,10,1,0,1,0.7322833340008684,54.91179489543817,3858.7458474598634,1123.6842139999508,31.77326419275168,3377.705380449206,46.986192314392504,3727.204999173026,3370.71
2026-01-20 11:00:00,11,1,0,1,0.7303797698814156,52.44266145388659,3581.840586140691,1182.2235789186052,30.477162629684443,3858.7458474598634,54.91179489543817,3606.09727134992,3177.62
2026-01-20 12:00:00,12,1,0,1,0.6906335335776108,48.44934592605031,3229.384218809885,1134.602770539925,30.603470521804763,3581.840586140691,52.44266145388659,3556.656884136813,2762.02
2026-01-20 13:00:00,13,1,0,1,0.667478584553223,48.32177461410265,3454.0488680191106,1160.850431304757,30.018140273815252,3229.384218809885,48.44934592605031,3421.7578909898953,2846.39
2026-01-20 14:00:00,14,1,0,1,0.644498966056967,51.03801440799267,3564.8381011253373,1120.8408489346064,32.0,3454.0488680191106,48.32177461410265,3416.090395984777,2860.26
2026-01-20 15:00:00,15,1,0,1,0.5701962430196412,51.621146783436544,3574.96621661444,1185.7637779513998,30.564575417449237,3564.8381011253373,51.03801440799267,3531.2843952529624,2573.0
2026-01-20 16:00:00,16,1,0,2,0.5496961787560289,44.690522929709225,2997.316631576148,1092.1377230662147,29.265656375693553,3574.96621661444,51.621146783436544,3379.040316438642,2098.29
2026-01-20 17:00:00,17,1,0,2,0.5711028190345375,45.089580357050096,3060.743308664731,1113.6469486568708,27.814259759407758,2997.316631576148,44.690522929709225,3211.008718951773,2227.57
2026-01-20 18:00:00,18,1,0,2,0.5428993542700257,49.949850811017335,3229.7292523453234,1124.8470375498434,28.782908828745196,3060.743308664731,45.089580357050096,3095.9297308620676,2263.23
2026-01-20 19:00:00,19,1,0,2,0.4760243298427558,47.7504010328221,2997.0873063233107,1097.1444828107258,29.08342430568507,3229.7292523453234,49.949850811017335,3095.8532891111213,1919.58
2026-01-20 20:00:00,20,1,0,2,0.4702875827312939,44.66722456942759,3068.3672806116742,1131.0320874674221,30.163464740083914,2997.0873063233107,47.7504010328221,3098.394613093436,1970.89
2026-01-20 21:00:00,21,1,0,2,0.4509953874104011,47.294587032686195,2894.331805832188,1184.3305760766689,28.5228570252802,3068.3672806116742,44.66722456942759,2986.595464255724,1815.67
2026-01-20 22:00:00,22,1,0,2,0.5015776161691047,40.38616633765361,2571.3345903203085,1178.2172959086147,26.47130917474615,2894.331805832188,47.294587032686195,2844.6778922547237,1761.92
2026-01-20 23:00:00,23,1,0,2,0.4671618825482219,45.392744674813834,3131.3751697308107,1133.9998733764116,30.090719267870046,2571.3345903203085,40.38616633765361,2865.680521961102,1936.81
2026-01-21 00:00:00,0,2,0,3,0.4561980916405632,44.332572224065885,3055.8081827392075,1155.2473207729515,25.555652888261502,3131.3751697308107,45.392744674813834,2919.505980930109,1897.31
2026-01-21 01:00:00,1,2,0,3,0.46189424182187483,37.236839366126695,2668.770327666817,1104.7497234127202,25.189219690414475,3055.8081827392075,44.332572224065885,2951.9845600456115,1633.7
2026-01-21 02:00:00,2,2,0,3,0.47787107359484854,35.0332812498332,2409.0438356718855,1102.605204868538,26.848107187308354,2668.770327666817,37.236839366126695,2711.2074486926363,1557.56
2026-01-21 03:00:00,3,2,0,3,0.5478346064029915,35.71768888992429,2522.3466871657038,1084.3170392815161,26.424752318056097,2409.0438356718855,35.0332812498332,2533.386950168135,1778.17
2026-01-21 04:00:00,4,2,0,3,0.5648729850943139,34.18628436930164,2506.853186896193,1091.6220606127715,27.082793671002975,2522.3466871657038,35.71768888992429,2479.4145699112605,1809.5
2026-01-21 05:00:00,5,2,0,3,0.5877895921223993,35.253333321553036,2394.892723240993,1104.4503009013729,26.06026477105497,2506.853186896193,34.18628436930164,2474.6975324342966,1800.58
2026-01-21 06:00:00,6,2,0,3,0.6370685423151494,36.7032216549349,2562.9615355092824,1082.3513933978313,27.228339951888923,2394.892723240993,35.253333321553036,2488.2358152154893,2035.28
2026-01-21 07:00:00,7,2,0,3,0.6573639892938287,33.080515432874755,2566.9028350605654,1080.3847042341743,25.57905939834339,2562.9615355092824,36.7032216549349,2508.2523646036134,2044.37
2026-01-21 08:00:00,8,2,0,1,0.7349863892312727,50.054664168823614,3723.736531311769,1148.7579037003572,31.09703840766819,2566.9028350605654,33.080515432874755,2951.2003006272057,3247.66
2026-01-21 09:00:00,9,2,0,1,0.7328624108194585,53.15797010825327,3641.776484552371,1183.2919633662761,31.332552382357004,3723.736531311769,50.054664168823614,3310.805283641568,3263.71
2026-01-21 10:00:00,10,2,0,1,0.7198405471736676,46.82285336948578,3497.807004144792,1110.640609187251,31.124017405200117,3641.776484552371,53.15797010825327,3621.10667333631,3029.85
2026-01-21 11:00:00,11,2,0,1,0.74482849845827,55.31749373274619,3559.6000095030827,1169.9814197157934,32.0,3497.807004144792,46.82285336948578,3566.3944994000817,3233.51
2026-01-21 12:00:00,12,2,0,1,0.7027909226827738,51.78777230984658,3709.5839028767296,1204.9512259657038,30.65819780845863,3559.6000095030827,55.31749373274619,3588.996972174868,3185.22
2026-01-21 13:00:00,13,2,0,1,0.6617692653395513,53.6070320496842,3615.8426324684915,1193.5296320133853,30.381502079111584,3709.5839028767296,51.78777230984658,3628.3421816161012,2983.57
2026-01-21 14:00:00,14,2,0,1,0.680462481545393,47.69757906151752,3483.272531773245,1174.5197924682877,27.78310148223553,3615.8426324684915,53.6070320496842,3602.8996890394883,2835.75
2026-01-21 15:00:00,15,2,0,1,0.627012867188046,52.99083829473315,3654.8574330742267,1162.5741491833835,29.545164428881314,3483.272531773245,47.69757906151752,3584.657532438654,2797.7
2026-01-21 16:00:00,16,2,0,2,0.5592550769134709,40.17823134861641,2966.470091861798,1118.7378644866162,27.656535150731393,3654.8574330742267,52.99083829473315,3368.20001890309,2089.13
2026-01-21 17:00:00,17,2,0,2,0.5399585601239749,47.11586625292778,3015.2817035809603,1163.5193691792842,29.31132247466816,2966.470091861798,40.17823134861641,3212.2030761723277,2125.5
2026-01-21 18:00:00,18,2,0,2,0.49248763493230485,44.60143768927736,3082.377451724901,1167.4121389953827,27.541390156842112,3015.2817035809603,47.11586625292778,3021.376415722553,1995.94
2026-01-21 19:00:00,19,2,0,2,0.45334905601459663,45.93637926994674,3033.5961715520193,1084.9554442577148,29.06759526220533,3082.377451724901,44.60143768927736,3043.7517756192933,1831.2
2026-01-21 20:00:00,20,2,0,2,0.4772799944208114,39.88541888031302,2775.8471922529266,1076.655642845006,27.250877913820368,3033.5961715520193,45.93637926994674,2963.9402718432816,1751.93
2026-01-21 21:00:00,21,2,0,2,0.482958717128933,40.867255552031885,2816.96403266233,1146.205124743194,27.17727837073672,2775.8471922529266,39.88541888031302,2875.4691321557584,1818.28
2026-01-21 22:00:00,22,2,0,2,0.41202864852361715,46.09029876388685,2972.5826718356147,1127.4389611613271,28.207281669078622,2816.96403266233,40.867255552031885,2855.131298916957,1687.59
2026-01-21 23:00:00,23,2,0,2,0.4560297690533418,40.6807819852153,2828.9433134258875,1095.9301082094091,26.96042339804955,2972.5826718356147,46.09029876388685,2872.8300059746107,1678.49
2026-01-22 00:00:00,0,3,0,3,0.445743592087742,39.62122202234693,2775.437204350993,1077.1308634144978,26.736612650125444,2828.9433134258875,40.6807819852153,2858.987729870832,1634.81
2026-01-22 01:00:00,1,3,0,3,0.4712625429585894,33.21501767738914,2523.6246252913193,1068.9846531709538,24.36633899735626,2775.437204350993,39.62122202234693,2709.3350476893997,1547.68
2026-01-22 02:00:00,2,3,0,3,0.49815212151522265,40.968609744333335,2853.728055978144,1078.8152068917377,27.214881804467012,2523.6246252913193,33.21501767738914,2717.596628540152,1844.12
2026-01-22 03:00:00,3,3,0,3,0.5264855182920507,33.686168398310215,2611.6369238774278,1137.0220304115528,26.12949463754629,2853.728055978144,40.968609744333335,2662.9965350489633,1769.16
2026-01-22 04:00:00,4,3,0,3,0.5809704325588965,39.93304978187833,2907.8082741102094,1109.1712978279988,27.07351705981514,2611.6369238774278,33.686168398310215,2791.057751321927,2115.53
2026-01-22 05:00:00,5,3,0,3,0.5996156639861321,40.189708267761006,2682.462073429909,1109.3100695269761,27.441787919874415,2907.8082741102094,39.93304978187833,2733.9690904725153,2025.99
2026-01-22 06:00:00,6,3,0,3,0.6554091365155967,35.561298635496485,2704.5111386682343,1106.9471114211817,27.805395472242726,2682.462073429909,40.189708267761006,2764.927162069451,2194.65
2026-01-22 07:00:00,7,3,0,3,0.6779901871771339,40.037092984796544,2659.3088130626616,1134.2070011708506,27.142996115779667,2704.5111386682343,35.561298635496485,2682.094008386935,2229.77
2026-01-22 08:00:00,8,3,0,1,0.6964645955924932,50.91154792166745,3661.562363051564,1177.2933956005356,31.399706105377916,2659.3088130626616,40.037092984796544,3008.460771594153,3078.31
2026-01-22 09:00:00,9,3,0,1,0.6970783424396375,48.114053503325415,3539.5010618139877,1169.296762610991,30.48901118370973,3661.562363051564,50.91154792166745,3286.7907459760704,2964.31
2026-01-22 10:00:00,10,3,0,1,0.7084645733886333,46.47005860573327,3161.794610258497,1120.1090956531616,28.185247939761553,3539.5010618139877,48.114053503325415,3454.2860117080163,2712.16
2026-01-22 11:00:00,11,3,0,1,0.7303374401969847,43.130810079145974,3252.0439631450977,1115.0765701926625,28.284719000959736,3161.794610258497,46.47005860573327,3317.779878405861,2818.86
2026-01-22 12:00:00,12,3,0,1,0.7112619002823091,51.22377516554893,3548.850348846464,1174.1208920482527,30.204887846941762,3252.0439631450977,43.130810079145974,3320.896307416686,3077.04
2026-01-22 13:00:00,13,3,0,1,0.6594438444701456,44.523190300232805,3212.491732558231,1114.9080346599405,29.396826307076388,3548.850348846464,51.22377516554893,3337.795348183264,2602.34
2026-01-22 14:00:00,14,3,0,1,0.6519866461085845,50.33370469804458,3727.1189910958865,1151.2071529914977,32.0,3212.491732558231,44.523190300232805,3496.153690833527,2964.95
2026-01-22 15:00:00,15,3,0,1,0.6312624087817886,49.07793124371213,3430.0654090905555,1156.2808190854687,30.862959017563302,3727.1189910958865,50.33370469804458,3456.558710914891,2673.48
2026-01-22 16:00:00,16,3,0,2,0.5466118943775725,46.37699971403369,2990.19975563735,1155.137625913894,27.317564910982565,3430.0654090905555,49.07793124371213,3382.461385274597,2125.33
2026-01-22 17:00:00,17,3,0,2,0.5546325375332457,42.942840751785475,2941.511226630958,1077.3293389478868,27.68262988595048,2990.19975563735,46.37699971403369,3120.5921304529543,2083.56
2026-01-22 18:00:00,18,3,0,2,0.4967475248210831,42.84693274778518,3010.3827432061435,1139.2563722383643,28.839830509921804,2941.511226630958,42.942840751785475,2980.6979084914838,1973.88
2026-01-22 19:00:00,19,3,0,2,0.4924170240057465,46.561547465009035,3078.2718056041913,1130.403088413743,29.542503352351403,3010.3827432061435,42.84693274778518,3010.0552584804304,2039.59
2026-01-22 20:00:00,20,3,0,2,0.44349126033932823,45.17270310179441,3172.7361050610584,1148.3772551787872,29.702550379315944,3078.2718056041913,46.561547465009035,3087.1302179571308,1912.17
2026-01-22 21:00:00,21,3,0,2,0.40867274230624007,45.106545850139725,3093.5116426919785,1149.8494757094295,28.23505207624231,3172.7361050610584,45.17270310179441,3114.839851119076,1766.34
2026-01-22 22:00:00,22,3,0,2,0.4074491512423367,45.64243656432984,2792.5242870270713,1172.7676227852983,25.803587107176018,3093.5116426919785,45.106545850139725,3019.590678260036,1616.0
2026-01-22 23:00:00,23,3,0,2,0.445732083252758,38.62549756877513,2674.61135497404,1138.3383314656305,25.716647531752088,2792.5242870270713,45.64243656432984,2853.5490948976967,1638.29
2026-01-23 00:00:00,0,4,0,3,0.46395089350460816,40.64876037995444,2761.7731651757463,1146.259333085075,27.533070767769118,2674.61135497404,38.62549756877513,2742.9696023922857,1724.7
2026-01-23 01:00:00,1,4,0,3,0.46291871813179514,40.14364077904761,2863.9871494686727,1146.6663210953463,27.957294526871458,2761.7731651757463,40.64876037995444,2766.7905565394863,1777.81
2026-01-23 02:00:00,2,4,0,3,0.5227718491755475,34.44160904998226,2234.8943604843084,1095.0509108203278,24.131232620159764,2863.9871494686727,40.14364077904761,2620.218225042909,1559.09
2026-01-23 03:00:00,3,4,0,3,0.5105349324402678,37.1457183421403,2977.43849044244,1099.3875005444822,27.978278501208596,2234.8943604843084,34.44160904998226,2692.1066667984737,1955.62
2026-01-23 04:00:00,4,4,0,3,0.5786784040270536,37.862424493303294,2767.5322335859537,1123.2701250526716,27.982576673652652,2977.43849044244,37.1457183421403,2659.9550281709003,2053.86
2026-01-23 05:00:00,5,4,0,3,0.5920143423191038,37.52926125459393,2706.68197292685,1118.4190688042015,25.640801254080927,2767.5322335859537,37.862424493303294,2817.217565651748,2043.25
2026-01-23 06:00:00,6,4,0,3,0.6369632778439567,39.16850988298987,2904.3710707048417,1098.947383613503,29.00723354451477,2706.68197292685,37.52926125459393,2792.861759072548,2266.41
2026-01-23 07:00:00,7,4,0,3,0.6799429227924448,43.00978373640914,3216.6787544759263,1132.1597201658433,28.269225136647965,2904.3710707048417,39.16850988298987,2942.5772660358725,2635.87
2026-01-23 08:00:00,8,4,0,1,0.6840352892241424,53.7861835468549,3824.8678569590793,1164.2673225178046,32.0,3216.6787544759263,43.00978373640914,3315.305894046616,3176.24
2026-01-23 09:00:00,9,4,0,1,0.707538504795873,45.40723282299008,3457.1830486111485,1110.2806085804589,28.883800560439415,3824.8678569590793,53.7861835468549,3499.576553348718,2904.29
2026-01-23 10:00:00,10,4,0,1,0.7401258561842888,52.17724496607117,3663.6588264089282,1190.9704983986933,28.980245508568746,3457.1830486111485,45.40723282299008,3648.5699106597185,3314.67
2026-01-23 11:00:00,11,4,0,1,0.7036917782900065,54.65126661837393,3742.323907422793,1169.985047536748,29.92464863693258,3663.6588264089282,52.17724496607117,3621.05526081429,3187.28
2026-01-23 12:00:00,12,4,0,1,0.7179573987711242,51.35382982241221,3553.8268887279614,1206.6330257321201,29.73191188140042,3742.323907422793,54.65126661837393,3653.2698741865606,3095.78
2026-01-23 13:00:00,13,4,0,1,0.6564008122729642,53.818431488150885,3622.6959779610447,1124.636419197608,29.609477371744376,3553.8268887279614,51.35382982241221,3639.6155913705993,2884.91
2026-01-23 14:00:00,14,4,0,1,0.6605960835583056,57.04294655995268,3784.490903233931,1164.2523169187266,30.355767971558702,3622.6959779610447,53.818431488150885,3653.6712566409788,3044.12
2026-01-23 15:00:00,15,4,0,1,0.6450660387275109,53.582983411374435,3549.1675377906918,1165.1479045627696,30.231316638913736,3784.490903233931,57.04294655995268,3652.118139661889,2829.95
2026-01-23 16:00:00,16,4,0,2,0.5305671099974542,44.87258008474605,3010.1615297313692,1157.924847779707,27.82845652201555,3549.1675377906918,53.582983411374435,3447.9399902519967,2082.46
2026-01-23 17:00:00,17,4,0,2,0.5278274285762375,47.65780965929664,2942.4413254011824,1150.6179729522412,27.72880287859487,3010.1615297313692,44.87258008474605,3167.256797641081,2033.54
2026-01-23 18:00:00,18,4,0,2,0.5215414425436108,44.507107415839116,3025.7298166100054,1135.7902485178754,26.034694376323568,2942.4413254011824,47.65780965929664,2992.7775572475184,2029.11
2026-01-23 19:00:00,19,4,0,2,0.47694414291302345,44.08366065149735,2979.4050563522997,1098.1530477921356,28.401387807053567,3025.7298166100054,44.507107415839116,2982.525399454496,1905.99
2026-01-23 20:00:00,20,4,0,2,0.46617936093760476,42.770050175001934,2942.28449368149,1092.1566657692708,27.7005710217083,2979.4050563522997,44.08366065149735,2982.4731222145983,1843.77
2026-01-23 21:00:00,21,4,0,2,0.432690680585214,49.47194675591238,3163.581815613658,1155.9504035308971,30.477624295291637,2942.28449368149,42.770050175001934,3028.423788549149,1896.12
2026-01-23 22:00:00,22,4,0,2,0.4417317957494579,41.13549966920299,3220.320729535795,1080.439348831353,27.606924231081234,3163.581815613658,49.47194675591238,3108.7290129436474,1827.86
2026-01-23 23:00:00,23,4,0,2,0.4416568396116888,49.36328703637341,3384.561824658441,1134.1562043882604,27.11191835466205,3220.320729535795,41.13549966920299,3256.154789935965,1988.99
2026-01-24 00:00:00,0,5,1,3,0.4821120847033747,29.7495244330913,2189.3834994789418,1081.5210309595118,26.039627190979193,3384.561824658441,49.36328703637341,2931.4220178910596,1462.68
2026-01-24 01:00:00,1,5,1,3,0.48609346749990756,23.102428388193204,2067.553447959922,1017.8516067458534,25.307677248508675,2189.3834994789418,29.7495244330913,2547.166257365768,1348.36
2026-01-24 02:00:00,2,5,1,3,0.5167520532415041,29.286772525469974,2244.94402649367,1107.2809891609252,24.273027130341525,2067.553447959922,23.102428388193204,2167.293657977511,1545.65
2026-01-24 03:00:00,3,5,1,3,0.5355277943631978,20.649907223219316,1807.5082578399795,1063.1980374988245,22.189328780128356,2244.94402649367,29.286772525469974,2040.001910764524,1296.94
2026-01-24 04:00:00,4,5,1,3,0.57024787551855,30.189278058908624,2197.708864116016,1031.471612277177,27.1705722905412,1807.5082578399795,20.649907223219316,2083.3870494832213,1619.14
2026-01-24 05:00:00,5,5,1,3,0.6075835025579605,31.09831019046147,2451.2899614618764,1051.0839596822962,27.867899006934394,2197.708864116016,30.189278058908624,2152.1690278059573,1884.96
2026-01-24 06:00:00,6,5,1,3,0.6578890428475659,25.926754155217814,2084.9383087764527,996.5625855084975,21.96484625214082,2451.2899614618764,31.09831019046147,2244.6457114514483,1646.72
2026-01-24 07:00:00,7,5,1,3,0.6705752597497113,28.43241693584454,2395.5978849960284,1044.1648836796746,25.435458648212293,2084.9383087764527,25.926754155217814,2310.6087184114526,1961.39
2026-01-24 08:00:00,8,5,1,1,0.7070390536677497,46.839551018126,3527.033661559323,1156.5179159868142,31.753809337605087,2395.5978849960284,28.43241693584454,2669.1899517772677,3043.67
2026-01-24 09:00:00,9,5,1,1,0.7567376316533783,38.229886535083224,3185.214620304119,1092.5721725834615,28.046106998346957,3527.033661559323,46.839551018126,3035.94872228649,2828.91
2026-01-24 10:00:00,10,5,1,1,0.7374224940686338,36.293823445301896,2830.935643109693,1106.6952248716068,26.847717462866996,3185.214620304119,38.229886535083224,3181.0613083243784,2489.5
2026-01-24 11:00:00,11,5,1,1,0.7087091450371127,45.1858219086191,3390.4058591709004,1092.6849296774328,28.96204167074776,2830.935643109693,36.293823445301896,3135.5187075282374,2869.35
2026-01-24 12:00:00,12,5,1,1,0.7252678349731003,46.869055166857784,3485.0019885056763,1157.4256020319788,28.27159692649713,3390.4058591709004,45.1858219086191,3235.4478302620896,3017.28
2026-01-24 13:00:00,13,5,1,1,0.6708334419056856,40.01293485146746,3043.6806873035603,1096.174008707661,26.099871397938216,3485.0019885056763,46.869055166857784,3306.3628449933785,2476.96
2026-01-24 14:00:00,14,5,1,1,0.6092375092964428,43.54012062392925,3166.692793189671,1124.4647245527894,29.818699416847267,3043.6806873035603,40.01293485146746,3231.7918229996358,2400.12
2026-01-24 15:00:00,15,5,1,1,0.5960729400960048,44.69516570435808,3504.42493658923,1126.458800282606,27.469892167800225,3166.692793189671,43.54012062392925,3238.2661390274866,2588.5
2026-01-24 16:00:00,16,5,1,2,0.5425841615794829,31.401305186115657,2440.358238463051,1043.8165077221556,26.43125320407401,3504.42493658923,44.69516570435808,3037.1586560806504,1667.01
2026-01-24 17:00:00,17,5,1,2,0.5367350640048208,32.30142957621246,2529.8804610149696,1050.3786100113552,27.49683026135908,2440.358238463051,31.401305186115657,2824.887878689083,1767.09
2026-01-24 18:00:00,18,5,1,2,0.510368367583791,38.30806079604157,2625.21361440252,1127.427104909252,25.00924048932701,2529.8804610149696,32.30142957621246,2531.81743796018,1745.02
2026-01-24 19:00:00,19,5,1,2,0.5145337968793889,39.897549975479784,2649.075612913927,1119.5650038394615,25.721129959932338,2625.21361440252,38.30806079604157,2601.389896110472,1756.16
2026-01-24 20:00:00,20,5,1,2,0.46529499094546184,35.97008301061024,2550.3197625384078,1120.1315580812766,27.956880901197934,2649.075612913927,39.897549975479784,2608.202996618285,1624.79
2026-01-24 21:00:00,21,5,1,2,0.44038837374335316,30.92064976274281,2376.546672836627,1081.7990549385343,26.561292307061205,2550.3197625384078,35.97008301061024,2525.3140160963203,1426.59
2026-01-24 22:00:00,22,5,1,2,0.45658811162366975,40.95471389094804,2715.25572427458,1117.3936214340226,26.310109565993937,2376.546672836627,30.92064976274281,2547.374053216538,1654.65
2026-01-24 23:00:00,23,5,1,2,0.40054767813937264,32.141601857658124,2445.1907065565697,1035.4161419639634,27.593334492555304,2715.25572427458,40.95471389094804,2512.3310345559253,1323.41
2026-01-25 00:00:00,0,6,1,3,0.46346873463234983,26.827017765899917,2004.5951768972764,1050.5489036445706,26.129826791136082,2445.1907065565697,32.141601857658124,2388.3472025761416,1280.69
2026-01-25 01:00:00,1,6,1,3,0.49642235451162264,29.198182420713675,2179.5125182357306,1066.1081216727612,25.587904959071285,2004.5951768972764,26.827017765899917,2209.7661338965254,1464.67
2026-01-25 02:00:00,2,6,1,3,0.48042827508440317,33.43956147250171,2585.2896160558016,1132.5859258468213,25.53743978007094,2179.5125182357306,29.198182420713675,2256.4657703962694,1662.55
2026-01-25 03:00:00,3,6,1,3,0.5666404145497856,30.988915917932783,2466.9560787403225,1091.1295794741982,25.727048484968254,2585.2896160558016,33.43956147250171,2410.5860710106176,1781.46
2026-01-25 04:00:00,4,6,1,3,0.5867699281498883,29.452029251266687,2278.3161044605768,1106.209646547805,25.938051107615056,2466.9560787403225,30.988915917932783,2443.5205997522335,1731.61
2026-01-25 05:00:00,5,6,1,3,0.6079289080363368,29.621509855413372,2210.836226404367,1083.4244820690217,25.143140293037572,2278.3161044605768,29.452029251266687,2318.702803201755,1712.31
2026-01-25 06:00:00,6,6,1,3,0.6626556373221256,28.15230134025213,2143.5651341282246,1044.8266246872715,26.271965727642574,2210.836226404367,29.621509855413372,2210.9058216643894,1747.31
2026-01-25 07:00:00,7,6,1,3,0.7244088065222045,29.953488300814772,2303.114784023707,1072.7420586070054,23.84132038394782,2143.5651341282246,28.15230134025213,2219.172048185433,1994.19
2026-01-25 08:00:00,8,6,1,1,0.7048808816309913,31.14653972806994,2778.9365067605822,1080.4917500688855,25.47000545432245,2303.114784023707,29.953488300814772,2408.538808304171,2330.83
2026-01-25 09:00:00,9,6,1,1,0.7201940274064762,38.96187389325571,3164.673808157826,1082.3686063287557,28.76595802763834,2778.9365067605822,31.14653972806994,2748.9083663140386,2710.6
2026-01-25 10:00:00,10,6,1,1,0.7108127820091951,40.844626772208734,3078.424396491557,1103.768822674012,27.671561358403572,3164.673808157826,38.96187389325571,3007.3449038033214,2647.32
2026-01-25 11:00:00,11,6,1,1,0.6982327282911737,35.97145070733173,2780.2961907117538,1088.7416279873976,26.51519563140189,3078.424396491557,40.844626772208734,3007.7981317870453,2363.44
2026-01-25 12:00:00,12,6,1,1,0.7178502728607064,41.35213161234046,3192.9871590992807,1155.5490222634899,26.52162246732166,2780.2961907117538,35.97145070733173,3017.235915434197,2761.76
2026-01-25 13:00:00,13,6,1,1,0.6618732728479393,39.284350726548574,2968.971586219584,1055.1188897714198,27.920026967823098,3192.9871590992807,41.35213161234046,2980.7516453435396,2375.88
2026-01-25 14:00:00,14,6,1,1,0.6514313247443878,46.14416494410422,3314.2971058213457,1164.7221202943178,28.98435088980357,2968.971586219584,39.284350726548574,3158.75195038007,2632.26
2026-01-25 15:00:00,15,6,1,1,0.6066815173790505,45.505569038252,3506.7837375737845,1108.6023952790235,30.473453903588034,3314.2971058213457,46.14416494410422,3263.3508098715715,2621.56
2026-01-25 16:00:00,16,6,1,2,0.5895795965149278,32.36968050808643,2555.889474291782,1045.1767423506055,26.602318940717772,3506.7837375737845,45.505569038252,3125.656772562304,1891.86
2026-01-25 17:00:00,17,6,1,2,0.550438575791386,33.47206800951657,2525.1999778984195,1113.386825289028,26.258208365772802,2555.889474291782,32.36968050808643,2862.624396587995,1748.61
2026-01-25 18:00:00,18,6,1,2,0.530750798885158,33.741183520370626,2365.7229782831514,1103.262185812342,27.298144025092242,2525.1999778984195,33.47206800951657,2482.270810157784,1650.64
2026-01-25 19:00:00,19,6,1,2,0.4708047226567884,32.41919183344132,2484.2312206013385,1111.0397348932952,24.705809971199535,2365.7229782831514,33.741183520370626,2458.3847255943033,1543.93
2026-01-25 20:00:00,20,6,1,2,0.45335894476431116,34.682587444098445,2688.235309878933,1108.7478984650331,27.604451428880203,2484.2312206013385,32.41919183344132,2512.7298362544743,1641.47
2026-01-25 21:00:00,21,6,1,2,0.42519511000388427,31.346012758893433,2365.49453425834,1126.8801760790088,23.87960518310671,2688.235309878933,34.682587444098445,2512.6536882462037,1373.92
2026-01-25 22:00:00,22,6,1,2,0.4311141347984777,30.042846327718657,2514.0617755457456,1084.1394812344868,25.37417166248485,2365.49453425834,31.346012758893433,2522.5972065610063,1455.79
2026-01-25 23:00:00,23,6,1,2,0.4523163941804274,36.17948928365094,2783.206452506477,1090.8060227315248,25.82216628254028,2514.0617755457456,30.042846327718657,2554.254254103521,1657.51
2026-01-26 00:00:00,0,0,0,3,0.47389621580308555,40.203353544776334,3008.798849372152,1119.386573612139,28.967660540449472,2783.206452506477,36.17948928365094,2768.6890258081244,1880.4
2026-01-26 01:00:00,1,0,0,3,0.4625617441503308,35.18489484119003,2619.949443037314,1121.8263075734092,26.654672529809904,3008.798849372152,40.203353544776334,2803.9849149719807,1617.65
2026-01-26 02:00:00,2,0,0,3,0.5273921184021132,41.1337440076691,2921.505484321831,1095.0505928991736,27.72214772089453,2619.949443037314,35.18489484119003,2850.0845922437657,1967.72
2026-01-26 03:00:00,3,0,0,3,0.5708780908617461,35.78947794792134,2780.228982256191,1076.8606972284008,25.939350355578632,2921.505484321831,41.1337440076691,2773.894636538445,1961.64
2026-01-26 04:00:00,4,0,0,3,0.588268698064474,38.886078333132936,2803.560797439259,1097.8203129675842,26.9855704630114,2780.228982256191,35.78947794792134,2835.0984213390934,2083.01
2026-01-26 05:00:00,5,0,0,3,0.6537705825655142,40.871204044143596,2779.0560890516363,1060.8702462074411,26.347361932867855,2803.560797439259,38.886078333132936,2787.615289582362,2239.94
2026-01-26 06:00:00,6,0,0,3,0.6345242160179284,37.88235602353701,2650.880880675822,1104.9813843045868,27.296415620077802,2779.0560890516363,40.871204044143596,2744.4992557222395,2094.85
2026-01-26 07:00:00,7,0,0,3,0.6541018552998883,39.59159319249397,2810.2482881150772,1061.2131551712002,26.178184931318988,2650.880880675822,37.88235602353701,2746.728419280845,2274.11
2026-01-26 08:00:00,8,0,0,1,0.6656691515517358,48.192496246393496,3313.794960454161,1144.0964678088894,30.64173643975996,2810.2482881150772,39.59159319249397,2924.9747097483537,2713.03
2026-01-26 09:00:00,9,0,0,1,0.7451505019102531,49.31236695800166,3501.8654432663716,1168.881711735388,27.662188271338994,3313.794960454161,48.192496246393496,3208.6362306118695,3143.53
2026-01-26 10:00:00,10,0,0,1,0.7330873131270811,49.27949199191881,3649.162793823977,1135.1960564515794,29.196052180465383,3501.8654432663716,49.31236695800166,3488.2743991815028,3163.58
2026-01-26 11:00:00,11,0,0,1,0.7141179222622605,47.386975787109165,3169.463448280079,1181.4757999031085,30.577518772892912,3649.162793823977,49.27949199191881,3440.163895123476,2749.48
2026-01-26 12:00:00,12,0,0,1,0.7068429290562178,49.38129042909476,3706.295921524606,1111.0126392309169,29.832153240860915,3169.463448280079,47.386975787109165,3508.30738787622,3123.99
2026-01-26 13:00:00,13,0,0,1,0.656485168420149,44.57983595397689,3440.777524173339,1158.1008608567033,27.891404016625835,3706.295921524606,49.38129042909476,3438.845631326008,2746.42
2026-01-26 14:00:00,14,0,0,1,0.6989150395923365,48.28096188500263,3417.471530925461,1160.0022739501835,29.65445764479674,3440.777524173339,44.57983595397689,3521.5149922078017,2901.74
2026-01-26 15:00:00,15,0,0,1,0.6188190899538574,49.002935773206154,3570.339009138894,1103.1109118850575,29.33065933980553,3417.471530925461,48.28096188500263,3476.1960214125647,2683.47
2026-01-26 16:00:00,16,0,0,2,0.5821878958920979,43.10337086626617,2940.029416210737,1190.183340941078,26.797053747293823,3570.339009138894,49.002935773206154,3309.279985425031,2193.11
2026-01-26 17:00:00,17,0,0,2,0.5582806661636209,43.15475893945227,3089.562996487994,1121.02540362021,26.983498348668185,2940.029416210737,43.10337086626617,3199.9771406125415,2167.43
2026-01-26 18:00:00,18,0,0,2,0.5196201846347343,43.783825300489546,3088.194115654422,1103.1982006480673,31.616028712265873,3089.562996487994,43.15475893945227,3039.262176117718,2085.19
2026-01-26 19:00:00,19,0,0,2,0.48548273111946594,45.678045313301226,2887.5035523165943,1097.5350013836046,27.323149560834352,3088.194115654422,43.783825300489546,3021.75355481967,1873.38
2026-01-26 20:00:00,20,0,0,2,0.44294695436127235,47.06080975946383,3188.2079287915735,1132.7427883463636,26.316678930239124,2887.5035523165943,45.678045313301226,3054.6351989208633,1883.15
2026-01-26 21:00:00,21,0,0,2,0.45419975146225033,41.72582170603106,2852.9866343342082,1113.7181150143754,29.302407158587336,3188.2079287915735,47.06080975946383,2976.2327051474585,1771.83
2026-01-26 22:00:00,22,0,0,2,0.47764048992950064,39.788797006138,2800.4357737383816,1111.7213262380435,28.068070998593956,2852.9866343342082,41.72582170603106,2947.2101122880545,1778.01
2026-01-26 23:00:00,23,0,0,2,0.4716787852426299,40.35284455714914,2728.4973769553335,1103.9664743229976,26.175231539294035,2800.4357737383816,39.788797006138,2793.9732616759743,1707.75
2026-01-27 00:00:00,0,1,0,3,0.4906201760029665,36.294789775817755,2843.0419882062993,1111.0097918561485,26.35706372093096,2728.4973769553335,40.35284455714914,2790.658379633338,1788.69
2026-01-27 01:00:00,1,1,0,3,0.47078073710525964,36.76827538764222,2779.379810832209,1087.3823557339879,28.072766724830572,2843.0419882062993,36.294789775817755,2783.6397253312803,1723.74
2026-01-27 02:00:00,2,1,0,3,0.4902079035948284,35.305013768308896,2499.953079897144,1042.8459521422237,26.036874940003138,2779.379810832209,36.76827538764222,2707.4582929785506,1538.83
2026-01-27 03:00:00,3,1,0,3,0.5412495952836541,33.46359167512537,2345.708352551414,1080.1203293092606,23.507854459703925,2499.953079897144,35.305013768308896,2541.680414426922,1625.84
2026-01-27 04:00:00,4,1,0,3,0.5811144982457739,36.40357710384034,2591.8802539554736,1036.4273670810294,28.784288804043847,2345.708352551414,33.46359167512537,2479.180562134677,1908.93
2026-01-27 05:00:00,5,1,0,3,0.6381184966837719,38.6349931703989,2790.715010198907,1113.3842384538802,26.78159481267054,2591.8802539554736,36.40357710384034,2576.101205568598,2222.56
2026-01-27 06:00:00,6,1,0,3,0.6161507074057035,40.082603130424474,2832.541842142648,1085.847906764632,29.236492224254405,2790.715010198907,38.6349931703989,2738.379035432343,2184.35
2026-01-27 07:00:00,7,1,0,3,0.7095859557553289,36.049019314120876,2772.5818081076286,1098.2800861293786,28.776061309917623,2832.541842142648,40.082603130424474,2798.612886816394,2405.15
2026-01-27 08:00:00,8,1,0,1,0.6980833985582416,48.55450762249798,3579.7432096741113,1177.0699050281069,28.731265912200996,2772.5818081076286,36.049019314120876,3061.622286641463,2968.77
2026-01-27 09:00:00,9,1,0,1,0.7066919942815211,46.75655591903441,3520.3932994468973,1113.3075062944376,30.974472168725434,3579.7432096741113,48.55450762249798,3290.906105742879,2983.64
2026-01-27 10:00:00,10,1,0,1,0.6997579124947966,49.889962903688286,3584.2709787392255,1176.0912580775562,29.165838869294333,3520.3932994468973,46.75655591903441,3561.469162620078,2996.26
2026-01-27 11:00:00,11,1,0,1,0.6821324822431541,47.03049978033215,3249.6566424896278,1127.2872599541747,26.59214810413403,3584.2709787392255,49.889962903688286,3451.4403068919164,2659.56
2026-01-27 12:00:00,12,1,0,1,0.7177069682090597,52.0059473463442,3616.783806847861,1201.8536594370164,29.546428223599634,3249.6566424896278,47.03049978033215,3483.5704760255708,3136.65
2026-01-27 13:00:00,13,1,0,1,0.6804613087098846,43.74946727823061,3395.9367963094173,1115.869053782967,29.79695432316293,3616.783806847861,52.0059473463442,3420.792415215635,2812.99
2026-01-27 14:00:00,14,1,0,1,0.6242007820051788,48.74129614641638,3487.1755751657797,1123.9528599479984,29.068634606290328,3395.9367963094173,43.74946727823061,3499.9653927743525,2677.2
2026-01-27 15:00:00,15,1,0,1,0.5903330908730805,51.0538756871711,3657.795250157549,1171.3964640085667,29.824192824748376,3487.1755751657797,48.74129614641638,3513.6358738775816,2689.32
2026-01-27 16:00:00,16,1,0,2,0.5732843060141974,44.64342080712876,2970.704138491258,1117.6789399879242,29.27462638221853,3657.795250157549,51.0538756871711,3371.891654604862,2179.1
2026-01-27 17:00:00,17,1,0,2,0.5771457641914349,53.42561782393174,3280.575380251907,1142.6662334425018,29.063044043854468,2970.704138491258,44.64342080712876,3303.0249229669043,2398.35
2026-01-27 18:00:00,18,1,0,2,0.504808172972728,45.22430008598768,3020.2922161839124,1118.951204076356,27.0556827470711,3280.575380251907,53.42561782393174,3090.5239116423586,1974.14
2026-01-27 19:00:00,19,1,0,2,0.4509421915715212,40.48580891105296,2858.947094161302,1110.828072339637,28.37226003560513,3020.2922161839124,45.22430008598768,3053.2715635323743,1747.65
2026-01-27 20:00:00,20,1,0,2,0.4538415821884597,43.665875135188244,2886.281854748098,1158.2180038218742,27.858150196172087,2858.947094161302,40.48580891105296,2921.8403883644373,1761.13
2026-01-27 21:00:00,21,1,0,2,0.439315912924577,37.78313783286742,2671.9558530962336,1052.7803576949802,23.880593748566326,2886.281854748098,43.665875135188244,2805.728267335211,1561.01
2026-01-27 22:00:00,22,1,0,2,0.38606226714116854,43.71790087746134,2854.5699504474424,1125.4486199836058,28.029256664683878,2671.9558530962336,37.78313783286742,2804.2692194305914,1560.1
2026-01-27 23:00:00,23,1,0,2,0.4436844869891741,41.084303800497345,2983.1030611300716,1129.9598050683405,28.41387131969289,2854.5699504474424,43.71790087746134,2836.542954891249,1801.19
2026-01-28 00:00:00,0,2,0,3,0.45413775286600494,41.20386596446057,2818.8392774901617,1119.6516782326373,27.42027628046424,2983.1030611300716,41.084303800497345,2885.5040963558918,1747.85
2026-01-28 01:00:00,1,2,0,3,0.4949291779301517,36.07660903891563,2797.7780721663453,1127.053065391501,28.39596760450464,2818.8392774901617,41.20386596446057,2866.5734702621926,1791.87
2026-01-28 02:00:00,2,2,0,3,0.546979121898907,37.591319294716634,2875.0591103271577,1098.5066439349034,26.77665806656539,2797.7780721663453,36.07660903891563,2830.5588199945546,1980.74
2026-01-28 03:00:00,3,2,0,3,0.5662966342766022,35.775547555084586,2600.1741242121975,1088.4884041656896,27.071046827292406,2875.0591103271577,37.591319294716634,2757.6704355685665,1866.23
2026-01-28 04:00:00,4,2,0,3,0.5746222261889034,44.08597973148666,2862.855240011218,1141.1521576012801,25.662499554636568,2600.1741242121975,35.775547555084586,2779.3628248501905,2062.98
2026-01-28 05:00:00,5,2,0,3,0.5941041481395195,36.87565031858731,2409.096519008429,1099.985446648133,26.518830190106694,2862.855240011218,44.08597973148666,2624.041961077281,1826.13
2026-01-28 06:00:00,6,2,0,3,0.7014671960649971,44.41394965217721,2821.983285584759,1117.895580151697,29.750282586597073,2409.096519008429,36.87565031858731,2697.9783482014686,2508.06
2026-01-28 07:00:00,7,2,0,3,0.6801793180464064,40.849531167413936,2673.368723545788,1126.3017256593153,25.71740145552491,2821.983285584759,44.41394965217721,2634.816176046325,2266.22
2026-01-28 08:00:00,8,2,0,1,0.7015221423680803,51.68723354567385,3791.3418648507036,1140.4357268522792,29.72604365778368,2673.368723545788,40.849531167413936,3095.564624660417,3215.33
2026-01-28 09:00:00,9,2,0,1,0.7147471139382694,51.29056601561132,3621.974421169743,1139.882835261962,29.221229539095948,3791.3418648507036,51.68723354567385,3362.228336522078,3116.61
2026-01-28 10:00:00,10,2,0,1,0.723961695215357,51.37829054375688,3658.7756173600983,1142.313311630887,30.351916595495577,3621.974421169743,51.29056601561132,3690.697301126848,3156.25
2026-01-28 11:00:00,11,2,0,1,0.7123424074419906,43.25314597229037,2979.9410476808516,1156.8393128933217,26.657493298178377,3658.7756173600983,51.37829054375688,3420.230362070231,2581.63
2026-01-28 12:00:00,12,2,0,1,0.6897703163922166,49.02390812047235,3362.3198939151844,1065.5702235822466,29.713229834146457,2979.9410476808516,43.25314597229037,3333.678852985378,2804.36
2026-01-28 13:00:00,13,2,0,1,0.6680577705413088,52.95805289914512,3789.561953635085,1171.722182465654,31.648081113346613,3362.3198939151844,49.02390812047235,3377.2742984103734,3092.92
2026-01-28 14:00:00,14,2,0,1,0.64934493459568,49.828859857840634,3576.711587088739,1150.172234786368,30.563588613107004,3789.561953635085,52.95805289914512,3576.1978115463357,2832.69
2026-01-28 15:00:00,15,2,0,1,0.6053661708916775,45.081835536187484,3311.017965686165,1088.305580663797,26.91462804152153,3576.711587088739,49.828859857840634,3559.0971688033296,2419.0
2026-01-28 16:00:00,16,2,0,2,0.5657430843464567,43.816584422978856,3039.5273820660627,1133.0095071703154,29.32595913841054,3311.017965686165,45.081835536187484,3309.085644946989,2265.97
2026-01-28 17:00:00,17,2,0,2,0.545893938239485,49.96436930689422,3444.692355546538,1161.7512770233652,30.60714874892621,3039.5273820660627,43.816584422978856,3265.0792344329216,2405.43
2026-01-28 18:00:00,18,2,0,2,0.5049004556515829,48.36412100437152,3149.860349572272,1158.197464801421,29.49572814538981,3444.692355546538,49.96436930689422,3211.3600290616237,2094.54
2026-01-28 19:00:00,19,2,0,2,0.511084910405537,43.78298596721889,2978.5587448438187,1058.8362422927519,28.375939847866384,3149.860349572272,48.36412100437152,3191.0371499875423,1963.61
2026-01-28 20:00:00,20,2,0,2,0.40573704730231835,47.3300724697033,3152.9648913844053,1173.480025175174,28.77411014832751,2978.5587448438187,43.78298596721889,3093.794661933498,1781.92
2026-01-28 21:00:00,21,2,0,2,0.46660052135797964,42.71722542871182,3209.328300524911,1102.4254840977262,29.93662827950138,3152.9648913844053,47.3300724697033,3113.617312251045,1967.81
2026-01-28 22:00:00,22,2,0,2,0.4649217038499525,38.03644944610648,2459.7174733445086,1119.3099914532554,28.50727442960584,3209.328300524911,42.71722542871182,2940.6702217512743,1614.85
2026-01-28 23:00:00,23,2,0,2,0.4033025796713674,40.76436904154656,2916.383368644252,1131.5843206832433,26.577629339443018,2459.7174733445086,38.03644944610648,2861.809714171224,1618.72
2026-01-29 00:00:00,0,3,0,3,0.45190269158857155,43.47011068977869,2942.3787111889533,1101.9630156186327,29.101679512250236,2916.383368644252,40.76436904154656,2772.826517725904,1769.85
2026-01-29 01:00:00,1,3,0,3,0.4735762333139675,37.04102421359744,2734.8586967539864,1114.6755956631785,27.012735138237677,2942.3787111889533,43.47011068977869,2864.540258862397,1718.9
2026-01-29 02:00:00,2,3,0,3,0.48184976610564356,37.14815607218744,2592.782316769068,1088.9552932659408,26.48700006012924,2734.8586967539864,37.04102421359744,2756.6732415706697,1651.38
2026-01-29 03:00:00,3,3,0,3,0.5282089999338295,36.95056631303792,2656.8996803836926,1046.0178357686978,25.012495439487196,2592.782316769068,37.14815607218744,2661.513564635582,1810.6
2026-01-29 04:00:00,4,3,0,3,0.5577884830906834,44.66447806350553,3095.270782393608,1157.8514603922165,27.975821983226883,2656.8996803836926,36.95056631303792,2781.6509265154564,2233.48
2026-01-29 05:00:00,5,3,0,3,0.6512800751828253,43.690856203767225,3339.637753294786,1105.3873007396628,27.93540789475385,3095.270782393608,44.66447806350553,3030.6027386906953,2633.09
2026-01-29 06:00:00,6,3,0,3,0.6687135678629491,45.765730817068466,3156.4222294963297,1111.7005866998225,27.964782116247296,3339.637753294786,43.690856203767225,3197.1102550615747,2552.04
2026-01-29 07:00:00,7,3,0,3,0.7044260512659998,37.44334176359982,2583.1825075983306,1089.6967203534814,25.292784698127324,3156.4222294963297,45.765730817068466,3026.4141634631487,2197.78
2026-01-29 08:00:00,8,3,0,1,0.715676997810686,51.03468571061483,3545.709695134943,1160.944660975644,29.28034225234087,2583.1825075983306,37.44334176359982,3095.104810743201,3058.13
2026-01-29 09:00:00,9,3,0,1,0.692648580256125,44.691751077027234,3256.7191054601635,1127.3352440375563,28.368397923105796,3545.709695134943,51.03468571061483,3128.537102731146,2735.75
2026-01-29 10:00:00,10,3,0,1,0.7095095946744046,55.16927049141396,3567.1399913980267,1184.3787550833351,30.00657254011998,3256.7191054601635,44.691751077027234,3456.522930664378,3076.1
2026-01-29 11:00:00,11,3,0,1,0.7250171069050279,45.91277157056223,3326.463897671128,1100.1638521190323,27.150513157487495,3567.1399913980267,55.16927049141396,3383.4409981764397,2857.46
2026-01-29 12:00:00,12,3,0,1,0.6768010003519825,50.7587144731692,3672.0816411112232,1134.4751986319086,28.50565035974302,3326.463897671128,45.91277157056223,3521.895176726792,2974.11
2026-01-29 13:00:00,13,3,0,1,0.6932549179695644,46.159441153285044,3224.2669976086117,1131.737837805102,29.181853783572006,3672.0816411112232,50.7587144731692,3407.604178796988,2722.5
2026-01-29 14:00:00,14,3,0,1,0.6451934920368372,47.93896610641456,3583.0713929147264,1189.203046742126,28.986645569231634,3224.2669976086117,46.159441153285044,3493.140010544854,2782.82
2026-01-29 15:00:00,15,3,0,1,0.6087382501633609,47.06958149132605,3476.664145639793,1135.4330125049603,30.878316233741895,3583.0713929147264,47.93896610641456,3428.0008453877103,2601.63
2026-01-29 16:00:00,16,3,0,2,0.5942191993640698,41.87243658763464,2796.1516478070344,1144.6203029420794,27.59082915910817,3476.664145639793,47.06958149132605,3285.2957287871845,2112.7
2026-01-29 17:00:00,17,3,0,2,0.5526505999153678,42.113070538978576,2878.1046177734943,1119.4161613755223,28.32179663949267,2796.1516478070344,41.87243658763464,3050.3068037401067,2074.24
2026-01-29 18:00:00,18,3,0,2,0.5027806766836184,42.08105921776223,3085.4462817162243,1106.2327709351098,29.977651723559152,2878.1046177734943,42.113070538978576,2919.9008490989177,2002.55
2026-01-29 19:00:00,19,3,0,2,0.5041916467011683,46.916668691231074,3199.275828726102,1131.4985641620633,28.292599788252453,3085.4462817162243,42.08105921776223,3054.2755760719397,2099.6
2026-01-29 20:00:00,20,3,0,2,0.4371351769181806,40.13298022428118,2807.038148680431,1106.3214280964028,26.66740978243524,3199.275828726102,46.916668691231074,3030.586753040919,1663.61
2026-01-29 21:00:00,21,3,0,2,0.4570890964584157,44.77189499454853,2986.2132767193657,1144.1787234522126,29.000087358449797,2807.038148680431,40.13298022428118,2997.5090847086326,1877.44
2026-01-29 22:00:00,22,3,0,2,0.45186202515936763,48.26285703306945,3181.021654942325,1177.4167098216917,29.21482179319004,2986.2132767193657,44.77189499454853,2991.4243601140406,1979.2
2026-01-29 23:00:00,23,3,0,2,0.43857945553325056,42.20381272420311,2837.7599456360635,1127.8072720889704,27.234403447001316,3181.021654942325,48.26285703306945,3001.6649590992515,1697.81
2026-01-30 00:00:00,0,4,0,3,0.46527910391502086,35.487283882383394,2344.357834020971,1121.6260774980774,27.484275673750368,2837.7599456360635,42.20381272420311,2787.713144866453,1509.47
2026-01-30 01:00:00,1,4,0,3,0.45598277910617724,37.19316381186912,2918.753720798278,1074.6529118067342,27.474485897519678,2344.357834020971,35.487283882383394,2700.2905001517706,1731.09
2026-01-30 02:00:00,2,4,0,3,0.528480540384138,42.129038229262484,2914.4457202207404,1108.1503901966992,27.754147432469402,2918.753720798278,37.19316381186912,2725.8524250133296,1985.07
2026-01-30 03:00:00,3,4,0,3,0.5400672909567873,38.679376708336754,2788.349623689858,1086.6099434781554,27.319965926633973,2914.4457202207404,42.129038229262484,2873.8496882362924,1920.39
2026-01-30 04:00:00,4,4,0,3,0.5695455395896192,36.14074996887341,2619.3848186140744,1102.424114647365,25.609770054835415,2788.349623689858,38.679376708336754,2774.0600541748904,1909.04
2026-01-30 05:00:00,5,4,0,3,0.6372148508310906,39.693568279158136,2697.9965564751656,1099.8003134871472,27.08642432230089,2619.3848186140744,36.14074996887341,2701.9103329263658,2158.59
2026-01-30 06:00:00,6,4,0,3,0.6359131261891448,34.14197747557252,2514.0780486869107,1104.8122333281449,28.05637237516789,2697.9965564751656,39.693568279158136,2610.48647459205,2030.96
2026-01-30 07:00:00,7,4,0,3,0.6508257234388454,40.384758286550316,2625.386751431447,1088.2639903553902,27.285251149889568,2514.0780486869107,34.14197747557252,2612.487118864508,2163.96
2026-01-30 08:00:00,8,4,0,1,0.6701109730593433,51.430125576956186,3887.606030729425,1156.7962766408568,30.9959628807768,2625.386751431447,40.384758286550316,3009.0236102825943,3176.84
2026-01-30 09:00:00,9,4,0,1,0.7273498147073822,48.922670351013906,3353.3787259849382,1162.862129179362,28.983808349217657,3887.606030729425,51.430125576956186,3288.79050271527,2952.13
2026-01-30 10:00:00,10,4,0,1,0.6943914129500743,47.06494970543469,3294.0867826828994,1086.6272294457235,29.377329709697285,3353.3787259849382,48.922670351013906,3511.6905131324206,2781.91
2026-01-30 11:00:00,11,4,0,1,0.7503254993201568,46.8966167720079,3357.5166502139873,1190.6272497712866,30.09144212156698,3294.0867826828994,47.06494970543469,3334.9940529606083,3036.96
2026-01-30 12:00:00,12,4,0,1,0.659604968372147,51.871860677210684,3788.8028174567658,1150.408645586846,31.360429321923593,3357.5166502139873,46.8966167720079,3480.1354167845507,3059.17
2026-01-30 13:00:00,13,4,0,1,0.7129240767319174,54.301431758711715,3745.305509053546,1116.5797291929425,30.086113862658777,3788.8028174567658,51.871860677210684,3630.5416589080996,3210.89
2026-01-30 14:00:00,14,4,0,1,0.6542203493440523,47.769422885399216,3301.2877343193095,1145.0300390060165,29.39403036066317,3745.305509053546,54.301431758711715,3611.7986869432066,2681.57
2026-01-30 15:00:00,15,4,0,1,0.614300404076945,51.6043534624302,3772.71650910024,1157.2535005490495,31.151649386378736,3301.2877343193095,47.769422885399216,3606.4365841576982,2856.11
2026-01-30 16:00:00,16,4,0,2,0.569101618263821,36.69540543489276,2739.013319784432,1094.7342622502588,25.921410414249063,3772.71650910024,51.6043534624302,3271.005854401327,1952.81
2026-01-30 17:00:00,17,4,0,2,0.5517480559726885,41.9538379426998,2952.5349022874652,1142.5951295939658,28.043659657045318,2739.013319784432,36.69540543489276,3154.7549103907118,2068.13
2026-01-30 18:00:00,18,4,0,2,0.509247305951503,43.891293734951844,3060.996327013334,1144.2512992254838,25.609756426481614,2952.5349022874652,41.9538379426998,2917.514849695077,2012.39
2026-01-30 19:00:00,19,4,0,2,0.5030710882742138,40.816108040563584,3124.0482898952555,1120.7113369378503,28.99253475143627,3060.996327013334,43.891293734951844,3045.859839732018,2063.14
2026-01-30 20:00:00,20,4,0,2,0.4610409964434194,40.722227688236416,3094.711633374972,1124.142801601612,29.108117110058455,3124.0482898952555,40.816108040563584,3093.2520834278534,1883.62
2026-01-30 21:00:00,21,4,0,2,0.44777641954876796,41.6627715523589,2792.4188786957548,1114.0421249734834,28.2051182799296,3094.711633374972,40.722227688236416,3003.726267321994,1720.46
2026-01-30 22:00:00,22,4,0,2,0.4327277557557228,45.02267454914231,3220.886553848742,1174.4779694275705,28.26223229022566,2792.4188786957548,41.6627715523589,3036.005688639823,1905.48
2026-01-30 23:00:00,23,4,0,2,0.44363147184510904,43.344348435577686,2996.4758623720636,1086.3974932833664,28.35910907660239,3220.886553848742,45.02267454914231,3003.2604316388533,1773.3
2026-01-31 00:00:00,0,5,1,3,0.46491247884801973,20.166190683362597,1967.3700786878467,1034.1560545888476,26.266644876942223,2996.4758623720636,43.344348435577686,2728.2441649695506,1261.25
2026-01-31 01:00:00,1,5,1,3,0.44680168278075083,20.577549465777267,1722.9172261627775,1033.9358136428286,25.4395809984921,1967.3700786878467,20.166190683362597,2228.9210557408956,1026.33
2026-01-31 02:00:00,2,5,1,3,0.48303629155788574,25.875971877499886,2143.9724426409116,1073.8358976616144,25.111567569731164,1722.9172261627775,20.577549465777267,1944.753249163845,1361.16
2026-01-31 03:00:00,3,5,1,3,0.5586306155661014,29.60190305118743,2234.546806463047,1047.3112652691273,25.615672911752295,2143.9724426409116,25.875971877499886,2033.8121584222451,1586.48
2026-01-31 04:00:00,4,5,1,3,0.5834173087625588,18.38373305046168,1926.6350450579725,979.9431171419333,25.755210190541227,2234.546806463047,29.60190305118743,2101.718098053977,1392.39
2026-01-31 05:00:00,5,5,1,3,0.6125549995872993,26.250944383469292,2309.822157304455,1058.924352936332,23.898444772700238,1926.6350450579725,18.38373305046168,2157.001336275158,1756.02
2026-01-31 06:00:00,6,5,1,3,0.6503686786613078,26.158132502189027,1928.177600476549,1061.663292314221,24.039567777042734,2309.822157304455,26.250944383469292,2054.8782676129917,1596.31
2026-01-31 07:00:00,7,5,1,3,0.68594658347335,32.85918222372957,2476.019016387318,1118.6767141311095,27.856081267935167,1928.177600476549,26.158132502189027,2238.006258056107,2126.34
2026-01-31 08:00:00,8,5,1,1,0.6904483629236342,38.652423659004974,3173.9824452305343,1072.8506434778926,29.7501821341235,2476.019016387318,32.85918222372957,2526.0596873648005,2640.93
2026-01-31 09:00:00,9,5,1,1,0.6996635211724233,41.34046144659325,3137.9192896190825,1144.229189954291,28.90284749857683,3173.9824452305343,38.652423659004974,2929.306917078978,2649.16
2026-01-31 10:00:00,10,5,1,1,0.7239169051019536,40.49439999030612,3209.7356369640593,1171.1629590619025,26.89211990348345,3137.9192896190825,41.34046144659325,3173.879123937892,2763.7
2026-01-31 11:00:00,11,5,1,1,0.6956621601281688,32.5430173206748,2806.575635545616,1070.727947094637,27.295359838835996,3209.7356369640593,40.49439999030612,3051.4101873762525,2352.86
2026-01-31 12:00:00,12,5,1,1,0.7094086116441108,42.68872525821108,3261.991864453814,1088.4813455455137,28.165407739346126,2806.575635545616,32.5430173206748,3092.7677123211633,2747.92
2026-01-31 13:00:00,13,5,1,1,0.6449432772813598,40.753887769097005,3101.3671522411696,1102.8411919170537,28.735137190851223,3261.991864453814,42.68872525821108,3056.6448840802,2419.19
2026-01-31 14:00:00,14,5,1,1,0.6705831127465128,41.77894023886106,3034.062614252463,1117.465885139729,27.142326025754354,3101.3671522411696,40.753887769097005,3132.473876982482,2501.35
2026-01-31 15:00:00,15,5,1,1,0.6256866159626138,53.741831972527145,3583.798821072718,1179.0620247652814,28.715127996272866,3034.062614252463,41.77894023886106,3239.742862522117,2804.11
2026-01-31 16:00:00,16,5,1,2,0.5851205946862774,26.70560471175494,2286.87451376361,1042.0375506010685,23.14507671265833,3583.798821072718,53.741831972527145,2968.24531636293,1691.37
2026-01-31 17:00:00,17,5,1,2,0.5634191533645574,40.03643827416388,2803.9747129996404,1149.025716450339,28.81274799863751,2286.87451376361,26.70560471175494,2891.549349278656,2052.66
2026-01-31 18:00:00,18,5,1,2,0.5433094888892516,32.993933682098756,2468.1055463415773,1054.1124268531935,25.74729387407359,2803.9747129996404,40.03643827416388,2519.6515910349426,1727.04
2026-01-31 19:00:00,19,5,1,2,0.501292451934246,35.005651165410534,2524.3874973647917,1046.5424758573222,26.603199931659013,2468.1055463415773,32.993933682098756,2598.8225855686696,1677.95
2026-01-31 20:00:00,20,5,1,2,0.42193895884354565,33.840707141445655,2486.209159907364,1113.0305891729656,26.28467812658886,2524.3874973647917,35.005651165410534,2492.900734537911,1444.08
2026-01-31 21:00:00,21,5,1,2,0.4191788449848164,32.515172833106845,2588.812192828385,1023.1951655522723,25.348453256542015,2486.209159907364,33.840707141445655,2533.136283366847,1461.85
2026-01-31 22:00:00,22,5,1,2,0.42750362844608636,32.00558475116434,2400.022023978232,1072.9190947828395,24.48919551952294,2588.812192828385,32.515172833106845,2491.681125571327,1399.12
2026-01-31 23:00:00,23,5,1,2,0.445292205323747,35.15328057450553,2420.969860256561,1168.5551505282233,24.863521382991856,2400.022023978232,32.00558475116434,2469.9346923543926,1522.09
2026-02-01 00:00:00,0,6,1,3,0.46910962387956096,22.689892061649125,2110.283355839031,1040.4584794225982,24.166475726201497,2420.969860256561,35.15328057450553,2310.425080024608,1308.52
2026-02-01 01:00:00,1,6,1,3,0.466490174370814,30.62702708632618,2353.6310192209116,1044.4889170778983,26.28536422715294,2110.283355839031,22.689892061649125,2294.961411772168,1488.7
2026-02-01 02:00:00,2,6,1,3,0.5137353352895416,26.54331958290161,2198.216885094506,1054.7383417369367,24.372528420756954,2353.6310192209116,30.62702708632618,2220.7104200514827,1471.44
2026-02-01 03:00:00,3,6,1,3,0.5286576750385806,24.044757313358748,2274.923475869085,1044.9090095379465,27.678867010810496,2198.216885094506,26.54331958290161,2275.590460061501,1524.83
2026-02-01 04:00:00,4,6,1,3,0.5677696439401609,26.424954997014652,2186.6557079835984,1059.7160684968865,26.52143360301711,2274.923475869085,24.044757313358748,2219.9320229823966,1628.27
2026-02-01 05:00:00,5,6,1,3,0.5881014443773884,32.400022259019,2492.7030424301024,1096.1566635900665,27.279041601032525,2186.6557079835984,26.424954997014652,2318.0940754275957,1850.27
2026-02-01 06:00:00,6,6,1,3,0.6315353350777818,26.12632719544322,2034.213904839146,1028.5275295725794,24.637122333162708,2492.7030424301024,32.400022259019,2237.857551750949,1636.27
2026-02-01 07:00:00,7,6,1,3,0.65196125725379,29.25458766373367,2290.0961105858996,1109.2070520358545,27.45079058481758,2034.213904839146,26.12632719544322,2272.337685951716,1889.89
2026-02-01 08:00:00,8,6,1,1,0.6817260914702747,37.441653034995845,3058.017511999845,1105.894469249299,27.9317849493208,2290.0961105858996,29.25458766373367,2460.7758424749636,2540.6
2026-02-01 09:00:00,9,6,1,1,0.7363024516126263,42.65272647473267,3032.7278433020206,1138.7807570589757,28.07157911402164,3058.017511999845,37.441653034995845,2793.613821962588,2723.84
2026-02-01 10:00:00,10,6,1,1,0.7010120222233611,42.39927708576572,3232.0688800333423,1103.893373349172,28.977532381143597,3032.7278433020206,42.65272647473267,3107.604745111736,2733.5
2026-02-01 11:00:00,11,6,1,1,0.7678772569772173,46.47013091653744,3403.250819961562,1168.040077091038,30.186357048523885,3232.0688800333423,42.39927708576572,3222.6825144323084,3137.24
2026-02-01 12:00:00,12,6,1,1,0.7111099145474392,39.38552619075275,3077.3031732543664,1101.1157945426844,29.021966938984807,3403.250819961562,46.47013091653744,3237.540957749757,2643.61
2026-02-01 13:00:00,13,6,1,1,0.6826916718400141,42.34029181665267,3329.7721995883594,1126.2999801039489,28.529090331161008,3077.3031732543664,39.38552619075275,3270.1087309347627,2698.16
2026-02-01 14:00:00,14,6,1,1,0.6328328443963757,40.34323638838631,3155.5782592592063,1088.0452936238673,27.879001734219543,3329.7721995883594,42.34029181665267,3187.551210700644,2434.22
2026-02-01 15:00:00,15,6,1,1,0.6302408639025326,44.53555123652055,3481.468433446198,1103.2189142860288,30.372778326736494,3155.5782592592063,40.34323638838631,3322.2729640979214,2650.69
2026-02-01 16:00:00,16,6,1,2,0.5684872434752445,31.484086643369444,2297.5531570803405,1093.1414792347998,26.516794424270614,3481.468433446198,44.53555123652055,2978.1999499285816,1701.5
2026-02-01 17:00:00,17,6,1,2,0.5462055299785543,36.60751859507048,2663.6492848443736,1085.3399036250973,26.406809599693798,2297.5531570803405,31.484086643369444,2814.2236251236377,1839.01
2026-02-01 18:00:00,18,6,1,2,0.5612016907653758,33.31855946359161,2509.4711902284166,1061.928660666757,24.46027828381391,2663.6492848443736,36.60751859507048,2490.2245440510437,1752.01
2026-02-01 19:00:00,19,6,1,2,0.47908385263939035,33.77534138012026,2391.579822854802,1069.0217819698053,25.723153427639446,2509.4711902284166,33.31855946359161,2521.5667659758637,1560.92
2026-02-01 20:00:00,20,6,1,2,0.4817419099958921,34.32113369556931,2659.2064165515803,1104.7583615752128,27.612252347096298,2391.579822854802,33.77534138012026,2520.0858098782664,1719.71
2026-02-01 21:00:00,21,6,1,2,0.4307068558170127,34.88284138749337,2848.68865913954,1073.8054190198832,29.6621290795022,2659.2064165515803,34.32113369556931,2633.1582995153076,1649.76
2026-02-01 22:00:00,22,6,1,2,0.4393002301900607,33.59319834907315,2509.653196770232,1081.4314201062384,24.92796110109198,2848.68865913954,34.88284138749337,2672.5160908204507,1487.37
2026-02-01 23:00:00,23,6,1,2,0.4801863970322406,34.751496141096844,2624.41985694221,1089.3816783215648,26.23618068641068,2509.653196770232,33.59319834907315,2660.9205709506605,1655.54
2026-02-02 00:00:00,0,0,0,3,0.4462171023144232,43.52341320146765,2968.6958111638833,1076.1599306556132,27.42836843004916,2624.41985694221,34.751496141096844,2700.922954958775,1773.88
2026-02-02 01:00:00,1,0,0,3,0.5172540217938218,41.449073899653264,2779.578165095536,1079.0181354642752,28.892226957636254,2968.6958111638833,43.52341320146765,2790.897944400543,1867.88
2026-02-02 02:00:00,2,0,0,3,0.5241550387091095,41.042041073739135,2628.4006149820193,1122.5751115261455,26.719405582723038,2779.578165095536,41.449073899653264,2792.224863747146,1840.8
2026-02-02 03:00:00,3,0,0,3,0.5325159981677617,36.405611658916456,2553.559706679797,1077.1967126068482,25.42307381768594,2628.4006149820193,41.042041073739135,2653.8461622524505,1748.93
2026-02-02 04:00:00,4,0,0,3,0.5926481547811103,34.887657101200865,2402.909563839831,1115.968751186814,26.680132885638955,2553.559706679797,36.405611658916456,2528.289961833883,1832.22
2026-02-02 05:00:00,5,0,0,3,0.6356857553068874,41.34355195383213,3064.9520872895405,1139.5443854215923,27.730940733582663,2402.909563839831,34.887657101200865,2673.807119269723,2409.39
2026-02-02 06:00:00,6,0,0,3,0.6624361992443438,41.06616377385428,2834.164206552654,1132.243871754303,25.97794929381263,3064.9520872895405,41.34355195383213,2767.341952560675,2307.0
2026-02-02 07:00:00,7,0,0,3,0.6475904549683075,43.15434736512844,2900.4353119451193,1168.1116841433286,26.59678973775235,2834.164206552654,41.06616377385428,2933.1838685957714,2355.58
2026-02-02 08:00:00,8,0,0,1,0.686700813013324,47.88606780910769,3561.5715103843827,1139.4670380428513,31.952755379921754,2900.4353119451193,43.15434736512844,3098.723676294052,2956.31
2026-02-02 09:00:00,9,0,0,1,0.7102792429694395,49.196579706238786,3379.235954438039,1163.0083669725511,29.72517091410615,3561.5715103843827,47.88606780910769,3280.4142589225135,2927.54
2026-02-02 10:00:00,10,0,0,1,0.718511331417999,44.26180543116098,3199.7575598416975,1112.437197309743,28.795170599348708,3379.235954438039,49.196579706238786,3380.1883415547068,2791.93
2026-02-02 11:00:00,11,0,0,1,0.7276430576314831,48.62635112878694,3496.354473105247,1205.814652336866,29.35464242737637,3199.7575598416975,44.26180543116098,3358.4493291283275,3061.62
2026-02-02 12:00:00,12,0,0,1,0.7047975765484865,53.48799678702807,3830.4121343870806,1213.5428284590128,31.118619058499494,3496.354473105247,48.62635112878694,3508.8413891113414,3265.91
2026-02-02 13:00:00,13,0,0,1,0.6522880621919146,48.36726617270131,3536.7291831918137,1143.76607555375,30.125380412509042,3830.4121343870806,53.48799678702807,3621.1652635613805,2825.75
2026-02-02 14:00:00,14,0,0,1,0.6576039570201192,52.241679283202885,3680.674584846036,1168.6313728804412,30.61951787666891,3536.7291831918137,48.36726617270131,3682.6053008083095,2951.38
2026-02-02 15:00:00,15,0,0,1,0.6284463812200294,49.33323912900766,3529.3698890336664,1181.3153965001509,29.90238040511219,3680.674584846036,52.241679283202885,3582.2578856905056,2755.53
2026-02-02 16:00:00,16,0,0,2,0.5911958089586208,45.13419959877546,3079.0672846081084,1126.8583107747493,29.30611562132702,3529.3698890336664,49.33323912900766,3429.7039194959366,2314.14
2026-02-02 17:00:00,17,0,0,2,0.5653809481967395,39.98308013564517,2823.436954719543,1093.516718772588,27.439181730932688,3079.0672846081084,45.13419959877546,3143.958042787106,2050.23
2026-02-02 18:00:00,18,0,0,2,0.5266784430909781,44.298233073718656,2869.8238153441075,1149.0426760700468,26.392552781817194,2823.436954719543,39.98308013564517,2924.1093515572525,1964.09
2026-02-02 19:00:00,19,0,0,2,0.49018865221845204,33.531024101847464,2514.4255911791142,1086.0850775594818,25.646511168182673,2869.8238153441075,44.298233073718656,2735.895453747588,1602.84
2026-02-02 20:00:00,20,0,0,2,0.45735312924100563,43.34586344643305,2821.721216019357,1127.9583150268636,25.030914954543533,2514.4255911791142,33.531024101847464,2735.3235408475266,1724.43
2026-02-02 21:00:00,21,0,0,2,0.41155116564921057,38.29334364699701,2732.9303692629637,1082.316591011289,29.541948436794087,2821.721216019357,43.34586344643305,2689.6923921538114,1544.05
2026-02-02 22:00:00,22,0,0,2,0.44859236438265165,48.220980807913854,3112.2663833775346,1099.9421195225705,29.40952678826834,2732.9303692629637,38.29334364699701,2888.9726562199517,1890.62
2026-02-02 23:00:00,23,0,0,2,0.4489241380627926,46.72092573467579,3407.167452794354,1142.7872631856808,28.36114024849276,3112.2663833775346,48.220980807913854,3084.1214018116175,1994.19
2026-02-03 00:00:00,0,1,0,3,0.464188020214086,39.633348436881285,2778.7133536094525,1131.1574447848802,26.924164026088324,3407.167452794354,46.72092573467579,3099.3823965937804,1779.99
2026-02-03 01:00:00,1,1,0,3,0.4554700791174771,43.32352179505783,2781.0497328262118,1117.6489184533302,26.505914007039653,2778.7133536094525,39.633348436881285,2988.9768464100066,1740.48
2026-02-03 02:00:00,2,1,0,3,0.48837886919183476,34.67879217711307,2544.444022688857,1124.625906697424,28.332536729278463,2781.0497328262118,43.32352179505783,2701.402369708174,1676.59
2026-02-03 03:00:00,3,1,0,3,0.5648283907523052,44.11577119270446,3047.532753148247,1108.8651766354292,26.45458991336904,2544.444022688857,34.67879217711307,2791.008836221105,2185.17
2026-02-03 04:00:00,4,1,0,3,0.5792088969228668,41.262670474911346,3057.6238449093134,1088.6830705254974,28.32945075361358,3047.532753148247,44.11577119270446,2883.200206915473,2180.77
2026-02-03 05:00:00,5,1,0,3,0.6298646802618053,37.17205649473369,2602.0082542703694,1097.0074682990314,26.54312743649008,3057.6238449093134,41.262670474911346,2902.3882841093105,2104.9
2026-02-03 06:00:00,6,1,0,3,0.6505663675226091,41.9746705151403,2698.968816298477,1115.833867676779,27.98876907784586,2602.0082542703694,37.17205649473369,2786.200305159387,2198.59
2026-02-03 07:00:00,7,1,0,3,0.6795900721560315,34.12797270655928,2633.7792131668853,1105.7611091096176,26.654452970619985,2698.968816298477,41.9746705151403,2644.918761245244,2196.32
2026-02-03 08:00:00,8,1,0,1,0.7200092326493414,47.11420043465314,3254.467174851433,1119.0827311370128,26.73837326418492,2633.7792131668853,34.12797270655928,2862.4050681055983,2771.03
2026-02-03 09:00:00,9,1,0,1,0.704908721116122,47.869935968661046,3401.808465608849,1175.6820997950165,29.038020150458564,3254.467174851433,47.11420043465314,3096.6849512090557,2920.48
2026-02-03 10:00:00,10,1,0,1,0.7219224155388196,48.14857802177595,3435.7715527185983,1191.7672361498103,28.28597718086334,3401.808465608849,47.869935968661046,3364.0157310596273,2972.92
2026-02-03 11:00:00,11,1,0,1,0.7059841099063686,46.30204825033911,3375.2361568692468,1134.2295923271479,29.34628264543203,3435.7715527185983,48.14857802177595,3404.272058398898,2875.69
2026-02-03 12:00:00,12,1,0,1,0.692553631981175,54.28079073483364,3825.335317916434,1198.3659234439426,32.0,3375.2361568692468,46.30204825033911,3545.4476758347596,3210.9
2026-02-03 13:00:00,13,1,0,1,0.6728115068967438,49.09400959870559,3427.194318067385,1119.9636116291908,27.336670767145886,3825.335317916434,54.28079073483364,3542.5885976176887,2762.2
2026-02-03 14:00:00,14,1,0,1,0.6544426754326742,51.23376738924908,3572.672022256197,1181.8156080865442,28.948639458374107,3427.194318067385,49.09400959870559,3608.4005527466725,2849.59
2026-02-03 15:00:00,15,1,0,1,0.6066596938810833,48.003770217552116,3458.4572174359187,1168.1969910841951,28.8649591802462,3572.672022256197,51.23376738924908,3486.1078525865,2611.08
2026-02-03 16:00:00,16,1,0,2,0.6051151225114704,37.62788844808019,2711.206735065863,1122.0974857970677,26.579398469057022,3458.4572174359187,48.003770217552116,3247.445324919326,2043.82
2026-02-03 17:00:00,17,1,0,2,0.525873187641257,44.94520075436998,3034.2732949116,1129.3917257957226,29.002395113298295,2711.206735065863,37.62788844808019,3067.979082471127,2061.21
2026-02-03 18:00:00,18,1,0,2,0.5062625671167729,37.30710758603078,2731.140534398095,1025.3722068130724,26.89554848025332,3034.2732949116,44.94520075436998,2825.540188125186,1782.74
2026-02-03 19:00:00,19,1,0,2,0.4722104294683998,43.75978083870086,3070.450878898547,1108.9959447635001,28.733799533859695,2731.140534398095,37.30710758603078,2945.2882360694143,1966.52
2026-02-03 20:00:00,20,1,0,2,0.48769600115725326,39.21089736408516,2811.6064752619486,1091.1956890142255,26.62109393172836,3070.450878898547,43.75978083870086,2871.0659628528633,1802.08
2026-02-03 21:00:00,21,1,0,2,0.4487014798497619,50.955465997307826,3347.4262326999583,1129.3654905377193,29.43399665683472,2811.6064752619486,39.21089736408516,3076.4945289534844,1990.68
2026-02-03 22:00:00,22,1,0,2,0.46063689078937264,47.189769527611524,2933.6728487329415,1141.8151532241227,28.71226665282973,3347.4262326999583,50.955465997307826,3030.901852231616,1836.21
2026-02-03 23:00:00,23,1,0,2,0.4150591768587909,44.37013826945018,3002.6835460251395,1117.00646693977,27.130185693732624,2933.6728487329415,47.189769527611524,3094.59420915268,1703.79
2026-02-04 00:00:00,0,2,0,3,0.4640974487875637,42.42297337179134,2966.5747074908036,1099.0765932430397,28.826212102070496,3002.6835460251395,44.37013826945018,2967.643700749628,1825.61
2026-02-04 01:00:00,1,2,0,3,0.49879766654635205,35.037894078869925,2664.1781768976007,1063.6815726092843,26.943441245465085,2966.5747074908036,42.42297337179134,2877.812143471181,1742.77
2026-02-04 02:00:00,2,2,0,3,0.5116456797855085,39.902177825345326,2712.515909232484,1091.7208866642507,28.29627198602032,2664.1781768976007,35.037894078869925,2781.08959787363,1830.62
2026-02-04 03:00:00,3,2,0,3,0.5650749411869541,38.6993365180155,2662.38543032406,1132.8348263683104,26.632914220987832,2712.515909232484,39.902177825345326,2679.6931721513815,1960.82
2026-02-04 04:00:00,4,2,0,3,0.5696542309979925,38.92407028466784,2682.6910817760213,1089.1706547729839,27.39979719211459,2662.38543032406,38.6993365180155,2685.8641404441883,1947.85
2026-02-04 05:00:00,5,2,0,3,0.6444216151180645,42.45323725037369,2974.765344253777,1106.939481340663,27.86715700283169,2682.6910817760213,38.92407028466784,2773.2806187846195,2394.83
2026-02-04 06:00:00,6,2,0,3,0.695977962472385,40.56372235972931,2949.4332327787242,1100.837449063336,27.715989394813718,2974.765344253777,42.45323725037369,2868.963219602841,2489.52
2026-02-04 07:00:00,7,2,0,3,0.6717381781573234,39.01053281988758,2706.578764019949,1114.5169691247859,27.332645727270656,2949.4332327787242,40.56372235972931,2876.9257803508167,2235.79
2026-02-04 08:00:00,8,2,0,1,0.692333506101806,44.20789397320097,3398.31070642929,1138.237813106017,29.971871317834182,2706.578764019949,39.01053281988758,3018.1075677426543,2886.27
2026-02-04 09:00:00,9,2,0,1,0.7442973052228236,46.639837966521874,3413.610285593236,1060.4429383850086,27.879223057668646,3398.31070642929,44.20789397320097,3172.833252014158,2950.65
2026-02-04 10:00:00,10,2,0,1,0.7515914429146142,49.57051873241497,3515.759049699181,1173.82295527535,31.439557162912056,3413.610285593236,46.639837966521874,3442.5600139072358,3166.46
2026-02-04 11:00:00,11,2,0,1,0.7047724151374042,50.32680330996828,3539.340041370416,1187.216414095967,27.566204489241628,3515.759049699181,49.57051873241497,3489.5697922209442,2996.69
2026-02-04 12:00:00,12,2,0,1,0.6928398201879042,46.04428696364127,3461.586277116116,1107.9224844205235,28.716846392033712,3539.340041370416,50.32680330996828,3505.561789395238,2921.12
2026-02-04 13:00:00,13,2,0,1,0.6733592571889064,58.440868364524476,3968.9084144180497,1159.456017339727,31.11657182980895,3461.586277116116,46.04428696364127,3656.61157763486,3271.96
2026-02-04 14:00:00,14,2,0,1,0.6231109897793143,55.307379193387504,4061.9311150201543,1159.9731820790932,32.0,3968.9084144180497,58.440868364524476,3830.8086021847735,3120.07
2026-02-04 15:00:00,15,2,0,1,0.5978616273846689,52.107414121373694,3542.5666783021375,1139.5295559990798,31.69996262763011,4061.9311150201543,55.307379193387504,3857.8020692467803,2646.6
2026-02-04 16:00:00,16,2,0,2,0.5599171846649587,44.25212901449311,3053.518009895787,1132.6066879066375,25.94844358044916,3542.5666783021375,52.107414121373694,3552.671934406026,2211.63
2026-02-04 17:00:00,17,2,0,2,0.5284093823835645,43.25726860534597,2883.0729660631873,1074.3659422624123,27.00101026614297,3053.518009895787,44.25212901449311,3159.719218087037,1963.16
2026-02-04 18:00:00,18,2,0,2,0.5093063022522644,40.668285389922175,2725.7584041078603,1084.72495135877,24.533661161667084,2883.0729660631873,43.25726860534597,2887.4497933556117,1813.99
2026-02-04 19:00:00,19,2,0,2,0.4856893452846137,44.27118181481602,2990.899125222524,1165.5646572636367,28.00761011943404,2725.7584041078603,40.668285389922175,2866.576831797857,1942.04
2026-02-04 20:00:00,20,2,0,2,0.4897664533264601,44.90213389049963,3037.0783226013273,1106.403036378298,28.449614710071124,2990.899125222524,44.27118181481602,2917.9119506439038,1951.8
2026-02-04 21:00:00,21,2,0,2,0.4248033035047546,39.65383798581431,3134.6035359688553,1139.7010588958306,30.357633343835023,3037.0783226013273,44.90213389049963,3054.1936612642353,1803.14
2026-02-04 22:00:00,22,2,0,2,0.4596864479695316,45.16961746035714,3010.5352878340873,1139.561924731182,28.17987933918577,3134.6035359688553,39.65383798581431,3060.739048801423,1858.69
2026-02-04 23:00:00,23,2,0,2,0.44049060743502017,43.45659332911338,2819.92525227194,1078.594680451747,28.65258099623732,3010.5352878340873,45.16961746035714,2988.354692024961,1703.37
2026-02-05 00:00:00,0,3,0,3,0.45776716927712985,31.322673547429133,2442.2815957336375,1091.1739240701218,26.841543150292328,2819.92525227194,43.45659332911338,2757.580711946555,1518.55
2026-02-05 01:00:00,1,3,0,3,0.4945014404772154,34.988652462271745,2325.532556296664,1087.0129272942656,25.229477351249344,2442.2815957336375,31.322673547429133,2529.2464681007473,1540.91
2026-02-05 02:00:00,2,3,0,3,0.48754555956875406,36.55238063302424,2633.822314573579,1084.8228461258534,25.088654819094817,2325.532556296664,34.988652462271745,2467.212155534627,1709.62
2026-02-05 03:00:00,3,3,0,3,0.551413528609328,44.606906800690666,3009.233839906499,1134.551554532063,28.36078222430517,2633.822314573579,36.55238063302424,2656.196236925581,2076.12
2026-02-05 04:00:00,4,3,0,3,0.5833290441642611,39.94793593586815,2893.009163067492,1121.6575808826424,25.852841456317204,3009.233839906499,44.606906800690666,2845.3551058491903,2129.07
2026-02-05 05:00:00,5,3,0,3,0.6260836915945158,33.32581450815038,2616.496322798109,1100.993053581967,28.275902896530603,2893.009163067492,39.94793593586815,2839.5797752573667,2069.93
2026-02-05 06:00:00,6,3,0,3,0.6557833728781562,39.70112701296173,2726.1223613143516,1138.2608292405469,26.892600015270318,2616.496322798109,33.32581450815038,2745.2092823933176,2257.35
2026-02-05 07:00:00,7,3,0,3,0.7281009521643345,32.58443603871572,2448.2259399866157,1090.5411419743216,27.59496602710242,2726.1223613143516,39.70112701296173,2596.9482080330254,2185.38
2026-02-05 08:00:00,8,3,0,1,0.688488756844795,53.789418688604755,3628.5893413139333,1130.76682253476,29.519040483420895,2448.2259399866157,32.58443603871572,2934.3125475383004,3021.56
2026-02-05 09:00:00,9,3,0,1,0.7046096765804332,48.35106371863743,3340.4303607617608,1131.56311843327,29.45738881288706,3628.5893413139333,53.789418688604755,3139.0818806874363,2871.74
2026-02-05 10:00:00,10,3,0,1,0.7075371894715047,49.672273339412904,3572.439673799257,1222.2653017393673,30.15935087479915,3340.4303607617608,48.35106371863743,3513.8197919583167,3107.59
2026-02-05 11:00:00,11,3,0,1,0.7041200732972644,54.64028826639766,3605.982706156303,1186.6734295751337,29.965889412241236,3572.439673799257,49.672273339412904,3506.2842469057737,3084.38
2026-02-05 12:00:00,12,3,0,1,0.6884958139836911,45.494927509955126,3297.5165098793573,1191.2118925601078,28.472530283521948,3605.982706156303,54.64028826639766,3491.979629944972,2781.61
2026-02-05 13:00:00,13,3,0,1,0.7027752799882676,45.11008635210453,3210.5330106567953,1165.3261974633976,29.172723924353942,3297.5165098793573,45.494927509955126,3371.344075564152,2788.64
2026-02-05 14:00:00,14,3,0,1,0.678410084959797,47.957402357788986,3524.045088455335,1147.8746612200496,28.635421045337935,3210.5330106567953,45.11008635210453,3344.031536330496,2845.45
2026-02-05 15:00:00,15,3,0,1,0.6048197404393634,53.63432597856761,3929.716280947521,1172.0724806587984,29.6477318750742,3524.045088455335,47.957402357788986,3554.764793353217,2901.22
2026-02-05 16:00:00,16,3,0,2,0.5633528885379154,38.68228873583105,2584.5124351759973,1103.814653946403,28.106433722578853,3929.716280947521,53.63432597856761,3346.0912681929512,1922.92
2026-02-05 17:00:00,17,3,0,2,0.5531936448133752,34.08745540661301,2311.5732753498773,1042.9047062302895,26.577845837836776,2584.5124351759973,38.68228873583105,2941.933997157799,1680.35
2026-02-05 18:00:00,18,3,0,2,0.49895553911438056,42.42094399556851,2893.9560535585747,1120.1349572939796,27.72559010885127,2311.5732753498773,34.08745540661301,2596.6805880281495,1910.33
2026-02-05 19:00:00,19,3,0,2,0.49366368698899354,45.93109279968822,3068.7829115009013,1163.9912350123077,30.227447230722206,2893.9560535585747,42.42094399556851,2758.104080136451,2016.24
2026-02-05 20:00:00,20,3,0,2,0.4628149038872046,48.2009161240859,3195.280342394741,1127.8126646258136,28.329615852179323,3068.7829115009013,45.93109279968822,3052.673102484739,1947.67
2026-02-05 21:00:00,21,3,0,2,0.4144555020195858,42.3789352327011,2853.4936236434282,1129.8145659073498,29.098889276131533,3195.280342394741,48.2009161240859,3039.185625846357,1642.62
2026-02-05 22:00:00,22,3,0,2,0.4709501040266012,42.56000687509399,2891.1235935201776,1141.529803647706,27.847767546978247,2853.4936236434282,42.3789352327011,2979.9658531861155,1859.66
2026-02-05 23:00:00,23,3,0,2,0.4806879377814408,48.03865256989511,3205.8406149101525,1119.4125992967686,27.456434482942175,2891.1235935201776,42.56000687509399,2983.485944024586,2003.1
2026-02-06 00:00:00,0,4,0,3,0.4465006696604908,31.455904051066028,2540.367389415352,1064.5410445956725,28.68553952817619,3205.8406149101525,48.03865256989511,2879.110532615228,1533.71
2026-02-06 01:00:00,1,4,0,3,0.4732510194351636,36.64017728685947,2414.2021254704823,1071.1129218855087,27.23619343418384,2540.367389415352,31.455904051066028,2720.1367099319955,1535.19
2026-02-06 02:00:00,2,4,0,3,0.5157173078144981,38.6664836147377,2695.7190299794215,1084.1117942917156,26.84050486271993,2414.2021254704823,36.64017728685947,2550.096181621752,1825.01
2026-02-06 03:00:00,3,4,0,3,0.5504544694853876,39.57226552449762,2806.4090038753206,1076.0989300066637,28.22730219102514,2695.7190299794215,38.6664836147377,2638.7767197750745,1963.58
2026-02-06 04:00:00,4,4,0,3,0.5931708854534565,36.215676573831914,2519.548313269148,1072.351494760877,25.91405025676634,2806.4090038753206,39.57226552449762,2673.8921157079635,1888.02
2026-02-06 05:00:00,5,4,0,3,0.6564387570896799,38.120543540970445,2923.1648151557456,1137.9685661838278,28.73886155925727,2519.548313269148,36.215676573831914,2749.7073774334044,2341.44
2026-02-06 06:00:00,6,4,0,3,0.6464610554501189,29.290854263054538,2241.839256210006,1044.276491324961,22.603503242359267,2923.1648151557456,38.120543540970445,2561.517461544967,1745.35
2026-02-06 07:00:00,7,4,0,3,0.6630290044753475,35.696130556831534,2601.3707526165454,1095.9460027038433,25.44747424162164,2241.839256210006,29.290854263054538,2588.791607994099,2125.06
2026-02-06 08:00:00,8,4,0,1,0.6736571719695309,51.58728049394064,3688.1502738484037,1143.7774031339886,31.4689459393057,2601.3707526165454,35.696130556831534,2843.7867608916517,2991.26
2026-02-06 09:00:00,9,4,0,1,0.7006110148816311,46.561970880108625,3324.334514948661,1165.7195319463578,28.781528403966163,3688.1502738484037,51.58728049394064,3204.6185138045366,2872.32
2026-02-06 10:00:00,10,4,0,1,0.719337460542524,50.20644477556359,3337.7012491638316,1183.6048365173447,29.374721584412598,3324.334514948661,46.561970880108625,3450.062012653632,2887.79
2026-02-06 11:00:00,11,4,0,1,0.7511207729508252,51.56405375280944,3568.9438756464406,1177.8579645647114,28.280336790949615,3337.7012491638316,50.20644477556359,3410.326546586311,3186.07
2026-02-06 12:00:00,12,4,0,1,0.690891330549098,48.801077796997824,3619.581367576147,1152.8576750155603,32.0,3568.9438756464406,51.56405375280944,3508.742164128806,3032.3
2026-02-06 13:00:00,13,4,0,1,0.6834707083988946,50.596623198488,3536.420628717743,1146.6100043729293,31.216704334853688,3619.581367576147,48.801077796997824,3574.981957313443,2938.32
2026-02-06 14:00:00,14,4,0,1,0.6496715420785448,46.630436021503854,3296.797504792596,1106.724876481234,28.74850275392492,3536.420628717743,50.596623198488,3484.2665003621623,2594.34
2026-02-06 15:00:00,15,4,0,1,0.6400025317833146,49.27686052106384,3628.5393885881995,1195.6956641123102,29.609496267058006,3296.797504792596,46.630436021503854,3487.2525073661795,2835.11
2026-02-06 16:00:00,16,4,0,2,0.6305386485174724,46.13575659356228,3036.416059187536,1115.5512009304352,29.35691209766209,3628.5393885881995,49.27686052106384,3320.584317522777,2376.61
2026-02-06 17:00:00,17,4,0,2,0.5331479582272406,44.54940536338952,2943.503943714502,1144.7887801293791,30.190644352584386,3036.416059187536,46.13575659356228,3202.8197971634127,2059.65
2026-02-06 18:00:00,18,4,0,2,0.5002112111496355,41.94714055652623,2905.5560558032776,1144.2777015416898,28.829699159651216,2943.503943714502,44.54940536338952,2961.8253529017716,1966.81
2026-02-06 19:00:00,19,4,0,2,0.5018882681752648,44.78475741501777,3107.8041088300542,1115.257017237438,30.965510230309437,2905.5560558032776,41.94714055652623,2985.621369449278,2051.58
2026-02-06 20:00:00,20,4,0,2,0.4723942732627048,46.50113426722816,3378.356665833173,1161.9548502518116,28.154367291236273,3107.8041088300542,44.78475741501777,3130.572276822168,2113.47
2026-02-06 21:00:00,21,4,0,2,0.4817045308342511,36.82520552497883,2756.402581542938,1116.406152183387,26.204744408544578,3378.356665833173,46.50113426722816,3080.8544520687215,1757.97
2026-02-06 22:00:00,22,4,0,2,0.4516785637065192,48.056759227345644,3301.7349611971554,1185.4261327939266,27.5790538623265,2756.402581542938,36.82520552497883,3145.4980695244217,2019.08
2026-02-06 23:00:00,23,4,0,2,0.4375845425037892,42.82310841461625,2866.3239347791887,1109.558771997797,28.084525895510005,3301.7349611971554,48.056759227345644,2974.8204925064274,1654.01
2026-02-07 00:00:00,0,5,1,3,0.4705695400840247,29.489214766340805,2203.9104917689992,1035.8102586333703,25.557092565661907,2866.3239347791887,42.82310841461625,2790.656462581781,1381.41
2026-02-07 01:00:00,1,5,1,3,0.5031791222455415,32.1903642327583,2456.046152428418,1066.1242130449202,26.004479159928344,2203.9104917689992,29.489214766340805,2508.760192992202,1640.09
2026-02-07 02:00:00,2,5,1,3,0.5264096436239473,23.19914205969337,2056.8217825173533,1048.0179068021318,25.827182962139133,2456.046152428418,32.1903642327583,2238.926142238257,1405.59
2026-02-07 03:00:00,3,5,1,3,0.553910814307793,25.516956491503585,2018.8415131539098,1053.5231441431408,26.208266036770627,2056.8217825173533,23.19914205969337,2177.2364826998937,1502.33
2026-02-07 04:00:00,4,5,1,3,0.601333493791783,26.99007956443503,2193.5182368110945,1048.1243708508762,23.480932564892772,2018.8415131539098,25.516956491503585,2089.7271774941196,1677.52
2026-02-07 05:00:00,5,5,1,3,0.6396205781232663,25.2568626760645,2184.476932629198,1003.2975142298269,24.565223341949324,2193.5182368110945,26.99007956443503,2132.2788941980675,1699.12
2026-02-07 06:00:00,6,5,1,3,0.6776431798207505,34.07227801542883,2576.4997180964674,1098.0511869649429,27.57250470660256,2184.476932629198,25.2568626760645,2318.1649625122536,2148.85
2026-02-07 07:00:00,7,5,1,3,0.6919691471179095,25.001297671606224,2185.5729376283925,1099.31380266348,24.723956704797676,2576.4997180964674,34.07227801542883,2315.516529451353,1846.93
2026-02-07 08:00:00,8,5,1,1,0.6979011949234843,38.05558627179597,3047.4171498473115,1113.828626040259,27.200209874527918,2185.5729376283925,25.001297671606224,2603.163268524057,2546.24
2026-02-07 09:00:00,9,5,1,1,0.718163889409136,40.715361610610415,3071.3502333650617,1128.0898344187797,29.460079024397345,3047.4171498473115,38.05558627179597,2768.113440280255,2648.85
2026-02-07 10:00:00,10,5,1,1,0.7441301793301671,35.79247665873369,2848.993374445155,1107.4810392888123,25.949244497815073,3071.3502333650617,40.715361610610415,2989.2535858858428,2538.54
2026-02-07 11:00:00,11,5,1,1,0.6988909022607248,38.615117508853075,2893.806120139123,1114.3866367824724,27.284124631114416,2848.993374445155,35.79247665873369,2938.0499093164467,2428.46
2026-02-07 12:00:00,12,5,1,1,0.7086170227072794,41.11108641437561,3364.1718933491143,1137.7359948292049,29.608279142129486,2893.806120139123,38.615117508853075,3035.6571293111315,2870.86
2026-02-07 13:00:00,13,5,1,1,0.6711281731195694,38.83498858466121,3049.1885300640693,1115.2242963682866,27.475377870188087,3364.1718933491143,41.11108641437561,3102.388847850769,2496.92
2026-02-07 14:00:00,14,5,1,1,0.6505748964586963,39.673145993850184,3058.3092030278763,1100.8756547340688,29.134150797308727,3049.1885300640693,38.83498858466121,3157.2232088136866,2405.23
2026-02-07 15:00:00,15,5,1,1,0.6418037035664989,38.1473376064307,2905.175142515087,1082.689627675504,27.001264771480113,3058.3092030278763,39.673145993850184,3004.2242918690113,2312.23
2026-02-07 16:00:00,16,5,1,2,0.583821981360398,28.699353917867317,2643.7498745833627,1058.5730742894523,28.502842974079645,2905.175142515087,38.1473376064307,2869.0780733754423,1936.44
2026-02-07 17:00:00,17,5,1,2,0.54469406464877,35.125576239687334,2451.8515669191825,1098.355542370016,26.021942999402345,2643.7498745833627,28.699353917867317,2666.9255280058774,1754.43
2026-02-07 18:00:00,18,5,1,2,0.4828028771804016,40.14226575076535,2754.9402077117115,1102.666988974987,27.98865818975213,2451.8515669191825,35.125576239687334,2616.847216404752,1756.56
2026-02-07 19:00:00,19,5,1,2,0.49593012195442776,34.06440570774203,2582.798677202719,1094.1160899092538,27.504557667588443,2754.9402077117115,40.14226575076535,2596.530150611204,1703.92
2026-02-07 20:00:00,20,5,1,2,0.4716661270930001,34.788424410366424,2637.5046543558024,1100.132450983976,26.038634177893123,2582.798677202719,34.06440570774203,2658.414513090078,1670.13
2026-02-07 21:00:00,21,5,1,2,0.48803547878563963,36.42452964290901,2754.055680556787,1116.5276043533906,24.71600174346889,2637.5046543558024,34.788424410366424,2658.1196707051026,1748.04
2026-02-07 22:00:00,22,5,1,2,0.4338444353009399,29.557343262086555,2546.9934677262067,1100.2992472693206,26.922885131350625,2754.055680556787,36.42452964290901,2646.1846008795987,1536.33
2026-02-07 23:00:00,23,5,1,2,0.44915339087280914,39.95880130345362,2858.8849773106986,1111.785390675786,27.616362607585504,2546.9934677262067,29.557343262086555,2719.978041864564,1726.85
2026-02-08 00:00:00,0,6,1,3,0.4637441171443936,28.708150787479806,2165.143089440591,1032.1381890212276,25.88413486455879,2858.8849773106986,39.95880130345362,2523.6738448258325,1375.46
2026-02-08 01:00:00,1,6,1,3,0.5125541162291528,33.71149914681188,2486.184046591921,1076.218394166768,26.015447188447,2165.143089440591,28.708150787479806,2503.40403778107,1668.7
2026-02-08 02:00:00,2,6,1,3,0.508094089352261,25.434384515666036,2181.4871879066377,1052.839102247829,24.755110721127934,2486.184046591921,33.71149914681188,2277.6047746463832,1455.96
2026-02-08 03:00:00,3,6,1,3,0.5493457642010539,34.36321672895239,2794.5318777835564,1041.5586480113823,29.72527387245656,2181.4871879066377,25.434384515666036,2487.4010374273716,1908.68
2026-02-08 04:00:00,4,6,1,3,0.5921579301943307,30.713044229121742,2214.350332899563,1107.568789919049,23.614342902518946,2794.5318777835564,34.36321672895239,2396.789799529919,1689.5
2026-02-08 05:00:00,5,6,1,3,0.61996684877748,29.935640300483254,2491.4129941487736,1073.3020090146947,27.185450554533002,2214.350332899563,30.713044229121742,2500.098401610631,1912.71
2026-02-08 06:00:00,6,6,1,3,0.6410713277089893,28.819085590236018,2318.448575906191,1074.810163225451,25.03863968986723,2491.4129941487736,29.935640300483254,2341.403967651509,1830.37
2026-02-08 07:00:00,7,6,1,3,0.6828767492240827,27.130149836739427,2321.3964068808123,1092.6587609101143,25.335053681647533,2318.448575906191,28.819085590236018,2377.085992311926,1985.25
2026-02-08 08:00:00,8,6,1,1,0.7227161915270168,44.20186080465855,3276.8443702133227,1111.0538724650755,28.542291168288983,2321.3964068808123,27.130149836739427,2638.896451000109,2829.5
2026-02-08 09:00:00,9,6,1,1,0.6946993096922482,40.491259544468164,3021.0147638859085,1126.3160864499735,27.10592808394752,3276.8443702133227,44.20186080465855,2873.0851803266814,2524.74
2026-02-08 10:00:00,10,6,1,1,0.7226593934829375,33.115256037444965,2880.291255213183,1079.7144210722315,28.286439902994097,3021.0147638859085,40.491259544468164,3059.3834631041377,2481.43
2026-02-08 11:00:00,11,6,1,1,0.701227199381686,36.08984738402549,3002.574855533822,1089.7572178607038,29.67735516691936,2880.291255213183,33.115256037444965,2967.9602915443047,2514.27
2026-02-08 12:00:00,12,6,1,1,0.7251444891083183,39.34953986732538,3187.3761299184084,1088.0933497741921,29.188603493224022,3002.574855533822,36.08984738402549,3023.4140802218044,2782.26
2026-02-08 13:00:00,13,6,1,1,0.6485312112704411,41.08499644107944,3147.2282836031386,1155.980066106481,28.61481934079831,3187.3761299184084,39.34953986732538,3112.3930896851234,2501.7
2026-02-08 14:00:00,14,6,1,1,0.6388215630545682,39.80194028885037,3019.1086701998847,1099.8202601535122,26.879966968413854,3147.2282836031386,41.08499644107944,3117.904361240477,2368.9
2026-02-08 15:00:00,15,6,1,1,0.6237789038156433,44.26639776427782,3104.933459989641,1144.552197229504,28.96996851895481,3019.1086701998847,39.80194028885037,3090.4234712642215,2448.42
2026-02-08 16:00:00,16,6,1,2,0.6113104805846867,27.171143475864813,2321.026248590645,1011.8093892166609,28.324373720043976,3104.933459989641,44.26639776427782,2815.022792926724,1763.19
2026-02-08 17:00:00,17,6,1,2,0.5424503284641873,34.50255777776806,2603.4818378928408,1117.509944353317,26.221439244422026,2321.026248590645,27.171143475864813,2676.4805154910423,1834.77
2026-02-08 18:00:00,18,6,1,2,0.49889600946613605,27.63707271114496,2127.7743560578483,1086.8535697435063,24.641400891637254,2603.4818378928408,34.50255777776806,2350.760814180445,1399.49
2026-02-08 19:00:00,19,6,1,2,0.5186281920226952,36.65899303419459,2585.0258457431614,1099.0718248942107,25.943445861966673,2127.7743560578483,27.63707271114496,2438.7606798979505,1798.99
2026-02-08 20:00:00,20,6,1,2,0.4297961654618537,33.66939449945299,2459.111695041212,1079.004016344364,25.6097419020774,2585.0258457431614,36.65899303419459,2390.637298947407,1461.82
2026-02-08 21:00:00,21,6,1,2,0.4007942651871288,35.46863490208441,2418.1304387559085,1101.8745397486769,22.766075331446167,2459.111695041212,33.66939449945299,2487.422659846761,1344.46
2026-02-08 22:00:00,22,6,1,2,0.4488002890010666,30.97640963793582,2295.816546114496,1131.1254050737505,26.13876428340851,2418.1304387559085,35.46863490208441,2391.019559970539,1418.8
2026-02-08 23:00:00,23,6,1,2,0.43472929983247816,38.478127260802125,2595.456083919333,1059.8315915706214,25.636857668105574,2295.816546114496,30.97640963793582,2436.467689596579,1522.1
2026-02-09 00:00:00,0,0,0,3,0.43833178712756427,41.64603632420598,2824.5741531627164,1136.134829986177,25.482931434658894,2595.456083919333,38.478127260802125,2571.948927732182,1672.42
2026-02-09 01:00:00,1,0,0,3,0.49517217957987036,40.042405060541604,2713.264527924825,1087.379187688319,27.948043032761806,2824.5741531627164,41.64603632420598,2711.0982550022914,1816.63
2026-02-09 02:00:00,2,0,0,3,0.514876014275424,37.546689635977955,2494.360443114998,1099.6887986364186,25.016113468333007,2713.264527924825,40.042405060541604,2677.399708067513,1664.95
2026-02-09 03:00:00,3,0,0,3,0.5324837610709124,40.02950049853296,3044.038350102321,1103.9209990171653,27.74039163568056,2494.360443114998,37.546689635977955,2750.5544403807144,2063.27
2026-02-09 04:00:00,4,0,0,3,0.5543939120265821,35.52587601204428,2748.9693082655003,1081.3955476032331,28.922961896977963,3044.038350102321,40.02950049853296,2762.4560338276065,1946.12
2026-02-09 05:00:00,5,0,0,3,0.6336838128799558,40.99444480657249,2751.267685713364,1113.7161509999717,25.479833328081796,2748.9693082655003,35.52587601204428,2848.0917813603955,2169.62
2026-02-09 06:00:00,6,0,0,3,0.6630040235591731,43.773183130133724,3002.4838084544504,1096.7384538885901,26.16916147999752,2751.267685713364,40.99444480657249,2834.240267477772,2425.79
2026-02-09 07:00:00,7,0,0,3,0.6770114320905289,41.747136959927154,2928.716973975277,1142.7180587429077,28.08555734072573,3002.4838084544504,43.773183130133724,2894.156156047697,2447.04
2026-02-09 08:00:00,8,0,0,1,0.7381762964507748,47.446391355674066,3578.0179135781505,1094.9319776427312,31.306111215406276,2928.716973975277,41.747136959927154,3169.73956533596,3152.79
2026-02-09 09:00:00,9,0,0,1,0.6938279203539465,51.26496061045586,3508.6906242713044,1168.553955262532,27.806425352959327,3578.0179135781505,47.446391355674066,3338.4751706082443,2958.62
2026-02-09 10:00:00,10,0,0,1,0.6894894965815052,45.474004596844736,3477.3830209359044,1123.7326220740147,30.080504420657626,3508.6906242713044,51.26496061045586,3521.363852928453,2895.16
2026-02-09 11:00:00,11,0,0,1,0.7013914542828447,52.00336608911486,3574.4028375053367,1128.7403420112732,30.611875572971822,3477.3830209359044,45.474004596844736,3520.1588275708486,2967.12
2026-02-09 12:00:00,12,0,0,1,0.7003318362027114,51.577111945018885,3460.6665490256164,1161.3680320450428,27.064562582987936,3574.4028375053367,52.00336608911486,3504.150802488953,2933.27
2026-02-09 13:00:00,13,0,0,1,0.6838617383525705,43.455642811637425,3342.400313641424,1084.8987940788877,30.09953598429341,3460.6665490256164,51.577111945018885,3459.156566724126,2716.81
2026-02-09 14:00:00,14,0,0,1,0.6451752788428733,45.933756546306725,3521.9100554784936,1134.7278717282177,30.791627240738926,3342.400313641424,43.455642811637425,3441.658972715178,2787.08
2026-02-09 15:00:00,15,0,0,1,0.6232757742446388,49.00901386139682,3815.954700586539,1110.4641327502984,30.3457063140479,3521.9100554784936,45.933756546306725,3560.0883565688187,2906.76
2026-02-09 16:00:00,16,0,0,2,0.554969211516191,42.94699088500711,2788.6475580144943,1133.3197656479742,28.798307494805925,3815.954700586539,49.00901386139682,3375.504104693175,2002.07
2026-02-09 17:00:00,17,0,0,2,0.5726406257671123,39.76683072603418,2873.3777448812325,1085.9583895633773,28.94167250546059,2788.6475580144943,42.94699088500711,3159.3266678274217,2080.98
2026-02-09 18:00:00,18,0,0,2,0.5083569764321486,45.36142555273264,2992.088000617745,1120.1708517851978,28.09736817958646,2873.3777448812325,39.76683072603418,2884.704434504491,1979.34
2026-02-09 19:00:00,19,0,0,2,0.5033509672656459,44.880157631291794,3113.6101386710147,1136.8693652237464,27.836965993846796,2992.088000617745,45.36142555273264,2993.025294723331,2065.7
2026-02-09 20:00:00,20,0,0,2,0.46561095039773265,43.32005803807518,2772.943865565633,1103.9666793562446,26.075752747452565,3113.6101386710147,44.880157631291794,2959.5473349514646,1731.06
2026-02-09 21:00:00,21,0,0,2,0.4539054487026061,41.35472974944573,2709.43046564123,1113.9698190060753,26.986358674231337,2772.943865565633,43.32005803807518,2865.3281566259598,1707.21
2026-02-09 22:00:00,22,0,0,2,0.451395345604644,47.67047494245797,3052.066393630631,1102.8361372387105,28.857265349080453,2709.43046564123,41.35472974944573,2844.813574945832,1863.67
2026-02-09 23:00:00,23,0,0,2,0.45372455551987667,49.793924895809035,3250.2023057915767,1164.94758967314,28.444995452723152,3052.066393630631,47.67047494245797,3003.8997216878124,1989.77
2026-02-10 00:00:00,0,1,0,3,0.4716108986675294,36.30753480653712,2556.9093143095674,1139.3529843649176,23.886029841384122,3250.2023057915767,49.793924895809035,2953.059337910592,1615.94
2026-02-10 01:00:00,1,1,0,3,0.507588101236532,35.857415789958125,2692.6702318177263,1163.2348848575814,28.498024112884305,2556.9093143095674,36.30753480653712,2833.26061730629,1840.07
2026-02-10 02:00:00,2,1,0,3,0.5139304233940294,39.719226828941984,2910.5925614933394,1111.156110982429,27.930243071191672,2692.6702318177263,35.857415789958125,2720.057369206878,1904.45
2026-02-10 03:00:00,3,1,0,3,0.5579454088374173,36.746897170885546,2725.559677639292,1116.6926922034718,26.629649529452106,2910.5925614933394,39.719226828941984,2776.274156983453,1945.92
2026-02-10 04:00:00,4,1,0,3,0.5782052861142555,37.51210979767868,2882.2994576548454,1055.5327973680276,28.636254924957427,2725.559677639292,36.746897170885546,2839.483898929159,2081.1
2026-02-10 05:00:00,5,1,0,3,0.6450370106233423,40.58878603103635,2876.3945669312766,1149.9235022817852,29.41754820555023,2882.2994576548454,37.51210979767868,2828.0845674084717,2346.64
2026-02-10 06:00:00,6,1,0,3,0.6364721539588145,31.317253693724474,2263.2488109767814,1094.6747273930005,22.18186881987047,2876.3945669312766,40.58878603103635,2673.980945187635,1791.9
2026-02-10 07:00:00,7,1,0,3,0.7150137580243329,42.61405813698434,3081.2377977888964,1108.3578964241565,28.791909039202803,2263.2488109767814,31.317253693724474,2740.2937252323186,2642.78
2026-02-10 08:00:00,8,1,0,1,0.7004403975169345,50.25438183515269,3488.8284343091514,1181.947047347836,27.917449061391423,3081.2377977888964,42.61405813698434,2944.43834769161,2959.0
2026-02-10 09:00:00,9,1,0,1,0.6866141136381085,48.55977399403237,3594.440049693725,1137.8771940599959,30.580399440471147,3488.8284343091514,50.25438183515269,3388.168760597258,2957.84
2026-02-10 10:00:00,10,1,0,1,0.7225620882982158,49.68768046022493,3724.7937266967347,1137.3000922655358,30.56949173183861,3594.440049693725,48.55977399403237,3602.6874035665373,3168.33
2026-02-10 11:00:00,11,1,0,1,0.7016085825309719,49.86850274257181,3598.8851847033793,1161.3573841059745,30.759155780739924,3724.7937266967347,49.68768046022493,3639.37298703128,3068.12
2026-02-10 12:00:00,12,1,0,1,0.7180564275095959,43.94079543794276,3097.7967371276663,1099.179319256013,27.726891986365303,3598.8851847033793,49.86850274257181,3473.825216175927,2688.26
2026-02-10 13:00:00,13,1,0,1,0.6659424697800688,55.23228379608633,3675.26731084271,1196.469754294344,28.003002901959384,3097.7967371276663,43.94079543794276,3457.316410891252,2998.18
2026-02-10 14:00:00,14,1,0,1,0.6410763313357043,50.14463971294717,3715.2381231088384,1124.1788135536176,29.84368524752146,3675.26731084271,55.23228379608633,3496.1007236930714,2912.91
2026-02-10 15:00:00,15,1,0,1,0.5784438516954422,51.55050745656581,3599.4781132683233,1129.9506600806835,30.486477539728817,3715.2381231088384,50.14463971294717,3663.3278490732905,2587.3
2026-02-10 16:00:00,16,1,0,2,0.5709538736150184,47.33042419700915,3139.4179130584716,1116.5794520778284,29.68319717127184,3599.4781132683233,51.55050745656581,3484.7113831452116,2253.46
2026-02-10 17:00:00,17,1,0,2,0.4952877471530679,40.42593139853895,2910.225842873886,1130.6912265320589,26.29455524901259,3139.4179130584716,47.33042419700915,3216.3739564002267,1880.93
2026-02-10 18:00:00,18,1,0,2,0.47832194353028556,45.6571516466233,3138.130567547687,1117.2092225485005,29.69290773740658,2910.225842873886,40.42593139853895,3062.5914411600147,1977.72
2026-02-10 19:00:00,19,1,0,2,0.4962133437567693,43.06325618185422,2971.302505669695,1088.5531301182377,27.126894937989825,3138.130567547687,45.6571516466233,3006.5529720304235,1896.62
2026-02-10 20:00:00,20,1,0,2,0.4744724466431952,46.96369771325773,3088.326192550142,1122.7127908546358,28.729360499747237,2971.302505669695,43.06325618185422,3065.9197552558417,1946.61
2026-02-10 21:00:00,21,1,0,2,0.4532795355552297,36.55470402876976,2607.4414678067565,1095.417756848067,26.079598815917095,3088.326192550142,46.96369771325773,2889.023388675532,1578.19
2026-02-10 22:00:00,22,1,0,2,0.42066047713741567,43.65316994915556,3067.3405067469616,1095.0883677050126,28.443073109077726,2607.4414678067565,36.55470402876976,2921.036055701287,1709.03
2026-02-10 23:00:00,23,1,0,2,0.44381615719669076,41.89012770475613,2951.4840904421612,1088.768483093166,28.908533462958204,3067.3405067469616,43.65316994915556,2875.4220216652934,1750.94
2026-02-11 00:00:00,0,2,0,3,0.45868439268836714,39.51292032721955,2747.2054146507444,1160.834089661368,25.684934489422904,2951.4840904421612,41.89012770475613,2922.010003946623,1683.22
2026-02-11 01:00:00,1,2,0,3,0.4578377568500325,39.64515465578871,2913.885437069669,1087.0664835278076,26.8970643808027,2747.2054146507444,39.51292032721955,2870.858314054192,1762.18
2026-02-11 02:00:00,2,2,0,3,0.540067966035343,35.52330936812291,2583.0648277499567,1084.0171782531665,26.83217119731036,2913.885437069669,39.64515465578871,2748.05189315679,1787.78
2026-02-11 03:00:00,3,2,0,3,0.5613125794971605,35.50739147538385,2495.6331554721455,1082.8486408815531,29.200677578143573,2583.0648277499567,35.52330936812291,2664.1944734305907,1848.48
2026-02-11 04:00:00,4,2,0,3,0.5755807165234067,37.61267121004935,2601.493720583819,1089.9167646459364,25.635818080679204,2495.6331554721455,35.50739147538385,2560.0639012686406,1935.74
2026-02-11 05:00:00,5,2,0,3,0.6167723830942434,34.86175220439677,2451.3299488406824,1104.9806773168148,28.619260492665244,2601.493720583819,37.61267121004935,2516.152274965549,1953.48
2026-02-11 06:00:00,6,2,0,3,0.654167656158951,40.94694293408244,2809.9232300412673,1137.491345498131,29.771718731214428,2451.3299488406824,34.86175220439677,2620.9156331552563,2282.67
2026-02-11 07:00:00,7,2,0,3,0.6381602519976308,36.70777479843394,2799.8967793298707,1089.182238405446,27.216215883590994,2809.9232300412673,40.94694293408244,2687.0499860706072,2232.85
2026-02-11 08:00:00,8,2,0,1,0.6963000088794095,39.825541232374256,2995.5379337331806,1078.3902077646883,27.62734341433739,2799.8967793298707,36.70777479843394,2868.452647701439,2543.75
2026-02-11 09:00:00,9,2,0,1,0.7015899307205136,48.68812280182368,3513.5826174042377,1176.6134969035172,28.881463819616492,2995.5379337331806,39.825541232374256,3103.00577682243,2980.45
2026-02-11 10:00:00,10,2,0,1,0.6999675998021017,46.3650966270461,3307.626626741785,1133.0768592282675,28.94357905274008,3513.5826174042377,48.68812280182368,3272.2490592930676,2828.78
2026-02-11 11:00:00,11,2,0,1,0.7096076098227504,44.290534645886694,3261.836974112329,1170.420183954976,27.18472659463629,3307.626626741785,46.3650966270461,3361.0154060861173,2784.65
2026-02-11 12:00:00,12,2,0,1,0.7371972870668119,45.669006766220996,3173.900359041714,1076.536379625755,28.488181042687664,3261.836974112329,44.290534645886694,3247.787986631943,2757.6
2026-02-11 13:00:00,13,2,0,1,0.6918118065914568,50.382929651415395,3540.767246814908,1156.4167991377446,31.598813818004054,3173.900359041714,45.669006766220996,3325.5015266563173,2969.77
2026-02-11 14:00:00,14,2,0,1,0.638576420204344,54.65024289886881,3736.0162848725013,1216.5661299423803,29.720085541269608,3540.767246814908,50.382929651415395,3483.561296909708,2983.06
2026-02-11 15:00:00,15,2,0,1,0.627686321941476,51.09614565852743,3664.161107918018,1145.552979248156,29.925001194939867,3736.0162848725013,54.65024289886881,3646.981546535142,2789.15
2026-02-11 16:00:00,16,2,0,2,0.60798710873172,41.87723814124491,2911.2694259466653,1111.8716169816137,25.66286285070153,3664.161107918018,51.09614565852743,3437.148939579062,2202.61
2026-02-11 17:00:00,17,2,0,2,0.5622580073439024,45.59566468309746,2907.9978557451404,1139.7704510221483,28.142200691574388,2911.2694259466653,41.87723814124491,3161.142796536608,2116.1
2026-02-11 18:00:00,18,2,0,2,0.5111926073984034,42.39318391423353,3037.7970654257338,1105.6028401848102,28.44336824002743,2907.9978557451404,45.59566468309746,2952.354782372513,1998.02
2026-02-11 19:00:00,19,2,0,2,0.46806631507977187,41.568898707928994,2895.836806683444,1108.4737965303977,27.729232187330407,3037.7970654257338,42.39318391423353,2947.2105759514398,1794.05
2026-02-11 20:00:00,20,2,0,2,0.4727209097424504,39.95973066118455,2821.995101814603,1101.3935452899532,27.146457879115438,2895.836806683444,41.568898707928994,2918.5429913079265,1768.68
2026-02-11 21:00:00,21,2,0,2,0.4526400920279654,37.86859917636898,2702.9850805303877,1085.7888783448166,26.65864076590768,2821.995101814603,39.95973066118455,2806.9389963428116,1626.34
2026-02-11 22:00:00,22,2,0,2,0.4579038644005546,42.63526702704194,2856.456122550221,1151.2624818631818,28.123800688941543,2702.9850805303877,37.86859917636898,2793.812101631737,1753.68
2026-02-11 23:00:00,23,2,0,2,0.45747382035316975,44.55318721472046,3031.0297054322677,1139.7396996662928,28.068852429534545,2856.456122550221,42.63526702704194,2863.490302837626,1866.69
2026-02-12 00:00:00,0,3,0,3,0.4797474977765652,37.66181715494788,2751.8523842840846,1106.912974422374,27.550807526813347,3031.0297054322677,44.55318721472046,2879.779404088858,1772.07
2026-02-12 01:00:00,1,3,0,3,0.470300346402672,36.54411575218425,2434.8577258868245,1116.39073818099,26.374171800568206,2751.8523842840846,37.66181715494788,2739.246605201059,1582.93
2026-02-12 02:00:00,2,3,0,3,0.5363478813126865,34.689888787561266,2496.3936949587255,1082.1506593201584,27.669425061044,2434.8577258868245,36.54411575218425,2561.034601709878,1731.72
2026-02-12 03:00:00,3,3,0,3,0.5477173257794951,40.12886167089739,2775.2051387419524,1091.160351224767,28.063076712656574,2496.3936949587255,34.689888787561266,2568.8188531958344,1932.05
2026-02-12 04:00:00,4,3,0,3,0.6215052174525053,33.39003828018695,2533.2921952917263,1068.494545505384,26.675741529419316,2775.2051387419524,40.12886167089739,2601.6303429974682,1958.22
2026-02-12 05:00:00,5,3,0,3,0.6024509099525615,40.71609769845217,2975.4217171416026,1112.908966821424,29.740178827254624,2533.2921952917263,33.39003828018695,2761.3063503917606,2287.22
2026-02-12 06:00:00,6,3,0,3,0.6847192760633048,34.492240433756464,2459.541921767427,1061.4886690257033,26.702795307425966,2975.4217171416026,40.71609769845217,2656.085278066919,2087.72
2026-02-12 07:00:00,7,3,0,3,0.6829531650353695,35.36647666926438,2531.736028498756,1078.9593812623907,28.005075321544354,2459.541921767427,34.492240433756464,2655.5665558025953,2156.1
2026-02-12 08:00:00,8,3,0,1,0.6882151964575325,44.86625183284513,3257.4772392004447,1116.5620912845948,29.586588594065447,2531.736028498756,35.36647666926438,2749.5850631555427,2739.07
2026-02-12 09:00:00,9,3,0,1,0.7055518989993831,48.24509248590027,3374.845851052967,1196.0942756893264,27.039183275458704,3257.4772392004447,44.86625183284513,3054.6863729173892,2895.95
2026-02-12 10:00:00,10,3,0,1,0.7135930538361136,53.413593604672926,3661.94933279681,1094.3090009203438,31.77229949197256,3374.845851052967,48.24509248590027,3431.424141016741,3136.03
2026-02-12 11:00:00,11,3,0,1,0.7237129346085078,51.80469830955385,3723.7076903284797,1152.7283002030745,30.5745704573728,3661.94933279681,53.413593604672926,3586.834291392752,3238.61
2026-02-12 12:00:00,12,3,0,1,0.7117002662905314,53.424477392098126,3577.641223200694,1206.8402543887619,29.86312501892138,3723.7076903284797,51.80469830955385,3654.4327487753276,3090.21
2026-02-12 13:00:00,13,3,0,1,0.6675209492873451,51.827498910768774,3683.5751784029435,1160.3561072463865,30.616201944997304,3577.641223200694,53.424477392098126,3661.6413639773723,2964.92
2026-02-12 14:00:00,14,3,0,1,0.6495129081547802,46.13715560014371,3171.9437344042663,1153.3840592361023,28.159165986999074,3683.5751784029435,51.827498910768774,3477.720045335968,2563.38
2026-02-12 15:00:00,15,3,0,1,0.6590800734865901,48.842237714853546,3430.5401375953447,1147.8646087369084,29.707568424451217,3171.9437344042663,46.13715560014371,3428.686350134185,2795.41
2026-02-12 16:00:00,16,3,0,2,0.6145508634020141,41.26930304808888,2817.579921137841,1098.3938776619436,26.68168179084776,3430.5401375953447,48.842237714853546,3140.021264379151,2142.08
2026-02-12 17:00:00,17,3,0,2,0.5524918070791277,48.65701216413664,3390.5487081358365,1088.5801502938236,30.830955737600696,2817.579921137841,41.26930304808888,3212.889588956341,2381.51
2026-02-12 18:00:00,18,3,0,2,0.5107600695633641,39.81123973750791,2758.5295116175334,1114.381351125939,27.058792635713186,3390.5487081358365,48.65701216413664,2988.886046963737,1880.32
2026-02-12 19:00:00,19,3,0,2,0.48340567716824856,47.127941912861885,2856.6081692646744,1119.1216025363879,27.06292661961533,2758.5295116175334,39.81123973750791,3001.895463006015,1848.58
2026-02-12 20:00:00,20,3,0,2,0.47102680292478694,47.12533854538069,2880.7735657187814,1118.4929690273902,26.49266757353281,2856.6081692646744,47.127941912861885,2831.9704155336635,1803.15
2026-02-12 21:00:00,21,3,0,2,0.4243145330155623,50.4036707060063,3272.2487321318854,1139.1400014245476,29.23002672075132,2880.7735657187814,47.12533854538069,3003.2101557051137,1898.53
2026-02-12 22:00:00,22,3,0,2,0.43485246925153304,42.56609692579676,2989.1268643556427,1163.8859228687743,28.18828473466892,3272.2487321318854,50.4036707060063,3047.38305406877,1768.92
2026-02-12 23:00:00,23,3,0,2,0.41139870284197855,46.49312755853057,3137.2454430491457,1196.0934487904715,28.923594346576827,2989.1268643556427,42.56609692579676,3132.873679845558,1794.09
2026-02-13 00:00:00,0,4,0,3,0.4667409059222841,45.985781427885954,3089.4685769509865,1139.373324149754,27.06552632483047,3137.2454430491457,46.49312755853057,3071.9469614519253,1923.17
2026-02-13 01:00:00,1,4,0,3,0.49394896942793814,35.83825413073206,2752.1925875836228,1081.733835925135,25.252557853371524,3089.4685769509865,45.985781427885954,2992.968869194585,1719.98
2026-02-13 02:00:00,2,4,0,3,0.5003362707540125,32.627359133636745,2403.480214525198,1051.0787760982666,26.762310278091864,2752.1925875836228,35.83825413073206,2748.380459686603,1553.12
2026-02-13 03:00:00,3,4,0,3,0.5752450689514477,31.419964881322826,2521.2876863827464,1087.393363563943,28.1858625221943,2403.480214525198,32.627359133636745,2558.9868294971893,1854.05
2026-02-13 04:00:00,4,4,0,3,0.5554846867399531,40.49449210101466,2626.4103583424894,1156.5506084056872,25.52307684760709,2521.2876863827464,31.419964881322826,2517.059419750145,1904.76
2026-02-13 05:00:00,5,4,0,3,0.5869471687101565,31.408974271794957,2304.8101022782052,1069.4523874115507,27.59002988120139,2626.4103583424894,40.49449210101466,2484.169382334481,1749.8
2026-02-13 06:00:00,6,4,0,3,0.6544890363711994,36.69688331471727,2434.5147817704587,1037.3126322400385,26.455742543051855,2304.8101022782052,31.408974271794957,2455.2450807970513,2016.98
2026-02-13 07:00:00,7,4,0,3,0.6999369154183597,39.53059615463636,2745.895390878261,1124.8736264139336,27.144509150799873,2434.5147817704587,36.69688331471727,2495.073424975642,2366.18
2026-02-13 08:00:00,8,4,0,1,0.7349221103589788,50.6481143789047,3573.6138009787505,1177.22745030187,29.43498756740757,2745.895390878261,39.53059615463636,2918.007991209157,3165.7
2026-02-13 09:00:00,9,4,0,1,0.7060519304230907,51.4890570246446,3630.6997451761895,1116.310087088932,28.44091086061064,3573.6138009787505,50.6481143789047,3316.7363123444006,3038.7
2026-02-13 10:00:00,10,4,0,1,0.7415736166686259,50.77801449530299,3592.4366546350907,1157.5241625727858,31.160063067893155,3630.6997451761895,51.4890570246446,3598.916733596677,3213.12
2026-02-13 11:00:00,11,4,0,1,0.7144594462904553,54.47603034659688,3640.1149658994523,1179.18477178979,29.20298891927305,3592.4366546350907,50.77801449530299,3621.0837885702445,3131.05
2026-02-13 12:00:00,12,4,0,1,0.697791010531005,46.66689266741421,3377.1812687040538,1134.8398881194335,28.32150288479506,3640.1149658994523,54.47603034659688,3536.5776297461994,2841.74
2026-02-13 13:00:00,13,4,0,1,0.6966681481158501,47.63051701539514,3263.6796654600917,1120.7527950844467,30.06924379006465,3377.1812687040538,46.66689266741421,3426.9919666878664,2767.45
2026-02-13 14:00:00,14,4,0,1,0.6630464575682683,47.295691941552114,3591.8936143857154,1164.5811983552974,27.71339857861298,3263.6796654600917,47.63051701539514,3410.9181828499536,2896.6
2026-02-13 15:00:00,15,4,0,1,0.5847068231746679,52.90567134151914,3644.320081620601,1151.5381917168593,28.319416232600204,3591.8936143857154,47.295691941552114,3499.9644538221364,2619.61
2026-02-13 16:00:00,16,4,0,2,0.6095308069945179,47.15139505938272,3063.1464433869796,1101.4759261700326,28.18872705241357,3644.320081620601,52.90567134151914,3433.120046464432,2290.86
2026-02-13 17:00:00,17,4,0,2,0.5713671607685961,45.57928861761478,3241.740827205955,1081.0802923287172,29.15774407215901,3063.1464433869796,47.15139505938272,3316.4024507378454,2310.48
2026-02-13 18:00:00,18,4,0,2,0.4974887459698094,48.14222783411475,3017.330668509256,1174.0901493364418,28.639450472593563,3241.740827205955,45.57928861761478,3107.4059797007303,2020.18
2026-02-13 19:00:00,19,4,0,2,0.4889211213026315,39.876856964182664,2659.3881097043836,1124.9240272685086,26.502468840272442,3017.330668509256,48.14222783411475,2972.8198684731983,1741.3
2026-02-13 20:00:00,20,4,0,2,0.4686370471958334,49.83528439042898,3111.0413585850765,1151.540476239945,31.406581464320283,2659.3881097043836,39.876856964182664,2929.253378932906,2012.12
2026-02-13 21:00:00,21,4,0,2,0.44998385963600857,49.331335175992905,3211.765517115743,1136.3184747827015,28.432413986533476,3111.0413585850765,49.83528439042898,2994.064995135068,1949.47
2026-02-13 22:00:00,22,4,0,2,0.42899389692309153,46.57467699036011,3147.6562601227165,1123.0737476063623,28.21524415121912,3211.765517115743,49.331335175992905,3156.821045274512,1816.24
2026-02-13 23:00:00,23,4,0,2,0.43133791696076934,50.23629618069871,3349.3943843055818,1124.0517685117547,28.208263945108623,3147.6562601227165,46.57467699036011,3236.272053848014,1889.7
2026-02-14 00:00:00,0,5,1,3,0.4582453620503496,22.20181877312779,2307.7212828901465,1028.0208839785141,25.84109245612577,3349.3943843055818,50.23629618069871,2934.923975772815,1374.38
2026-02-14 01:00:00,1,5,1,3,0.5044596310190707,26.16443152308072,1907.4675240345407,1001.6555457143186,25.096178558571268,2307.7212828901465,22.20181877312779,2521.5277304100896,1301.29
2026-02-14 02:00:00,2,5,1,3,0.5208720030918886,25.42643788761317,2217.2379756375226,1033.3041602137398,26.835086917565228,1907.4675240345407,26.16443152308072,2144.14226085407,1491.76
2026-02-14 03:00:00,3,5,1,3,0.536353047043925,30.5251776331507,2306.7773247831133,1064.3272726238254,23.902116631948783,2217.2379756375226,25.42643788761317,2143.8276081517256,1590.92
2026-02-14 04:00:00,4,5,1,3,0.5954339742129668,24.32450741139249,2024.2330156460093,1062.5450308253303,24.452248979459856,2306.7773247831133,30.5251776331507,2182.7494386888816,1547.15
2026-02-14 05:00:00,5,5,1,3,0.5592638139017514,30.6512330226812,2304.9328306301886,1071.6067705063906,26.219153768404936,2024.2330156460093,24.32450741139249,2211.981057019771,1645.32
2026-02-14 06:00:00,6,5,1,3,0.6729753140074419,32.7968765039885,2366.807082182526,1101.060583862843,26.59382598212186,2304.9328306301886,30.6512330226812,2231.9909761529084,2006.42
2026-02-14 07:00:00,7,5,1,3,0.6442006737905546,30.433210150294,2571.6374369156442,1105.4612182290116,26.57998317908426,2366.807082182526,32.7968765039885,2414.45911657612,2083.43
2026-02-14 08:00:00,8,5,1,1,0.6939947377017588,40.99312858281525,3245.7664654683545,1140.4267666768635,29.470130314999704,2571.6374369156442,30.433210150294,2728.070328188842,2723.55
2026-02-14 09:00:00,9,5,1,1,0.6928362177879466,36.542443306847375,2947.193466235017,1107.9325194118533,26.853221549272426,3245.7664654683545,40.99312858281525,2921.5324562063392,2440.02
2026-02-14 10:00:00,10,5,1,1,0.6941063704855819,37.03602161856122,3128.742863133695,1098.4406534537645,30.29862939589435,2947.193466235017,36.542443306847375,3107.234264945689,2617.92
2026-02-14 11:00:00,11,5,1,1,0.7384461514280399,44.373666168538335,3115.3115017483597,1102.9749644638143,29.575525396069846,3128.742863133695,37.03602161856122,3063.749277039024,2727.35
2026-02-14 12:00:00,12,5,1,1,0.6918895325035835,42.72772151366866,3063.0628523553787,1139.4094873391575,26.596296163373054,3115.3115017483597,44.373666168538335,3102.372405745811,2582.21
2026-02-14 13:00:00,13,5,1,1,0.6859250270007309,39.86343168217859,2832.4982978346743,1151.4474112842527,26.15153733504214,3063.0628523553787,42.72772151366866,3003.6242173128044,2398.85
2026-02-14 14:00:00,14,5,1,1,0.6490615884224162,38.53731658981938,2950.2495017270776,1112.701917350538,26.577858905628638,2832.4982978346743,39.86343168217859,2948.6035506390435,2376.48
2026-02-14 15:00:00,15,5,1,1,0.6257754828588153,32.90967244411018,2800.3390831895285,1129.5701684870937,28.148027575707594,2950.2495017270776,38.53731658981938,2861.0289609170936,2176.13
2026-02-14 16:00:00,16,5,1,2,0.5815364378212051,30.252016534604465,2373.683773409081,1032.868773436891,24.370605924995974,2800.3390831895285,32.90967244411018,2708.0907861085625,1730.45
2026-02-14 17:00:00,17,5,1,2,0.5181054892018757,40.689966804989034,2848.9695355516924,1083.9057826004675,27.099335917455946,2373.683773409081,30.252016534604465,2674.3307973834344,1886.56
2026-02-14 18:00:00,18,5,1,2,0.5299253363889428,29.518405501491365,2159.0014278391814,1089.453659699672,25.742316701830735,2848.9695355516924,40.689966804989034,2460.5515789333185,1513.21
2026-02-14 19:00:00,19,5,1,2,0.4711299189706571,34.66317937427378,2656.221640956003,1095.2599727509264,26.774673015064288,2159.0014278391814,29.518405501491365,2554.730868115626,1628.09
2026-02-14 20:00:00,20,5,1,2,0.42762480549698356,37.52605390618319,2717.427727966923,1132.9487700390277,27.368757445411656,2656.221640956003,34.66317937427378,2510.8835989207028,1598.2
2026-02-14 21:00:00,21,5,1,2,0.4362080811002122,29.607770661991978,2420.3161935655585,1068.0442916297995,24.78875739160002,2717.427727966923,37.52605390618319,2597.988520829495,1408.49
2026-02-14 22:00:00,22,5,1,2,0.47001519581268614,34.64648666173379,2331.9604384672143,1066.8865610837267,26.487026709634076,2420.3161935655585,29.607770661991978,2489.9014533332324,1493.94
2026-02-14 23:00:00,23,5,1,2,0.46177481916180024,37.282704381287296,2715.100600213663,1093.7909864700232,26.314481063074346,2331.9604384672143,34.64648666173379,2489.1257440821455,1653.85
2026-02-15 00:00:00,0,6,1,3,0.45178340078202134,28.043747626675376,2119.4368144102887,1023.8578912336081,24.6752457720901,2715.100600213663,37.282704381287296,2388.8326176970554,1291.24
2026-02-15 01:00:00,1,6,1,3,0.47401989654751475,38.03941069483369,2664.0946909613526,1073.942875951909,27.16559371002503,2119.4368144102887,28.043747626675376,2499.5440351951015,1669.9
2026-02-15 02:00:00,2,6,1,3,0.5035672989756523,22.15990259392632,2061.3194045630503,1062.9507103236554,24.994758547713854,2664.0946909613526,38.03941069483369,2281.616969978231,1361.37
2026-02-15 03:00:00,3,6,1,3,0.5853002933568638,31.705549854593578,2437.680976207421,1098.6418847801147,26.154379276843446,2061.3194045630503,22.15990259392632,2387.6983572439417,1820.56
2026-02-15 04:00:00,4,6,1,3,0.587638709044631,27.395193919112376,2130.5989287865386,1068.6558827966014,24.201244242916356,2437.680976207421,31.705549854593578,2209.8664365190034,1598.54
2026-02-15 05:00:00,5,6,1,3,0.6248354992581743,30.701720541928363,2382.3302031289063,1029.7799441437016,25.581641383657324,2130.5989287865386,27.395193919112376,2316.8700360409557,1856.3
2026-02-15 06:00:00,6,6,1,3,0.6706056690806368,29.54457503094736,2145.721638563394,1059.2182107359674,25.155025770882425,2382.3302031289063,30.701720541928363,2219.55025682628,1794.26
2026-02-15 07:00:00,7,6,1,3,0.6837707325466469,25.43395331011501,2282.5599864629708,1021.1108160239587,23.9584310084094,2145.721638563394,29.54457503094736,2270.203942718424,1868.55
2026-02-15 08:00:00,8,6,1,1,0.6960627136134073,40.80148737360769,3111.432849472796,1142.619280839125,27.81640327199993,2282.5599864629708,25.43395331011501,2513.238158166387,2622.8
2026-02-15 09:00:00,9,6,1,1,0.71130261869877,33.497344920105995,2941.606514715409,1069.3963263413589,28.27057090389078,3111.432849472796,40.80148737360769,2778.5331168837256,2481.9
2026-02-15 10:00:00,10,6,1,1,0.7185679748117187,42.111366251999875,3131.827678888469,1091.3017722384607,26.906501671680484,2941.606514715409,33.497344920105995,3061.6223476922255,2678.05
2026-02-15 11:00:00,11,6,1,1,0.7144851709502726,41.04355463096684,3084.130839784718,1114.9191226519029,29.668334114528815,3131.827678888469,42.111366251999875,3052.521677796199,2709.05
2026-02-15 12:00:00,12,6,1,1,0.715796147402561,42.23531059025086,3108.8865621647474,1102.937380940138,29.886491122335638,3084.130839784718,41.04355463096684,3108.281693612645,2672.93
2026-02-15 13:00:00,13,6,1,1,0.6800338670822625,43.70341413780503,3371.794508004395,1161.9072543063126,27.745134335529215,3108.8865621647474,42.23531059025086,3188.270636651287,2767.13
2026-02-15 14:00:00,14,6,1,1,0.6646528015443115,41.28666944073399,3072.7683859536123,1096.7764053245812,29.87170484617221,3371.794508004395,43.70341413780503,3184.4831520409184,2493.92
2026-02-15 15:00:00,15,6,1,1,0.6146203347121812,40.518312969293966,3200.6755355080495,1077.0925453965601,28.49662054523894,3072.7683859536123,41.28666944073399,3215.0794764886864,2398.14
2026-02-15 16:00:00,16,6,1,2,0.5815727038063218,30.916260821685476,2345.3374492555317,1019.842205392804,26.320008968506905,3200.6755355080495,40.518312969293966,2872.9271235723977,1712.49
2026-02-15 17:00:00,17,6,1,2,0.5038013199950049,31.50722732722832,2180.7096337382804,1075.2592467485779,24.67305084990704,2345.3374492555317,30.916260821685476,2575.5742061672877,1472.54
2026-02-15 18:00:00,18,6,1,2,0.5283265534940497,38.15357117062066,2648.4730145435533,1088.5660318360344,27.93589717448396,2180.7096337382804,31.50722732722832,2391.5066991791223,1792.35
2026-02-15 19:00:00,19,6,1,2,0.4879348201518432,39.02717391997093,2614.7298406751497,1070.3860805170907,27.203078958202234,2648.4730145435533,38.15357117062066,2481.304162985661,1712.76
2026-02-15 20:00:00,20,6,1,2,0.4787166456673716,33.16661347290781,2496.5659331227325,1112.3971154230258,25.34490253582532,2614.7298406751497,39.02717391997093,2586.589596113812,1604.84
2026-02-15 21:00:00,21,6,1,2,0.3868452767556566,34.16100961538646,2394.396504411452,1103.3251671472767,24.583079281413163,2496.5659331227325,33.16661347290781,2501.8974260697782,1291.67
2026-02-15 22:00:00,22,6,1,2,0.4817674940956145,30.83384968752182,2498.640248024236,1072.6299517766565,24.576437904496387,2394.396504411452,34.16100961538646,2463.2008951861403,1522.13
2026-02-15 23:00:00,23,6,1,2,0.4419785917564269,38.10464895843606,2703.780099887259,1136.526751938016,27.23813046467684,2498.640248024236,30.83384968752182,2532.2722841076493,1618.23
2026-02-16 00:00:00,0,0,0,3,0.48092009980492884,40.32895888292123,2793.4916303604064,1127.8792363666503,27.998604462003705,2703.780099887259,38.10464895843606,2665.303992757301,1792.38
2026-02-16 01:00:00,1,0,0,3,0.4602069320913727,44.79426102762312,3094.44880277755,1108.6056465725317,29.095988157127167,2793.4916303604064,40.32895888292123,2863.9068443417386,1947.1
2026-02-16 02:00:00,2,0,0,3,0.5222554781012514,34.92586922987091,2687.3329474332945,1063.7229728197144,26.81619917791546,3094.44880277755,44.79426102762312,2858.4244601904174,1808.67
2026-02-16 03:00:00,3,0,0,3,0.522697022422174,36.67697235343624,2648.0519056922726,1117.1574280250913,25.438443938843672,2687.3329474332945,34.92586922987091,2809.9445519677065,1761.3
2026-02-16 04:00:00,4,0,0,3,0.5675246207860839,38.8100607288395,2653.9086968518627,1115.149416827042,26.027872565211002,2648.0519056922726,36.67697235343624,2663.0978499924768,1917.9
2026-02-16 05:00:00,5,0,0,3,0.6545152933916886,40.2627133820402,2598.9457482583534,1115.2945477274275,28.045970860948824,2653.9086968518627,38.8100607288395,2633.6354502674963,2148.26
2026-02-16 06:00:00,6,0,0,3,0.646186351984733,37.24516326858328,2593.706376242026,1077.8182080026104,26.064133643286656,2598.9457482583534,40.2627133820402,2615.520273784081,2084.19
2026-02-16 07:00:00,7,0,0,3,0.6833436068297111,34.94463618341205,2498.4431586557866,1104.9772339087922,26.500245019003724,2593.706376242026,37.24516326858328,2563.6984277187225,2091.28
2026-02-16 08:00:00,8,0,0,1,0.7186449111435965,53.0849263512325,3701.668580164538,1143.4522333265813,29.048114686925263,2498.4431586557866,34.94463618341205,2931.2727050207836,3175.67
2026-02-16 09:00:00,9,0,0,1,0.7251432534399216,52.523973768909535,3622.1611938643655,1157.5462287107962,30.477770300765393,3701.668580164538,53.0849263512325,3274.0909775615637,3146.78
2026-02-16 10:00:00,10,0,0,1,0.7230083781028716,46.79304064802696,3488.2387858073844,1173.3457662517822,29.078241145343057,3622.1611938643655,52.523973768909535,3604.022853278763,3007.93
2026-02-16 11:00:00,11,0,0,1,0.722528835729794,54.74404980386923,3689.9242486216326,1152.4553433202234,31.55580275193636,3488.2387858073844,46.79304064802696,3600.1080760977943,3221.13
2026-02-16 12:00:00,12,0,0,1,0.749311868234587,54.09569548218811,3727.461356676112,1127.058050501931,31.353140436368548,3689.9242486216326,54.74404980386923,3635.2081303683767,3342.75
2026-02-16 13:00:00,13,0,0,1,0.6778425734254448,50.470037740367275,3713.230191500154,1125.5664711647164,29.782586835777302,3727.461356676112,54.09569548218811,3710.2052655992998,3040.25
2026-02-16 14:00:00,14,0,0,1,0.6540219809342993,50.278592518316124,3603.5556889988216,1175.9718407404553,29.85985546384554,3713.230191500154,50.470037740367275,3681.4157457250294,2897.35
2026-02-16 15:00:00,15,0,0,1,0.6372477542345051,51.939202198905676,3630.0595939481277,1164.125087230128,29.438859158445005,3603.5556889988216,50.278592518316124,3648.9484914823684,2829.76
2026-02-16 16:00:00,16,0,0,2,0.6021105186591597,40.984039254103095,2772.048433402418,1110.7142225491934,25.536841608820716,3630.0595939481277,51.939202198905676,3335.2212387831228,2110.99
2026-02-16 17:00:00,17,0,0,2,0.5675059397968547,44.10511017707429,2908.742190362546,1113.6930955755079,26.666876385751827,2772.048433402418,40.984039254103095,3103.6167392376974,2107.34
2026-02-16 18:00:00,18,0,0,2,0.5227746044405837,36.466657593867865,2538.9260013698204,1108.0006280643013,26.70094746449772,2908.742190362546,44.10511017707429,2739.9055417115947,1749.1
2026-02-16 19:00:00,19,0,0,2,0.45814495237927366,47.067594759260274,3053.1209402727645,1117.0427577622854,28.567381198784712,2538.9260013698204,36.466657593867865,2833.5963773350436,1865.89
2026-02-16 20:00:00,20,0,0,2,0.4914250741162005,38.53477372145349,2824.744718114725,1111.7807341018788,27.59407321136025,3053.1209402727645,47.067594759260274,2805.5972199191037,1814.5
2026-02-16 21:00:00,21,0,0,2,0.42184347645915665,49.261969399501496,3190.162030422495,1128.766513377682,28.271793769991287,2824.744718114725,38.53477372145349,3022.675896269995,1837.68
2026-02-16 22:00:00,22,0,0,2,0.44605270930478064,42.84457967111742,2766.033316874536,1098.9368340525932,28.339790983113637,3190.162030422495,49.261969399501496,2926.9800218039186,1735.81
2026-02-16 23:00:00,23,0,0,2,0.4296848673191432,43.259165563240884,3158.8427655130135,1107.0994763823383,28.605726170516505,2766.033316874536,42.84457967111742,3038.3460376033486,1824.06
2026-02-17 00:00:00,0,1,0,3,0.45747367653831866,35.80293132870423,2649.52773272911,1083.826539152718,27.675663702812173,3158.8427655130135,43.259165563240884,2858.134605038887,1613.88
2026-02-17 01:00:00,1,1,0,3,0.4875802988399529,36.99186394127273,2495.8006692956924,1096.7467098667485,24.190805405675952,2649.52773272911,35.80293132870423,2768.057055845939,1594.98
2026-02-17 02:00:00,2,1,0,3,0.5164271443090055,42.964859708018125,2880.396815591917,1127.7458337098503,22.89444241669771,2495.8006692956924,36.99186394127273,2675.2417392055736,1898.03
2026-02-17 03:00:00,3,1,0,3,0.5522037487703527,29.29266970212722,2331.4765025351353,974.9615465227978,26.11213397518948,2880.396815591917,42.964859708018125,2569.224662474249,1657.99
2026-02-17 04:00:00,4,1,0,3,0.6122742253811729,42.469378851308655,3115.6730995045746,1099.6862514615655,26.675858213882794,2331.4765025351353,29.29266970212722,2775.848805877209,2337.65
2026-02-17 05:00:00,5,1,0,3,0.6253053523446325,39.18308218385598,2630.2652032824544,1096.9430793015229,26.512608634352514,3115.6730995045746,42.469378851308655,2692.471601774055,2085.73
2026-02-17 06:00:00,6,1,0,3,0.6451168672941869,33.775424232499745,2637.0189767852025,1122.7282478952072,26.42754680672115,2630.2652032824544,39.18308218385598,2794.3190931907443,2106.88
2026-02-17 07:00:00,7,1,0,3,0.6982766927318838,34.23640662432767,2708.5766693314263,1059.9455612877575,28.933469620670063,2637.0189767852025,33.775424232499745,2658.620283133028,2304.57
2026-02-17 08:00:00,8,1,0,1,0.7250329663083143,55.86737559522871,3738.5933851763434,1177.5394178334127,30.94197381412014,2708.5766693314263,34.23640662432767,3028.063010430991,3286.63
2026-02-17 09:00:00,9,1,0,1,0.6906774593777296,46.69072592020044,3367.781032145792,1174.1386614241978,29.424967605977713,3738.5933851763434,55.86737559522871,3271.6503622178548,2825.51
2026-02-17 10:00:00,10,1,0,1,0.7319480013969971,45.963273212914146,3243.990184896284,1101.0288796029747,29.817690001881353,3367.781032145792,46.69072592020044,3450.1215340728068,2840.18
2026-02-17 11:00:00,11,1,0,1,0.7292530705266874,53.98060089827655,3704.7117034928083,1175.7717842397162,30.791236115849543,3243.990184896284,45.963273212914146,3438.827640178295,3285.8
2026-02-17 12:00:00,12,1,0,1,0.6952922864626215,51.1849350670007,3598.9312810938795,1134.6829444196399,29.447225212060143,3704.7117034928083,53.98060089827655,3515.877723160991,3032.41
2026-02-17 13:00:00,13,1,0,1,0.706509085632349,46.717260482122605,3481.4347214654017,1124.2531983712595,30.890553521190146,3598.9312810938795,51.1849350670007,3595.0259020173635,2976.49
2026-02-17 14:00:00,14,1,0,1,0.6469988882593494,50.75818741391617,3714.9404501486815,1132.9549788068318,29.051434680363013,3481.4347214654017,46.717260482122605,3598.435484235988,2923.96
2026-02-17 15:00:00,15,1,0,1,0.6187461953837837,46.40986560725903,3298.672424572059,1117.343029718639,29.383471373613805,3714.9404501486815,50.75818741391617,3498.3491987287143,2534.15
2026-02-17 16:00:00,16,1,0,2,0.5765385635143225,47.852874894479115,2917.3003625444408,1209.4593032755788,25.86725078885123,3298.672424572059,46.40986560725903,3310.304412421727,2223.26
2026-02-17 17:00:00,17,1,0,2,0.5440769146372764,47.71479837705597,3144.6165534543698,1161.9705903100155,28.726787807200427,2917.3003625444408,47.852874894479115,3120.1964468569568,2215.17
2026-02-17 18:00:00,18,1,0,2,0.488074498262096,45.8620216958768,3099.0154799106926,1160.9915333281624,28.561639169829824,3144.6165534543698,47.71479837705597,3053.6441319698347,2018.59
2026-02-17 19:00:00,19,1,0,2,0.45220403298199746,45.265813714364555,3066.8917396686097,1143.3630920283706,30.234718419859625,3099.0154799106926,45.8620216958768,3103.507924344558,1856.36
2026-02-17 20:00:00,20,1,0,2,0.490646544734678,50.16415843703581,3218.1863399655263,1110.500214038094,26.849319127754956,3066.8917396686097,45.265813714364555,3128.031186514943,2036.06
2026-02-17 21:00:00,21,1,0,2,0.42783115735316385,43.998902145858786,2994.9208485233175,1135.8695578415177,27.262004884053148,3218.1863399655263,50.16415843703581,3093.332976052485,1722.37
2026-02-17 22:00:00,22,1,0,2,0.4201721530108738,39.8634405610272,2975.7082022484933,1136.2770026067924,28.906246252717285,2994.9208485233175,43.998902145858786,3062.9384635791125,1739.3
2026-02-17 23:00:00,23,1,0,2,0.40170258204745607,45.573158694913076,3096.6002415465896,1110.9576479286745,28.724381512832068,2975.7082022484933,39.8634405610272,3022.409764106134,1665.13
2026-02-18 00:00:00,0,2,0,3,0.4459772085163885,45.3011646733799,2993.748199301725,1155.3378253725477,28.195526725944088,3096.6002415465896,45.573158694913076,3022.0188810322693,1813.81
2026-02-18 01:00:00,1,2,0,3,0.4545432547657334,34.44834177384952,2490.151641771709,1105.40177234175,25.153142629022113,2993.748199301725,45.3011646733799,2860.1666942066745,1469.14
2026-02-18 02:00:00,2,2,0,3,0.5428403032027274,36.73488031657105,2632.6873313243696,1143.2405223866258,26.066642420038185,2490.151641771709,34.44834177384952,2705.529057465935,1843.12
2026-02-18 03:00:00,3,2,0,3,0.5639616754724998,39.457561133355085,2971.9990464206558,1097.3856692205798,29.400712697936758,2632.6873313243696,36.73488031657105,2698.2793398389117,2114.94
2026-02-18 04:00:00,4,2,0,3,0.5662369930964455,37.811333028479915,2679.513901138452,1073.8050575570264,26.869901971290126,2971.9990464206558,39.457561133355085,2761.4000929611593,1955.23
2026-02-18 05:00:00,5,2,0,3,0.6612833824212391,34.561937468679396,2552.9118647480877,1079.207047140404,26.960137851200326,2679.513901138452,37.811333028479915,2734.808270769065,2097.27
2026-02-18 06:00:00,6,2,0,3,0.6696353097398318,41.92650249680665,2828.8149838439426,1153.595284816317,27.29115728494803,2552.9118647480877,34.561937468679396,2687.080249910161,2343.02
2026-02-18 07:00:00,7,2,0,3,0.6724983216959441,46.12014252706041,3207.2844166107543,1088.7704230871925,27.271245437069464,2828.8149838439426,41.92650249680665,2863.003755067595,2630.22
2026-02-18 08:00:00,8,2,0,1,0.65125544223235,50.686460106583674,3816.0711753656265,1101.036447540559,31.84080976250875,3207.2844166107543,46.12014252706041,3284.0568586067748,2999.32
2026-02-18 09:00:00,9,2,0,1,0.7610484671322844,46.835760985924,3461.6828102983463,1139.5779259169865,30.142821562433486,3816.0711753656265,50.686460106583674,3495.0128007582425,3137.26
2026-02-18 10:00:00,10,2,0,1,0.6922085506647281,44.578638162312835,3315.9714657583286,1117.2498203298974,31.820002424035053,3461.6828102983463,46.835760985924,3531.2418171407676,2768.92
2026-02-18 11:00:00,11,2,0,1,0.6823216407413316,50.902915934274134,3595.0451570232444,1153.8048610664887,28.764786201163492,3315.9714657583286,44.578638162312835,3457.5664776933068,2945.32
2026-02-18 12:00:00,12,2,0,1,0.7216949651700142,53.8635707016069,3437.743866918021,1189.0870770873244,30.446233728500648,3595.0451570232444,50.902915934274134,3449.586829899865,3018.06
2026-02-18 13:00:00,13,2,0,1,0.7277899974929021,51.663087112733834,3714.2570237872005,1142.838114797964,28.80700398671293,3437.743866918021,53.8635707016069,3582.3486825761556,3214.58
2026-02-18 14:00:00,14,2,0,1,0.6776854563702103,49.991586556784014,3565.721364974782,1103.1412004538704,30.074553764456965,3714.2570237872005,51.663087112733834,3572.574085226668,2915.01
2026-02-18 15:00:00,15,2,0,1,0.6275128487154,47.93754921873743,3508.5907609224714,1192.8622358049483,30.867110443284037,3565.721364974782,49.991586556784014,3596.1897165614846,2768.89
2026-02-18 16:00:00,16,2,0,2,0.5918950868333057,40.17742728548669,2722.6087645568564,1085.7790019559775,24.58880040920707,3508.5907609224714,47.93754921873743,3265.640296818037,2024.48
2026-02-18 17:00:00,17,2,0,2,0.5608336448612532,46.921629642137084,3065.3385084189176,1111.210590518246,27.97187605897313,2722.6087645568564,40.17742728548669,3098.8460112994157,2136.1
2026-02-18 18:00:00,18,2,0,2,0.5251785717957353,47.19820067484955,3074.5960379878493,1166.385803042463,27.572801779108353,3065.3385084189176,46.921629642137084,2954.181103654541,2113.56
2026-02-18 19:00:00,19,2,0,2,0.48662887911327085,38.58994574658244,2859.142316684974,1094.7475549602918,26.688125630995767,3074.5960379878493,47.19820067484955,2999.692287697247,1783.47
2026-02-18 20:00:00,20,2,0,2,0.4608404655492161,49.564436423632394,3184.948458671087,1146.6729993936594,29.07875004494818,2859.142316684974,38.58994574658244,3039.562271114637,1954.95
2026-02-18 21:00:00,21,2,0,2,0.44351852176154,46.009249273129,3320.335455943981,1146.106750194024,30.41260770085372,3184.948458671087,49.564436423632394,3121.475410433348,1960.48
2026-02-18 22:00:00,22,2,0,2,0.4249207082226664,48.898581258010275,3252.1396468922667,1172.683902609791,28.680531031365906,3320.335455943981,46.009249273129,3252.474520502445,1880.94
2026-02-18 23:00:00,23,2,0,2,0.4391568827821949,39.302552880302095,2615.532960414106,1098.873694191664,26.965026914452377,3252.1396468922667,48.898581258010275,3062.6693544167847,1549.17
2026-02-19 00:00:00,0,3,0,3,0.42489730718627083,33.219615456045965,2479.4571403318337,1120.8772619720414,26.402027638110543,2615.532960414106,39.302552880302095,2782.3765825460687,1467.63
2026-02-19 01:00:00,1,3,0,3,0.47903825809798833,37.47860741581446,2608.3363190528808,1046.5194334448877,26.696618604470633,2479.4571403318337,33.219615456045965,2567.775473266274,1616.55
2026-02-19 02:00:00,2,3,0,3,0.49022817785698164,39.75974549413318,2525.86265085759,1128.0336629003598,25.11233100427077,2608.3363190528808,37.47860741581446,2537.885370080768,1672.54
2026-02-19 03:00:00,3,3,0,3,0.5216935473413317,44.28726288024437,3184.8633424246514,1106.1608625705362,29.946344663482975,2525.86265085759,39.75974549413318,2773.0207707783743,2181.87
2026-02-19 04:00:00,4,3,0,3,0.5835978830230695,40.47127619835296,2905.584533992284,1146.1918877086116,28.039516221764885,3184.8633424246514,44.28726288024437,2872.103509091509,2132.02
2026-02-19 05:00:00,5,3,0,3,0.6440747120412449,37.15061553115788,2735.7625770500226,1102.1535740953952,27.593066378169837,2905.584533992284,40.47127619835296,2942.070151155653,2183.03
2026-02-19 06:00:00,6,3,0,3,0.6683663321200461,34.40770777316938,2568.1952890285866,1070.8081977924423,25.59283940859792,2735.7625770500226,37.15061553115788,2736.514133356965,2051.18
2026-02-19 07:00:00,7,3,0,3,0.6475849372936531,42.30500200451702,2737.8829819601733,1135.7910353436089,26.575212128946823,2568.1952890285866,34.40770777316938,2680.6136160129277,2219.75
2026-02-19 08:00:00,8,3,0,1,0.6814509937984147,46.6235310098725,3340.02483869761,1158.8238327196714,28.922055091739097,2737.8829819601733,42.30500200451702,2882.0343698954566,2788.4
2026-02-19 09:00:00,9,3,0,1,0.7340450394402338,55.699639941703126,3907.4974903507223,1188.8459128382785,29.184042002363785,3340.02483869761,46.6235310098725,3328.4684370028353,3432.4
2026-02-19 10:00:00,10,3,0,1,0.7003502521292337,49.004653726377214,3379.063014113074,1120.2762089146825,27.237902190139703,3907.4974903507223,55.699639941703126,3542.1951143871356,2844.94
2026-02-19 11:00:00,11,3,0,1,0.710736952680529,55.56703725416248,3496.704358487214,1160.1677209260977,28.9347836781911,3379.063014113074,49.004653726377214,3594.4216209836704,3037.2
2026-02-19 12:00:00,12,3,0,1,0.7122445985103124,52.37625951520747,3629.678957250625,1159.403217132794,30.725954777232953,3496.704358487214,55.56703725416248,3501.815443283638,3173.07
2026-02-19 13:00:00,13,3,0,1,0.6596280602688439,49.52051578695139,3511.412303929508,1147.050571831554,28.920942811849102,3629.678957250625,52.37625951520747,3545.931873222449,2855.65
2026-02-19 14:00:00,14,3,0,1,0.6521075101229191,48.182112698608556,3484.4626814071503,1161.4720876803929,28.392309367581646,3511.412303929508,49.52051578695139,3541.8513141957615,2763.88
2026-02-19 15:00:00,15,3,0,1,0.5895541564159887,48.80682242928872,3583.729246539737,1094.8547589044897,28.968141371247253,3484.4626814071503,48.182112698608556,3526.5347439587986,2563.16
2026-02-19 16:00:00,16,3,0,2,0.5679726471209757,45.49910842331333,3123.972576516845,1140.354610057091,27.86683101394844,3583.729246539737,48.80682242928872,3397.3881681545777,2244.13
2026-02-19 17:00:00,17,3,0,2,0.5501609723684978,44.27004773676201,3023.204524783561,1119.830657086132,27.652717660561077,3123.972576516845,45.49910842331333,3243.635449280048,2106.51
2026-02-19 18:00:00,18,3,0,2,0.4781401253293666,41.92166007175953,3029.938469799584,1096.7241248774394,30.698420641979816,3023.204524783561,44.27004773676201,3059.038523699997,1926.53
2026-02-19 19:00:00,19,3,0,2,0.4898145453930913,43.42029006388829,2771.6366791773753,1105.118990811313,28.504333684776032,3029.938469799584,41.92166007175953,2941.5932245868403,1793.55
2026-02-19 20:00:00,20,3,0,2,0.45836368749164497,44.275019604017025,3052.925699918053,1121.736636803119,29.406147934464915,2771.6366791773753,43.42029006388829,2951.5002829650043,1875.87
2026-02-19 21:00:00,21,3,0,2,0.4558201834078734,36.54943066954816,2719.9089837301003,1006.1705950667047,28.468659716228395,3052.925699918053,44.275019604017025,2848.1571209418435,1645.2
2026-02-19 22:00:00,22,3,0,2,0.4444782826812932,45.60358840176045,2903.4140037495913,1114.8821143372531,26.479461635964448,2719.9089837301003,36.54943066954816,2892.0828957992485,1743.56
2026-02-19 23:00:00,23,3,0,2,0.47205319291900727,40.57097571349118,2645.349434065216,1090.3885322378073,25.350993908899365,2903.4140037495913,45.60358840176045,2756.2241405149693,1645.15
2026-02-20 00:00:00,0,4,0,3,0.4612609335231367,33.963336588779896,2438.837091318023,1099.1729265881852,24.801212621219207,2645.349434065216,40.57097571349118,2662.5335097109437,1537.94
2026-02-20 01:00:00,1,4,0,3,0.4724169398113783,32.09429478511251,2364.858292228228,1058.2390120776872,27.4842683340995,2438.837091318023,33.963336588779896,2483.0149392038225,1466.4
2026-02-20 02:00:00,2,4,0,3,0.5124459500606456,31.721376257462385,2517.872267206099,1071.5076600255873,25.736277410694672,2364.858292228228,32.09429478511251,2440.5225502507838,1660.2
2026-02-20 03:00:00,3,4,0,3,0.5546312942663748,33.255933739106986,2422.772364216883,1121.5806506479605,24.5742804620358,2517.872267206099,31.721376257462385,2435.1676412170705,1737.88
2026-02-20 04:00:00,4,4,0,3,0.5809772014065141,35.518426648293286,2495.567376979453,1116.9324945885587,25.801362483001064,2422.772364216883,33.255933739106986,2478.7373361341456,1862.09
2026-02-20 05:00:00,5,4,0,3,0.6170465001384305,44.83640698134299,2944.242265757088,1151.9024129239583,27.527814247799405,2495.567376979453,35.518426648293286,2620.860668984475,2298.07
2026-02-20 06:00:00,6,4,0,3,0.6359601662438648,36.15942113436679,2761.4098311450107,1082.1408737771958,27.526795365583506,2944.242265757088,44.83640698134299,2733.739824627184,2181.7
2026-02-20 07:00:00,7,4,0,3,0.6657369310150977,38.62212537193811,2739.5608466624494,1118.0643084699939,27.433010713729285,2761.4098311450107,36.15942113436679,2815.070981188183,2261.19
2026-02-20 08:00:00,8,4,0,1,0.6731914510938275,51.40168485277215,3591.565695331917,1149.7592943997488,28.978068974458182,2739.5608466624494,38.62212537193811,3030.8454577131256,2924.48
2026-02-20 09:00:00,9,4,0,1,0.7502211505442082,50.45872815175547,3557.44210698487,1146.9325823400984,30.680928027632685,3591.565695331917,51.40168485277215,3296.189549659746,3184.37
2026-02-20 10:00:00,10,4,0,1,0.6951227352921743,49.72894788745902,3692.8498950548387,1159.1579251434998,29.542467409682605,3557.44210698487,50.45872815175547,3613.952565790542,3071.46
2026-02-20 11:00:00,11,4,0,1,0.7013715117245514,45.816471827402644,3271.8406250407297,1118.3410475990875,28.71860381275638,3692.8498950548387,49.72894788745902,3507.377542360146,2786.99
2026-02-20 12:00:00,12,4,0,1,0.6868754112184374,55.078246418977244,3936.3820837667886,1207.638063286989,31.945402497159986,3271.8406250407297,45.816471827402644,3633.6908679541193,3270.14
2026-02-20 13:00:00,13,4,0,1,0.6968934369050054,56.3251882527326,3859.8930272435473,1171.2974995209818,30.096124406078612,3936.3820837667886,55.078246418977244,3689.371912017022,3258.81
2026-02-20 14:00:00,14,4,0,1,0.6441010064341594,44.1106945705706,3265.7309298386353,1141.901792438774,28.20254805783142,3859.8930272435473,56.3251882527326,3687.3353469496574,2580.04
2026-02-20 15:00:00,15,4,0,1,0.6411895077678276,46.41589993189767,3688.8235566875087,1172.0536117090232,31.00608018192345,3265.7309298386353,44.1106945705706,3604.8158379232314,2877.17
2026-02-20 16:00:00,16,4,0,2,0.5665301875151226,43.02066380168048,2809.25313229979,1147.8739995711014,26.334897295739943,3688.8235566875087,46.41589993189767,3254.6025396086447,2062.76
2026-02-20 17:00:00,17,4,0,2,0.5493452169301231,40.62411771781433,2785.6430061536043,1077.2734933039942,26.823726258853796,2809.25313229979,43.02066380168048,3094.573231713635,1937.88
2026-02-20 18:00:00,18,4,0,2,0.49329305893480485,45.77087943709553,2911.7978259696188,1144.2059151236292,28.37288336688353,2785.6430061536043,40.62411771781433,2835.5646548076716,1934.12
2026-02-20 19:00:00,19,4,0,2,0.5239080331893511,41.451047291576856,2979.5925645852985,1137.0721740278236,30.3968861450075,2911.7978259696188,45.77087943709553,2892.3444655695075,2047.86
2026-02-20 20:00:00,20,4,0,2,0.43500447508958834,51.57769623732311,3523.699002717741,1178.6073605033112,30.472148748107763,2979.5925645852985,41.451047291576856,3138.3631310908863,2061.28
2026-02-20 21:00:00,21,4,0,2,0.45096679852407096,48.16692008020259,3367.902137377673,1114.8353094679446,29.79350817351359,3523.699002717741,51.57769623732311,3290.397901560238,2022.34
2026-02-20 22:00:00,22,4,0,2,0.45267553761864193,44.744009107212754,3160.354260202095,1112.550155503418,29.171476101080923,3367.902137377673,48.16692008020259,3350.6518000991696,1915.18
2026-02-20 23:00:00,23,4,0,2,0.4530463662685603,47.59445192161906,3118.035880337342,1165.2417635800168,27.105624605577347,3160.354260202095,44.744009107212754,3215.4307593057033,1926.38
2026-02-21 00:00:00,0,5,1,3,0.45505069029262435,31.870651485250583,2390.350399537495,1058.4385966739362,26.106550751540873,3118.035880337342,47.59445192161906,2889.5801800256445,1481.37
2026-02-21 01:00:00,1,5,1,3,0.4784086366392148,26.02618379179615,1970.6378979315389,1046.6123337505767,24.53307320710145,2390.350399537495,31.870651485250583,2493.0080592687923,1286.0
2026-02-21 02:00:00,2,5,1,3,0.5108762294395822,25.143239644103122,2375.7506082064556,1089.9698538139617,26.305070142468825,1970.6378979315389,26.02618379179615,2245.579635225163,1555.79
2026-02-21 03:00:00,3,5,1,3,0.5408252936530773,28.273500720393766,2328.584901795536,1061.8990216219554,25.901759335622835,2375.7506082064556,25.143239644103122,2224.991135977844,1668.79
2026-02-21 04:00:00,4,5,1,3,0.5992775823358981,31.015726435742803,2336.6728610240884,1055.893552297125,26.244549149647497,2328.584901795536,28.273500720393766,2347.002790342027,1743.33
2026-02-21 05:00:00,5,5,1,3,0.6604451263461799,28.48671139528696,2441.268839466349,1042.0064116595754,25.763802164342124,2336.6728610240884,31.015726435742803,2368.8422007619915,1982.45
2026-02-21 06:00:00,6,5,1,3,0.6388501642998432,22.48051231233151,1894.8913120437178,1048.2400324889556,24.386635074325213,2441.268839466349,28.48671139528696,2224.2776708447186,1538.6
2026-02-21 07:00:00,7,5,1,3,0.6515988897745351,25.190114446172053,2182.3497941844635,1017.431757572758,23.80110503467982,1894.8913120437178,22.48051231233151,2172.836648564844,1709.41
2026-02-21 08:00:00,8,5,1,1,0.6994779155627963,39.74109497741968,3067.6337778689854,1102.7809808122681,27.841557192626457,2182.3497941844635,25.190114446172053,2381.6249613657224,2582.18
2026-02-21 09:00:00,9,5,1,1,0.7668238024335559,39.73517038485959,3164.7239241043176,1117.271444914189,30.218080004826366,3067.6337778689854,39.74109497741968,2804.9024987192556,2890.83
2026-02-21 10:00:00,10,5,1,1,0.7039265086406054,46.903897618764326,3403.04656814206,1170.094335988749,29.726058568027437,3164.7239241043176,39.73517038485959,3211.801423371788,2934.06
2026-02-21 11:00:00,11,5,1,1,0.7480119517893509,35.14904220160351,2707.595552138811,1107.284870815664,27.00021326226968,3403.04656814206,46.903897618764326,3091.78868146173,2427.39
2026-02-21 12:00:00,12,5,1,1,0.7347975728113502,41.76956234642556,3188.6994703095547,1099.2266214361478,30.9043461658704,2707.595552138811,35.14904220160351,3099.780530196809,2808.87
2026-02-21 13:00:00,13,5,1,1,0.6679231845319566,45.21189587914901,3460.399011586749,1160.308066455689,27.901661397994534,3188.6994703095547,41.76956234642556,3118.8980113450384,2750.67
2026-02-21 14:00:00,14,5,1,1,0.6613796615837054,47.950074108979784,3454.2473662016123,1134.312420497232,28.182811220803245,3460.399011586749,45.21189587914901,3367.781949365972,2806.47
2026-02-21 15:00:00,15,5,1,1,0.6488025987769236,38.584609018856135,3129.3212204392166,1073.4458605241894,30.486324428328913,3454.2473662016123,47.950074108979784,3347.9891994091927,2452.71
2026-02-21 16:00:00,16,5,1,2,0.5724174451802502,35.7200030845207,2481.9366005225447,1088.578978356446,26.328275125000538,3129.3212204392166,38.584609018856135,3021.835062387791,1831.63
2026-02-21 17:00:00,17,5,1,2,0.5396937264835998,35.99416125019526,2616.5859610664047,1129.9308750294235,26.43085356000693,2481.9366005225447,35.7200030845207,2742.614594009389,1835.04
2026-02-21 18:00:00,18,5,1,2,0.49836638172102715,34.68418606043652,2485.847118109014,1092.867745493369,24.847111870248607,2616.5859610664047,35.99416125019526,2528.123226565988,1626.69
2026-02-21 19:00:00,19,5,1,2,0.460709916020026,33.65404179566243,2604.0695816173743,1084.9292137908942,27.217467458398595,2485.847118109014,34.68418606043652,2568.834220264265,1618.37
2026-02-21 20:00:00,20,5,1,2,0.44577089256885843,35.52591386325016,2602.445111317697,1133.033946570572,27.32816888115861,2604.0695816173743,33.65404179566243,2564.120603681362,1625.67
2026-02-21 21:00:00,21,5,1,2,0.42029157898428526,25.137138701731104,2213.9800827382933,1014.7646836305637,24.06654037612577,2602.445111317697,35.52591386325016,2473.4982585577886,1247.28
2026-02-21 22:00:00,22,5,1,2,0.4406816693651845,36.38724321521921,2767.9511958238086,1063.4089950095574,27.058173283418846,2213.9800827382933,25.137138701731104,2528.1254632932664,1634.69
2026-02-21 23:00:00,23,5,1,2,0.4293709196983575,34.44162266281688,2632.867248841326,1047.3703288770967,26.37360516436474,2767.9511958238086,36.38724321521921,2538.2661758011427,1518.42
2026-02-22 00:00:00,0,6,1,3,0.4634321617059935,27.221337861276073,2257.7344158726605,1068.2015561071057,25.832953961944728,2632.867248841326,34.44162266281688,2552.850953512599,1425.37
2026-02-22 01:00:00,1,6,1,3,0.44988713770981076,35.16401768501845,2462.5953248044616,1094.818398917952,24.86555079201677,2257.7344158726605,27.221337861276073,2451.065663172816,1491.28
2026-02-22 02:00:00,2,6,1,3,0.5166176046442892,25.63773093423307,2153.36355876046,1091.1193329189266,26.68021547461732,2462.5953248044616,35.16401768501845,2291.2310998125276,1504.18
2026-02-22 03:00:00,3,6,1,3,0.5604359129178256,26.58923403827239,2132.5446834803574,1062.4438130815088,26.207470816184983,2153.36355876046,25.63773093423307,2249.501189015093,1574.27
2026-02-22 04:00:00,4,6,1,3,0.5401252871485709,34.97043655771657,2532.3819702927385,1079.7778172438836,26.00546256382975,2132.5446834803574,26.58923403827239,2272.7634041778524,1784.29
2026-02-22 05:00:00,5,6,1,3,0.6237157977113043,25.087785433025502,2084.0062463961176,1050.3960135540547,24.686985034021014,2532.3819702927385,34.97043655771657,2249.644300056405,1619.48
2026-02-22 06:00:00,6,6,1,3,0.6745533798494657,26.074596509722113,2055.7657739636256,1057.2410715004125,24.688845999545613,2084.0062463961176,25.087785433025502,2224.0513302174945,1723.05
2026-02-22 07:00:00,7,6,1,3,0.6548021289922925,27.485411017992025,2001.9628651135627,1018.1476122387639,23.739239286770736,2055.7657739636256,26.074596509722113,2047.2449618244354,1635.07
2026-02-22 08:00:00,8,6,1,1,0.7346950042665754,42.942570687453426,3152.2385151360722,1189.528573858186,27.9753464152382,2001.9628651135627,27.485411017992025,2403.322384737754,2779.78
2026-02-22 09:00:00,9,6,1,1,0.7236099958677904,40.727308775736596,3155.9344291390457,1125.9060105554943,28.195456989253955,3152.2385151360722,42.942570687453426,2770.045269796227,2771.65
2026-02-22 10:00:00,10,6,1,1,0.7058997628848318,35.47581128496708,2734.63026237222,1097.1534528404331,29.050876252755952,3155.9344291390457,40.727308775736596,3014.267735549113,2360.59
2026-02-22 11:00:00,11,6,1,1,0.7141142341273153,38.137410029054834,3018.065319684062,1117.9287397231838,29.19615970227673,2734.63026237222,35.47581128496708,2969.54333706511,2612.08
2026-02-22 12:00:00,12,6,1,1,0.7124100947802559,37.87425948375726,3232.373887686392,1119.2323124496943,29.896165274425254,3018.065319684062,38.137410029054834,2995.0231565808917,2747.93
2026-02-22 13:00:00,13,6,1,1,0.6805150571943648,39.72972634171934,3210.6044720076393,1105.4050682293166,29.1459256422974,3232.373887686392,37.87425948375726,3153.6812264593646,2609.47
2026-02-22 14:00:00,14,6,1,1,0.6607751198489273,41.4904528052044,3364.295357328662,1100.1807828148003,27.873525447044724,3210.6044720076393,39.72972634171934,3269.0912390075646,2655.63
2026-02-22 15:00:00,15,6,1,1,0.5978211944527655,41.4637201456079,3212.8027517842825,1130.8411477404743,28.659553180454754,3364.295357328662,41.4904528052044,3262.567527040195,2390.11
2026-02-22 16:00:00,16,6,1,2,0.5833872164807216,27.783958860830595,2390.37932749575,1070.7786064566087,27.13251724318856,3212.8027517842825,41.4637201456079,2989.1591455362322,1781.04
2026-02-22 17:00:00,17,6,1,2,0.5154910437475475,37.723793456463,2610.6949378847003,1080.6479213486168,25.192398904374922,2390.37932749575,27.783958860830595,2737.959005721578,1747.8
2026-02-22 18:00:00,18,6,1,2,0.507775478773026,34.883990960988186,2492.4587612018304,1125.0118541281342,27.072059718920688,2610.6949378847003,37.723793456463,2497.844342194094,1696.47
2026-02-22 19:00:00,19,6,1,2,0.4629268978045875,38.84586216657867,2419.3669727595434,1112.7172495743894,28.851687646180466,2492.4587612018304,34.883990960988186,2507.5068906153583,1561.83
2026-02-22 20:00:00,20,6,1,2,0.44404584461838326,35.55469414551735,2742.2986934333567,1110.4642606387602,28.415175619965535,2419.3669727595434,38.84586216657867,2551.374809131577,1658.98
2026-02-22 21:00:00,21,6,1,2,0.46949224782373916,37.85463035207517,2888.297243421769,1136.2165436002986,29.324492440746948,2742.2986934333567,35.55469414551735,2683.320969871557,1845.09
2026-02-22 22:00:00,22,6,1,2,0.4618262024118853,35.632908590075445,2537.0996171117226,1093.0788548894227,26.719005224236337,2888.297243421769,37.85463035207517,2722.565184655616,1595.2
2026-02-22 23:00:00,23,6,1,2,0.4569531467376739,38.71179014670962,2711.5563518342647,1112.7709607614413,28.20003951129887,2537.0996171117226,35.632908590075445,2712.317737455919,1697.8
2026-02-23 00:00:00,0,0,0,3,0.43691018817672694,39.82787722606223,2701.791021529885,1129.562189866902,26.144546214541442,2711.5563518342647,38.71179014670962,2650.1489968252913,1623.2
2026-02-23 01:00:00,1,0,0,3,0.4746768816399873,37.65729663744984,2740.4967748625418,1082.5076594547982,28.090025824351276,2701.791021529885,39.82787722606223,2717.9480494088975,1694.78
2026-02-23 02:00:00,2,0,0,3,0.5342619539995836,45.953521521564085,3202.900373906773,1135.1653776574065,29.46160034056216,2740.4967748625418,37.65729663744984,2881.7293900997333,2181.17
2026-02-23 03:00:00,3,0,0,3,0.5465996719584452,41.11162992797962,2640.890709893358,1117.5852343781971,27.150862441823055,3202.900373906773,45.953521521564085,2861.429286220891,1897.53
2026-02-23 04:00:00,4,0,0,3,0.6263865907996339,40.00810547351544,2849.4973699852653,1086.130958101977,29.07753347027975,2640.890709893358,41.11162992797962,2897.7628179284657,2227.62
2026-02-23 05:00:00,5,0,0,3,0.6241010231022402,33.532934542115825,2475.7814417889144,1142.0726578853103,25.60606300054618,2849.4973699852653,40.00810547351544,2655.389840555846,1967.94
2026-02-23 06:00:00,6,0,0,3,0.6538409823298006,33.49092333887762,2520.698877285495,1048.7813572682005,26.177860571183256,2475.7814417889144,33.532934542115825,2615.3258963532253,2058.39
2026-02-23 07:00:00,7,0,0,3,0.6728126200820665,39.02450418749649,2811.1819686382573,1073.645419157807,27.48516101175748,2520.698877285495,33.49092333887762,2602.554095904223,2325.98
2026-02-23 08:00:00,8,0,0,1,0.703914374625467,50.50932419218884,3550.335295995759,1184.8929611613448,28.59891782134525,2811.1819686382573,39.02450418749649,2960.738713973171,3047.54
2026-02-23 09:00:00,9,0,0,1,0.7121802189528587,47.850571022470895,3440.8452736024965,1159.233940359797,29.74180257790195,3550.335295995759,50.50932419218884,3267.454179412171,2963.69
2026-02-23 10:00:00,10,0,0,1,0.7341621735337718,50.49343944864221,3546.5397550823427,1126.3246373575494,27.75908268806319,3440.8452736024965,47.850571022470895,3512.5734415602,3077.26
2026-02-23 11:00:00,11,0,0,1,0.7343636620163612,55.560194248152584,3916.64668538146,1187.4230023701527,32.0,3546.5397550823427,50.49343944864221,3634.6772380221005,3447.55
2026-02-23 12:00:00,12,0,0,1,0.6855237673196624,52.43390866092604,3709.7770849569715,1196.4318957686369,30.4218884564024,3916.64668538146,55.560194248152584,3724.321175140258,3078.27
2026-02-23 13:00:00,13,0,0,1,0.6523702902949611,46.00647021586541,3396.761184242427,1133.269304423537,28.697465796123577,3709.7770849569715,52.43390866092604,3674.3949848602865,2730.84
2026-02-23 14:00:00,14,0,0,1,0.613275892537934,49.6097191049997,3379.9231531939126,1213.4094489218635,28.26516217589223,3396.761184242427,46.00647021586541,3495.487140797771,2618.44
2026-02-23 15:00:00,15,0,0,1,0.6263944928526037,47.18261731701604,3377.788210080143,1095.6289239963633,28.97779919805745,3379.9231531939126,49.6097191049997,3384.824182505495,2599.88
2026-02-23 16:00:00,16,0,0,2,0.5579326678765225,42.64305029257004,3026.7775624063524,1137.9177875167577,28.91517019428141,3377.788210080143,47.18261731701604,3261.496308560136,2188.34
2026-02-23 17:00:00,17,0,0,2,0.5007075218265974,42.55234517029625,2919.379121438202,1149.37258908671,28.38855051261241,3026.7775624063524,42.64305029257004,3107.9816313082324,1896.57
2026-02-23 18:00:00,18,0,0,2,0.5177715720906193,42.32824046088598,2983.9145970905656,1141.5965593836752,27.099736453567733,2919.379121438202,42.55234517029625,2976.6904269783736,2016.66
2026-02-23 19:00:00,19,0,0,2,0.5308650409825392,39.607026198093116,2994.2975949535066,1103.3192116262314,26.965744376025196,2983.9145970905656,42.32824046088598,2965.8637711607585,1994.56
2026-02-23 20:00:00,20,0,0,2,0.4586350252393807,43.55320861468633,3084.5271159659433,1116.9517974084667,29.07003550080339,2994.2975949535066,39.607026198093116,3020.9131026700056,1884.75
2026-02-23 21:00:00,21,0,0,2,0.46154019980856326,42.037873271034414,2902.8832977205175,1129.255122361319,26.809460773530354,3084.5271159659433,43.55320861468633,2993.902669546656,1784.35
2026-02-23 22:00:00,22,0,0,2,0.4416365871709512,33.74692958499206,2457.293130901155,1105.38158050627,26.262868831899258,2902.8832977205175,42.037873271034414,2814.9011815292056,1502.36
2026-02-23 23:00:00,23,0,0,2,0.4427925912557075,51.18540208575582,2996.917142332304,1169.8034442500823,28.13822937880348,2457.293130901155,33.74692958499206,2785.697856984659,1846.67
2026-02-24 00:00:00,0,1,0,3,0.4771379731299339,41.81069378975835,2861.2750298423834,1143.2442224288682,27.912057990880033,2996.917142332304,51.18540208575582,2771.8284343586142,1857.72
2026-02-24 01:00:00,1,1,0,3,0.4751995597501103,36.68294746276251,2611.611136326291,1071.2600409243817,27.735294970639217,2861.2750298423834,41.81069378975835,2823.2677695003263,1641.21
2026-02-24 02:00:00,2,1,0,3,0.515347846281438,38.06586667409209,2759.8079436615894,1096.5691922182775,25.68380428796451,2611.611136326291,36.68294746276251,2744.2313699434217,1847.86
2026-02-24 03:00:00,3,1,0,3,0.5501992898095673,33.89920978438853,2506.995813060521,1062.0964408344603,24.063261519889153,2759.8079436615894,38.06586667409209,2626.138297682801,1748.89
2026-02-24 04:00:00,4,1,0,3,0.566638190927139,43.93503007233803,2938.6301461227963,1116.0873008871986,27.1144970829353,2506.995813060521,33.89920978438853,2735.1446342816357,2087.1
2026-02-24 05:00:00,5,1,0,3,0.6360755133050833,44.64051043170589,2795.295097765899,1153.9425640221812,29.479484415284954,2938.6301461227963,43.93503007233803,2746.973685649739,2254.13
2026-02-24 06:00:00,6,1,0,3,0.6465008048660917,38.54842804886284,2621.88312270082,1106.893310213582,29.166219329107587,2795.295097765899,44.64051043170589,2785.2694555298385,2139.55
2026-02-24 07:00:00,7,1,0,3,0.6638800461762597,41.582357254648706,2928.4042013552585,1181.5009080973389,29.958759900529927,2621.88312270082,38.54842804886284,2781.860807273993,2465.69
2026-02-24 08:00:00,8,1,0,1,0.7119737534012295,50.61350372626873,3783.5165834180166,1157.289174084818,30.380144303413896,2928.4042013552585,41.582357254648706,3111.267969158032,3229.38
2026-02-24 09:00:00,9,1,0,1,0.6972602560446488,45.32146096393424,3327.762697327566,1132.7781408702303,26.954004226043427,3783.5165834180166,50.61350372626873,3346.5611607002807,2763.05
2026-02-24 10:00:00,10,1,0,1,0.7205636231473825,48.5586182086272,3524.475148217119,1146.8890458205142,26.936603572074855,3327.762697327566,45.32146096393424,3545.2514763209006,3021.39
2026-02-24 11:00:00,11,1,0,1,0.7150472357475854,50.46174788370185,3685.07603360092,1135.901774213309,29.54674098481044,3524.475148217119,48.5586182086272,3512.437959715202,3184.42
2026-02-24 12:00:00,12,1,0,1,0.722961467846453,48.40908298439795,3381.101461953878,1142.190416628152,29.032649850333694,3685.07603360092,50.46174788370185,3530.2175479239727,2946.35
2026-02-24 13:00:00,13,1,0,1,0.6884889140237157,49.23471352897737,3559.5797939982344,1175.1335547937006,31.426016461261263,3381.101461953878,48.40908298439795,3541.919096517677,2982.21
2026-02-24 14:00:00,14,1,0,1,0.649499460825097,49.6801015487181,3446.745756932455,1151.5696728980668,30.530519074559116,3559.5797939982344,49.23471352897737,3462.475670961523,2769.99
2026-02-24 15:00:00,15,1,0,1,0.6325899922983587,49.71692525747088,3641.0405692051113,1129.0312077827969,30.409687992140316,3446.745756932455,49.6801015487181,3549.122040045267,2829.02
2026-02-24 16:00:00,16,1,0,2,0.6078041509803462,44.18290471674119,3006.399078007562,1103.6045033549988,26.953516534895837,3641.0405692051113,49.71692525747088,3364.7284680483767,2266.8
2026-02-24 17:00:00,17,1,0,2,0.5549215398126843,40.2878822676119,2848.768919720308,1099.8964817788014,26.342960929173824,3006.399078007562,44.18290471674119,3165.4028556443277,2017.86
2026-02-24 18:00:00,18,1,0,2,0.5102070523968676,41.49044347805222,2773.158124822119,1117.8083597724808,27.54881364055945,2848.768919720308,40.2878822676119,2876.1087075166633,1858.15
2026-02-24 19:00:00,19,1,0,2,0.4547683259868801,39.50395507005011,2862.521861305549,1137.855483667107,28.378200712292834,2773.158124822119,41.49044347805222,2828.1496352826593,1774.54
2026-02-24 20:00:00,20,1,0,2,0.4374541702086711,47.4223544239017,3384.1714996232986,1106.177201661446,29.750829180105697,2862.521861305549,39.50395507005011,3006.617161916989,1969.68
2026-02-24 21:00:00,21,1,0,2,0.4386658902324371,36.63023570355887,2527.411203208764,1088.5252858670165,25.183186459167896,3384.1714996232986,47.4223544239017,2924.701521379204,1516.42
2026-02-24 22:00:00,22,1,0,2,0.4278097559568143,48.03756620160924,3120.919398154713,1145.758015292314,29.183865815066213,2527.411203208764,36.63023570355887,3010.8340336622587,1821.17
2026-02-24 23:00:00,23,1,0,2,0.44103095825982147,48.85222289041995,3226.142926969069,1099.566247370944,29.264902917085255,3120.919398154713,48.03756620160924,2958.1578427775153,1890.6
2026-02-25 00:00:00,0,2,0,3,0.45988944196812065,36.942367945560825,2756.7753029897353,1076.9295147080832,25.90445132253757,3226.142926969069,48.85222289041995,3034.6125427045063,1686.91
2026-02-25 01:00:00,1,2,0,3,0.49159890572101794,28.889020192604455,2232.860354432464,1048.5588672770132,24.50168268374791,2756.7753029897353,36.942367945560825,2738.5928614637564,1440.98
2026-02-25 02:00:00,2,2,0,3,0.5085900244388182,36.73541303311448,2313.129951673023,1077.0423927861955,26.53662834171729,2232.860354432464,28.889020192604455,2434.255203031741,1586.96
2026-02-25 03:00:00,3,2,0,3,0.5534953665621711,37.77535543548913,2862.993733896694,1105.8986603674978,27.26190340414724,2313.129951673023,36.73541303311448,2469.661346667394,2006.45
2026-02-25 04:00:00,4,2,0,3,0.5812894882962024,34.462906230248805,2642.0915147112933,1083.8376346834502,28.71394847766806,2862.993733896694,37.77535543548913,2606.0717334270034,1971.55
2026-02-25 05:00:00,5,2,0,3,0.5767253349872754,36.19673562167115,2419.699399316802,1080.9047899216587,26.66701979566683,2642.0915147112933,34.462906230248805,2641.5948826415965,1788.97
2026-02-25 06:00:00,6,2,0,3,0.6312132921236249,43.35568319602173,2878.097488807431,1134.1217984479028,27.009700870197648,2419.699399316802,36.19673562167115,2646.6294676118428,2273.67
2026-02-25 07:00:00,7,2,0,3,0.6761131982516843,40.327245068056094,3002.9079196058033,1154.3858482133805,27.99744634488356,2878.097488807431,43.35568319602173,2766.901602576679,2511.72
2026-02-25 08:00:00,8,2,0,1,0.6770496616729993,46.76402559967665,3578.1167222003933,1178.0375153172504,30.00311581183324,3002.9079196058033,40.327245068056094,3153.040710204543,2963.87
2026-02-25 09:00:00,9,2,0,1,0.7272281902803935,44.408402906415986,3411.014933510193,1079.5643173241056,28.49598140247726,3578.1167222003933,46.76402559967665,3330.6798584387966,2921.88
2026-02-25 10:00:00,10,2,0,1,0.7506150166468739,48.8554393883658,3477.361280401278,1159.848562149342,28.49609843019111,3411.014933510193,44.408402906415986,3488.8309787039548,3154.15
2026-02-25 11:00:00,11,2,0,1,0.7396048527144158,49.25290127227347,3526.339047509807,1142.5610228374978,30.596131364270757,3477.361280401278,48.8554393883658,3471.571753807093,3130.74
2026-02-25 12:00:00,12,2,0,1,0.6969746991112172,51.73669715577161,3612.440275394587,1160.8256721947203,31.055795541099137,3526.339047509807,49.25290127227347,3538.7135344352246,3034.87
2026-02-25 13:00:00,13,2,0,1,0.7088094721031156,48.12639150601319,3601.076391762854,1132.548490185489,30.728125736006398,3612.440275394587,51.73669715577161,3579.9519048890834,3068.57
2026-02-25 14:00:00,14,2,0,1,0.6529733491440421,51.790248513766514,3525.46009434008,1160.1007098022462,31.569915360988826,3601.076391762854,48.12639150601319,3579.6589204991737,2836.56
2026-02-25 15:00:00,15,2,0,1,0.6094929468919921,56.7730391402108,3758.0908027233813,1180.8773414626437,29.876841459197347,3525.46009434008,51.790248513766514,3628.2090962754387,2855.3
2026-02-25 16:00:00,16,2,0,2,0.5677319467291811,46.85425357855492,3229.674361455293,1122.9432203804965,30.77470612413633,3758.0908027233813,56.7730391402108,3504.408419506252,2332.69
2026-02-25 17:00:00,17,2,0,2,0.5377159399558845,43.831690224342296,2967.1026854340157,1102.9175722017396,26.80923694251507,3229.674361455293,46.85425357855492,3318.2892832042303,2042.7
2026-02-25 18:00:00,18,2,0,2,0.5022364636291754,43.358973351313466,3116.569883463563,1112.2185013397668,27.173343602169684,2967.1026854340157,43.831690224342296,3104.448976784291,1998.26
2026-02-25 19:00:00,19,2,0,2,0.4844133750813931,42.75164403037045,2843.242516529005,1126.863057732901,25.365524396517582,3116.569883463563,43.358973351313466,2975.6383618088616,1837.26
2026-02-25 20:00:00,20,2,0,2,0.46196792309117585,48.132243193582504,3159.377540470554,1157.5038813164365,27.996304091643,2843.242516529005,42.75164403037045,3039.729980154374,1933.16
2026-02-25 21:00:00,21,2,0,2,0.4448313047225987,41.80440293917044,2770.508574081395,1138.5513361901853,26.630561776075975,3159.377540470554,48.132243193582504,2924.3762103603185,1662.8
2026-02-25 22:00:00,22,2,0,2,0.44873876339492696,44.15827948149994,2988.006098438325,1114.278367349327,28.591145064433327,2770.508574081395,41.80440293917044,2972.630737663425,1815.43
2026-02-25 23:00:00,23,2,0,2,0.4685833098152572,44.1791926565838,2810.638037106415,1133.8128848089036,27.661462586965925,2988.006098438325,44.15827948149994,2856.3842365420455,1817.29
2026-02-26 00:00:00,0,3,0,3,0.477747526179005,36.24375532515964,2572.4529791175883,1119.0375860994711,25.14327521850233,2810.638037106415,44.1791926565838,2790.365704887443,1631.94
2026-02-26 01:00:00,1,3,0,3,0.4513070912648853,33.19637058240565,2321.48621241688,1111.9253547082258,25.26701588861195,2572.4529791175883,36.24375532515964,2568.1924095469612,1458.0
2026-02-26 02:00:00,2,3,0,3,0.4589215773019609,39.13041076266184,2844.1392723027334,1105.0508216973592,27.034709815703888,2321.48621241688,33.19637058240565,2579.359487945734,1757.47
2026-02-26 03:00:00,3,3,0,3,0.5624517319104325,37.78648609850616,2786.3825952039356,1095.6226512705343,25.156763287658844,2844.1392723027334,39.13041076266184,2650.6693599745167,1988.95
2026-02-26 04:00:00,4,3,0,3,0.5526624260316916,39.750841643028,2581.1563462781382,1113.7814724180218,25.42671841517775,2786.3825952039356,37.78648609850616,2737.2260712616026,1843.67
2026-02-26 05:00:00,5,3,0,3,0.6117393582764992,36.132398927462916,2786.0242411959,1065.7869088874165,26.36177111391609,2581.1563462781382,39.750841643028,2717.8543942259917,2078.48
2026-02-26 06:00:00,6,3,0,3,0.6265977394788127,42.27287454584567,3201.9691697334374,1114.2512604074948,30.393580589563264,2786.0242411959,36.132398927462916,2856.3832524024924,2437.59
2026-02-26 07:00:00,7,3,0,3,0.6429553406145162,34.931291765758544,2577.428895867495,1108.3398270248624,26.82117051204047,3201.9691697334374,42.27287454584567,2855.140768932278,2066.39
2026-02-26 08:00:00,8,3,0,1,0.7120728110939172,55.99214099406262,3742.7126335058606,1190.017242212343,31.270311283089868,2577.428895867495,34.931291765758544,3174.0368997022647,3257.72
2026-02-26 09:00:00,9,3,0,1,0.7304127188865225,43.88327221560108,3613.6669206224146,1118.7763987533071,28.247193805495662,3742.7126335058606,55.99214099406262,3311.2694833319238,3082.29
2026-02-26 10:00:00,10,3,0,1,0.7084697919854656,51.52169522594912,3460.200065371409,1161.5297359309754,30.96705759752149,3613.6669206224146,43.88327221560108,3605.5265398332285,3002.14
2026-02-26 11:00:00,11,3,0,1,0.6634087698375712,51.66400738884318,3627.293108522235,1136.0397710481054,31.652299504036364,3460.200065371409,51.52169522594912,3567.0533648386863,2918.96
2026-02-26 12:00:00,12,3,0,1,0.6903186675647718,47.21555026220691,3446.254434515142,1156.4495047544533,27.089500821143588,3627.293108522235,51.66400738884318,3511.2492028029287,2866.22
2026-02-26 13:00:00,13,3,0,1,0.6868310294741675,51.48537878251354,3778.259759667399,1153.9959792266422,29.747819130192315,3446.254434515142,47.21555026220691,3617.269100901592,3131.98
2026-02-26 14:00:00,14,3,0,1,0.6204217686245174,54.478315344160556,3794.6928675024396,1161.0144750842387,31.243894912626747,3778.259759667399,51.48537878251354,3673.0690205616606,2891.17
2026-02-26 15:00:00,15,3,0,1,0.619901864709936,42.24113406226078,3141.0149653071203,1109.9214403467083,29.243316028602887,3794.6928675024396,54.478315344160556,3571.3225308256533,2414.08
2026-02-26 16:00:00,16,3,0,2,0.57969380301654,45.75960682621785,2945.0401827332485,1131.466080632375,27.002606932526163,3141.0149653071203,42.24113406226078,3293.5826718476033,2166.49
2026-02-26 17:00:00,17,3,0,2,0.5553511636776688,35.27355212884473,2546.2912273684765,1079.8972673920798,26.121038068897207,2945.0401827332485,45.75960682621785,2877.4487918029486,1825.21
2026-02-26 18:00:00,18,3,0,2,0.512391607368283,40.62017318766877,2707.076510131677,1128.9342686507393,26.30673109385142,2546.2912273684765,35.27355212884473,2732.8026400778012,1832.77
2026-02-26 19:00:00,19,3,0,2,0.4615436718162522,49.70208227715331,3242.3327408460605,1138.9262404082087,28.940277459155546,2707.076510131677,40.62017318766877,2831.900159448738,1999.99
2026-02-26 20:00:00,20,3,0,2,0.4826878735034684,41.96376288312781,2820.6657881574934,1157.6791539331957,28.838833531612604,3242.3327408460605,49.70208227715331,2923.3583463784107,1873.22
2026-02-26 21:00:00,21,3,0,2,0.44159979285899104,39.8914201245686,2615.8293704108173,1146.195943085309,25.79418064613328,2820.6657881574934,41.96376288312781,2892.942633138124,1610.02
2026-02-26 22:00:00,22,3,0,2,0.4394539092098013,43.307217948553614,3099.442302289901,1100.940284547852,29.532458938288435,2615.8293704108173,39.8914201245686,2845.312486952737,1814.27
2026-02-26 23:00:00,23,3,0,2,0.4261050251380665,51.23767218357243,3245.9745454492745,1156.6932954700217,27.88190866468132,3099.442302289901,43.307217948553614,2987.0820727166647,1888.62
2026-02-27 00:00:00,0,4,0,3,0.44989079844634833,31.589112134778908,2269.3336294680134,1060.090033005711,24.547292776563786,3245.9745454492745,51.23767218357243,2871.5834924023966,1380.17
2026-02-27 01:00:00,1,4,0,3,0.4633089963533453,34.320415309262295,2524.227592778298,1079.115472157334,27.396405517939517,2269.3336294680134,31.589112134778908,2679.8452558985286,1574.99
2026-02-27 02:00:00,2,4,0,3,0.5065410788015315,43.241010891128695,2954.0500780169104,1173.0247302556345,28.953157246998845,2524.227592778298,34.320415309262295,2582.537100087741,2040.12
2026-02-27 03:00:00,3,4,0,3,0.5779995032884939,44.50195820238206,2793.012112037709,1120.3185473816334,28.331732297574217,2954.0500780169104,43.241010891128695,2757.0965942776397,2090.85
2026-02-27 04:00:00,4,4,0,3,0.5525619771413728,37.63799071498401,2733.507302229372,1109.5576137868718,25.532734117569472,2793.012112037709,44.50195820238206,2826.8564974279975,1884.07
2026-02-27 05:00:00,5,4,0,3,0.5839634383568181,33.66331554115675,2389.190291109222,1098.186294514834,25.404826463344282,2733.507302229372,37.63799071498401,2638.569901792101,1777.39
2026-02-27 06:00:00,6,4,0,3,0.6794234065498721,45.335452256332054,3245.418808637837,1106.3260747132472,29.805649005863444,2389.190291109222,33.66331554115675,2789.3721339921444,2644.84
2026-02-27 07:00:00,7,4,0,3,0.6748084758230792,43.58054837112219,3023.999938149707,1102.9448066242585,28.12985000250903,3245.418808637837,45.335452256332054,2886.2030126322556,2490.06
2026-02-27 08:00:00,8,4,0,1,0.6878621017566231,52.376314457167815,3608.9461517594336,1129.3546985434684,28.74138909042782,3023.999938149707,43.58054837112219,3292.788299515659,2949.25
2026-02-27 09:00:00,9,4,0,1,0.736027709428391,47.15659177871903,3332.6264976042744,1116.4770987674317,29.658736518964776,3608.9461517594336,52.376314457167815,3321.8575291711386,2924.18
2026-02-27 10:00:00,10,4,0,1,0.7078876892052627,49.82839730706687,3529.6817539103745,1078.062836495338,28.907837135578152,3332.6264976042744,47.15659177871903,3490.418134424695,2943.4
2026-02-27 11:00:00,11,4,0,1,0.7517498099514082,49.43873971634309,3598.278176225434,1161.369518885213,32.0,3529.6817539103745,49.82839730706687,3486.862142580028,3250.17
2026-02-27 12:00:00,12,4,0,1,0.7148020739566068,51.15797956615452,3599.04978504673,1205.9867642960198,31.85064237172434,3598.278176225434,49.43873971634309,3575.6699050608463,3135.44
2026-02-27 13:00:00,13,4,0,1,0.6692367212032025,55.07850503345968,3752.4736696492623,1174.0095386097519,31.23316247712422,3599.04978504673,51.15797956615452,3649.933876973809,3075.44
2026-02-27 14:00:00,14,4,0,1,0.69314616426531,53.07795964398091,3695.5126188772883,1126.9051170924085,31.951583441981356,3752.4736696492623,55.07850503345968,3682.3453578577605,3094.83
2026-02-27 15:00:00,15,4,0,1,0.6041203678542861,46.229183730553345,3307.850196126466,1118.8473253497148,29.10391694056961,3695.5126188772883,53.07795964398091,3585.278828217673,2451.99
2026-02-27 16:00:00,16,4,0,2,0.5948419074401861,48.817737575068385,3155.613479656913,1133.7990291746487,29.437236592106398,3307.850196126466,46.229183730553345,3386.325431553556,2388.3
2026-02-27 17:00:00,17,4,0,2,0.5497511852937769,45.09596249004604,2779.0232193834713,1104.9442305298496,29.036675085640727,3155.613479656913,48.817737575068385,3080.8289650556167,2036.62
2026-02-27 18:00:00,18,4,0,2,0.536034825787976,46.404730285506204,3205.060010550063,1157.1234871019037,28.978131786653385,2779.0232193834713,45.09596249004604,3046.5655698634823,2224.57
2026-02-27 19:00:00,19,4,0,2,0.5122352745684203,49.13289300747511,3246.8359189749917,1166.7880731392838,28.516561790766165,3205.060010550063,46.404730285506204,3076.9730496361753,2163.78
2026-02-27 20:00:00,20,4,0,2,0.4593965264514939,40.10946912670257,2712.1114094176037,1081.5515816613688,24.994825014912806,3246.8359189749917,49.13289300747511,3054.6691129808864,1623.94
2026-02-27 21:00:00,21,4,0,2,0.4297020269126067,43.87461047452738,3202.2056691163607,1143.6254680092973,28.574258666188744,2712.1114094176037,40.10946912670257,3053.7176658363187,1837.07
2026-02-27 22:00:00,22,4,0,2,0.44919944285878227,42.139909070242744,2906.7378858080097,1156.7299528704027,28.677234107501473,3202.2056691163607,43.87461047452738,2940.351654780658,1794.18
2026-02-27 23:00:00,23,4,0,2,0.43121607692448827,38.51249201122091,2608.724911867917,1151.6139231756226,27.830509819307547,2906.7378858080097,42.139909070242744,2905.889488930763,1602.52
2026-02-28 00:00:00,0,5,1,3,0.499024188420711,29.21348492161722,2417.4153120492297,1138.484240263618,26.66328911902619,2608.724911867917,38.51249201122091,2644.2927032417188,1616.53
2026-02-28 01:00:00,1,5,1,3,0.4837357572555381,36.79044793054548,2703.3359428556582,1074.611975486102,26.36156089556417,2417.4153120492297,29.21348492161722,2576.4920555909353,1726.15
2026-02-28 02:00:00,2,5,1,3,0.5026935689737578,21.559727894229866,2017.5373534984503,1106.8444222367996,22.35293862892439,2703.3359428556582,36.79044793054548,2379.429536134446,1353.36
2026-02-28 03:00:00,3,5,1,3,0.5474589398029452,27.887017861326854,2203.8251312015177,1052.6929117325876,24.751825653066042,2017.5373534984503,21.559727894229866,2308.232809185209,1561.71
2026-02-28 04:00:00,4,5,1,3,0.553057474209406,30.241900272761708,2414.944999127641,1056.155964706534,25.684602818494064,2203.8251312015177,27.887017861326854,2212.1024946092034,1685.94
2026-02-28 05:00:00,5,5,1,3,0.5968023855441398,28.430773705796636,2247.973821934317,1071.8999041951326,25.117731312486374,2414.944999127641,30.241900272761708,2288.914650754492,1703.97
2026-02-28 06:00:00,6,5,1,3,0.6740082781588884,27.604051816194907,2308.8953059262717,1045.8646739124542,26.438585314794413,2247.973821934317,28.430773705796636,2323.93804232941,1894.51
2026-02-28 07:00:00,7,5,1,3,0.6658570637866886,23.452742727939615,1826.7800882760062,1053.7870744279217,26.472078654137828,2308.8953059262717,27.604051816194907,2127.8830720455317,1560.06
2026-02-28 08:00:00,8,5,1,1,0.6803053368761826,40.81475360029057,3084.599096455573,1080.25708470773,28.430232030394553,1826.7800882760062,23.452742727939615,2406.758163552617,2542.96
2026-02-28 09:00:00,9,5,1,1,0.7259626707310152,37.35132608044426,3187.468285356975,1093.4364892701913,28.364816137535495,3084.599096455573,40.81475360029057,2699.6158233628516,2777.64
2026-02-28 10:00:00,10,5,1,1,0.7437140830932599,32.335274032575064,2663.039236817842,1111.4806519893423,26.56573128045456,3187.468285356975,37.35132608044426,2978.368872876797,2358.19
2026-02-28 11:00:00,11,5,1,1,0.7296086818937708,44.18107277179806,3215.6876790317306,1125.2977588014135,28.868220650395028,2663.039236817842,32.335274032575064,3022.0650670688497,2830.48
2026-02-28 12:00:00,12,5,1,1,0.7211645102459378,43.35435036944715,3197.190406011125,1126.9572961462857,27.663348840952338,3215.6876790317306,44.18107277179806,3025.3057739535657,2797.34
2026-02-28 13:00:00,13,5,1,1,0.6638590475947274,40.18081341897878,2962.3598675474077,1122.604718793848,28.018771162319958,3197.190406011125,43.35435036944715,3125.079317530088,2432.79
2026-02-28 14:00:00,14,5,1,1,0.621563786665163,40.80176140871996,2871.085570245008,1142.4735863678213,28.11126003774819,2962.3598675474077,40.18081341897878,3010.2119479345142,2264.33
2026-02-28 15:00:00,15,5,1,1,0.6462613393534626,43.760113044504465,3241.5347191798674,1083.6598343732821,29.056739006888947,2871.085570245008,40.80176140871996,3024.993385657428,2562.55
2026-02-28 16:00:00,16,5,1,2,0.5735464032231572,34.78518879872329,2581.6366268323472,1103.753856490829,27.154505743580227,3241.5347191798674,43.760113044504465,2898.0856387524077,1921.34
2026-02-28 17:00:00,17,5,1,2,0.5387486733565461,37.1640614416646,2666.0821566502686,1091.9527672856143,27.407437653385806,2581.6366268323472,34.78518879872329,2829.7511675541614,1835.16
2026-02-28 18:00:00,18,5,1,2,0.5365638828369812,32.958812296941524,2465.7611259286223,1086.0011965705621,24.092927734399673,2666.0821566502686,37.1640614416646,2571.159969803746,1669.05
2026-02-28 19:00:00,19,5,1,2,0.4921296508218965,38.591943085008815,2741.8023433274434,1130.8665265840948,27.903585334499294,2465.7611259286223,32.958812296941524,2624.548541968778,1796.92
2026-02-28 20:00:00,20,5,1,2,0.4678741989118107,35.122750040764394,2703.264728420489,1060.6363338777614,26.205664613273356,2741.8023433274434,38.591943085008815,2636.9427325588517,1610.07
2026-02-28 21:00:00,21,5,1,2,0.4880704312175521,34.67918180262056,2537.7096388064197,1063.400616174405,25.14402513374998,2703.264728420489,35.122750040764394,2660.9255701847846,1642.23
2026-02-28 22:00:00,22,5,1,2,0.42712963539239707,29.554786189507887,2261.0754692773826,1019.8333957651863,24.211576037498613,2537.7096388064197,34.67918180262056,2500.683278834764,1322.22
2026-02-28 23:00:00,23,5,1,2,0.4633271868811551,35.00434549005598,2541.4604888659487,1076.2884084161294,26.99178489545353,2261.0754692773826,29.554786189507887,2446.748532316584,1570.64
2026-03-01 00:00:00,0,6,1,3,0.4598967059681202,25.088157788769422,2198.488711665437,1083.613439764548,25.061205792881633,2541.4604888659487,35.00434549005598,2333.674889936256,1354.64
2026-03-01 01:00:00,1,6,1,3,0.48637689621114844,25.76601045715027,2328.9136959969524,1050.0493621167643,23.74468311254068,2198.488711665437,25.088157788769422,2356.2876321761128,1458.55
2026-03-01 02:00:00,2,6,1,3,0.5405693685282507,25.146185300893578,2056.2010898399094,1017.0816188122047,25.427649011030436,2328.9136959969524,25.76601045715027,2194.5344991674333,1436.94
2026-03-01 03:00:00,3,6,1,3,0.5539220488114396,24.268177738352712,2103.940052669338,1034.9307423390349,23.285603751939203,2056.2010898399094,25.146185300893578,2163.018279502067,1478.83
2026-03-01 04:00:00,4,6,1,3,0.5907659215809926,35.43669991055937,2635.2543890074867,1054.5502570549718,26.951966926913475,2103.940052669338,24.268177738352712,2265.1318438389117,1961.28
2026-03-01 05:00:00,5,6,1,3,0.6376848130605489,32.65968671695941,2350.5765414557145,1052.5090943245586,26.12145384899338,2635.2543890074867,35.43669991055937,2363.2569943775134,1870.24
2026-03-01 06:00:00,6,6,1,3,0.6427009454091422,34.721286257504914,2564.9079416532713,1098.6056177866126,27.61238563687829,2350.5765414557145,32.65968671695941,2516.912957372158,2083.35
2026-03-01 07:00:00,7,6,1,3,0.6622107560193364,23.719867431555528,1891.5131715389473,1015.5326365685714,26.443065648890048,2564.9079416532713,34.721286257504914,2268.999218215978,1588.39
2026-03-01 08:00:00,8,6,1,1,0.6803473726494007,40.249388124688124,2898.936429162238,1138.8134101288351,26.025509839460142,1891.5131715389473,23.719867431555528,2451.7858474514856,2401.78
2026-03-01 09:00:00,9,6,1,1,0.6759024838929495,35.472723311785664,2940.2821179774255,1090.1128859763842,27.737971765982426,2898.936429162238,40.249388124688124,2576.9105728928703,2430.17
2026-03-01 10:00:00,10,6,1,1,0.7611241425988065,37.565067929810276,2944.3630878817685,1102.4001393178542,27.4829412722195,2940.2821179774255,35.472723311785664,2927.8605450071445,2641.29
2026-03-01 11:00:00,11,6,1,1,0.6931654483660359,36.78655555804199,2979.6686490264356,1090.1868980419706,28.452728453241274,2944.3630878817685,37.565067929810276,2954.7712849618765,2490.78
2026-03-01 12:00:00,12,6,1,1,0.696818484058106,44.33854402254546,3293.087083773544,1146.675372053775,29.235759471032154,2979.6686490264356,36.78655555804199,3072.3729402272497,2802.02
2026-03-01 13:00:00,13,6,1,1,0.6734586833683381,38.61319612664384,2920.4258198593175,1124.0317817010007,27.31169724158045,3293.087083773544,44.33854402254546,3064.3938508864326,2392.02
2026-03-01 14:00:00,14,6,1,1,0.6561481339561819,43.73932766792906,3262.839228821087,1133.3336694695204,28.34704813640393,2920.4258198593175,38.61319612664384,3158.7840441513163,2619.26
2026-03-01 15:00:00,15,6,1,1,0.6325494105651388,42.11442311355981,3047.176883508409,1132.5774201019306,26.817515252140506,3262.839228821087,43.73932766792906,3076.8139773962716,2391.0
2026-03-01 16:00:00,16,6,1,2,0.5972094697671949,42.06273563236676,3059.7397864166724,1112.9487007814564,29.384566520276717,3047.176883508409,42.11442311355981,3123.251966248723,2275.53
2026-03-01 17:00:00,17,6,1,2,0.5321037849142682,28.821945219010967,2134.2710934722977,1078.84285604877,25.665281996160427,3059.7397864166724,42.06273563236676,2747.0625877991265,1502.36
2026-03-01 18:00:00,18,6,1,2,0.5066575657242718,38.407316339253796,2704.8350027501915,1095.18232097017,28.117438513188134,2134.2710934722977,28.821945219010967,2632.9486275463873,1800.07
2026-03-01 19:00:00,19,6,1,2,0.4866566496436493,38.01254304640255,2585.4918465224446,1102.10596273967,26.2458307913042,2704.8350027501915,38.407316339253796,2474.865980914978,1665.7
2026-03-01 20:00:00,20,6,1,2,0.4537826209465076,30.59317406690538,2445.1433738140377,1065.506602533464,25.362275350280143,2585.4918465224446,38.01254304640255,2578.4900743622247,1521.91
2026-03-01 21:00:00,21,6,1,2,0.47691729583993026,37.52496667765606,2648.8517359407424,1088.6694032276444,25.535527706514067,2445.1433738140377,30.59317406690538,2559.828985425742,1652.57
2026-03-01 22:00:00,22,6,1,2,0.44981949903276497,35.1765073705918,2520.7028253220856,1073.4782345393226,26.833043851562408,2648.8517359407424,37.52496667765606,2538.2326450256223,1553.78
2026-03-01 23:00:00,23,6,1,2,0.4594679400405267,33.20383309016307,2596.556674463525,1094.5075849571244,25.407437045444535,2520.7028253220856,35.1765073705918,2588.7037452421177,1574.84
2026-03-02 00:00:00,0,0,0,3,0.47201406884352676,35.116225795598,2583.761831803216,1123.2300510027285,28.830935122103917,2596.556674463525,33.20383309016307,2567.007110529609,1636.8
2026-03-02 01:00:00,1,0,0,3,0.5044745277835898,35.48311691992785,2658.7375949090692,1121.2100169714504,25.29328755238477,2583.761831803216,35.116225795598,2613.018700391937,1752.69
2026-03-02 02:00:00,2,0,0,3,0.5136204311740742,45.17434233525074,2915.0862927041876,1099.2832359423671,28.04534645206896,2658.7375949090692,35.48311691992785,2719.1952398054914,1969.96
2026-03-02 03:00:00,3,0,0,3,0.5178286947265301,38.00238986635119,2541.5295107145025,1134.2396357505766,28.351990684371554,2915.0862927041876,45.17434233525074,2705.117799442587,1785.3
2026-03-02 04:00:00,4,0,0,3,0.5879937590350528,40.737455005360104,2846.0504306860207,1104.9958574809923,28.205742480069972,2541.5295107145025,38.00238986635119,2767.5554113682374,2151.5
2026-03-02 05:00:00,5,0,0,3,0.6032075284385163,35.23185216416356,2547.1717847279924,1105.945734035294,26.70138107075011,2846.0504306860207,40.737455005360104,2644.917242042839,2008.9
2026-03-02 06:00:00,6,0,0,3,0.6394276663650048,35.27051468822427,2662.3453216645653,1068.4266754517166,25.712304029194275,2547.1717847279924,35.23185216416356,2685.189179026193,2095.76
2026-03-02 07:00:00,7,0,0,3,0.6907222297412184,41.786946832374795,2870.8235931373597,1120.6972851763492,25.911288950843286,2662.3453216645653,35.27051468822427,2693.4468998433063,2408.03
2026-03-02 08:00:00,8,0,0,1,0.7260092179584942,45.27648325956964,3362.050787388789,1138.9490126107014,30.130896088663736,2870.8235931373597,41.786946832374795,2965.073234063572,2945.63
2026-03-02 09:00:00,9,0,0,1,0.7156550472151907,48.54675181233155,3289.797927961971,1107.0718874513348,30.773369782136506,3362.050787388789,45.27648325956964,3174.224102829374,2848.27
2026-03-02 10:00:00,10,0,0,1,0.7261766602519792,50.119095938752814,3781.9717499975877,1165.683062913616,30.079952511418153,3289.797927961971,48.54675181233155,3477.940155116116,3290.59
2026-03-02 11:00:00,11,0,0,1,0.7492739145731743,50.38980410644018,3547.8321465859644,1185.2075916217186,28.459233346146927,3781.9717499975877,50.119095938752814,3539.867274848508,3154.08
2026-03-02 12:00:00,12,0,0,1,0.7060586201195928,49.37317350244345,3605.503244050659,1143.1264953677332,27.06854083017671,3547.8321465859644,50.38980410644018,3645.1023802114046,3080.17
2026-03-02 13:00:00,13,0,0,1,0.7310286116497244,51.38536923383573,3512.0106150962524,1189.5456802060432,28.529784237925796,3605.503244050659,49.37317350244345,3555.115335244292,3112.56
2026-03-02 14:00:00,14,0,0,1,0.6613101929126308,52.42499514536234,3696.0859698073864,1154.9576432451393,30.18389835502577,3512.0106150962524,51.38536923383573,3604.5332763180995,2941.09
2026-03-02 15:00:00,15,0,0,1,0.5810194111312366,52.571231409107654,3509.364041786875,1181.5245389125962,31.616828028293664,3696.0859698073864,52.42499514536234,3572.486875563505,2580.03
2026-03-02 16:00:00,16,0,0,2,0.5950668324220906,40.549686669662606,2878.9840407259776,1056.734497529873,28.404373899766153,3509.364041786875,52.571231409107654,3361.47801744008,2155.57
2026-03-02 17:00:00,17,0,0,2,0.5513885013833026,43.00545715724921,2892.5286819499147,1182.4912731118334,28.007864758814485,2878.9840407259776,40.549686669662606,3093.6255881542565,2107.04
2026-03-02 18:00:00,18,0,0,2,0.5357950550816549,48.181670016569285,3171.678011217886,1180.113136197351,28.092116443831593,2892.5286819499147,43.00545715724921,2981.0635779645927,2181.85
2026-03-02 19:00:00,19,0,0,2,0.4944686776592825,47.131265156508555,3204.6638156584963,1131.4094230196922,27.98241385815451,3171.678011217886,48.181670016569285,3089.623502942099,2079.95
2026-03-02 20:00:00,20,0,0,2,0.4559873237905031,39.194991919816275,2615.8697990452984,1057.4777420131697,28.406343113827216,3204.6638156584963,47.131265156508555,2997.4038753072273,1575.12
2026-03-02 21:00:00,21,0,0,2,0.42028441959374313,45.2301796512327,2953.219076631936,1138.1214278125678,28.084949837683183,2615.8697990452984,39.194991919816275,2924.584230445244,1717.16
2026-03-02 22:00:00,22,0,0,2,0.43581953485427943,37.076211627188165,2723.308436953879,1062.2067078319087,24.554573959541035,2953.219076631936,45.2301796512327,2764.132437543705,1591.71
2026-03-02 23:00:00,23,0,0,2,0.42775997523534437,44.16427215721129,3239.178824020118,1137.7784270677826,27.989015169257037,2723.308436953879,37.076211627188165,2971.9021125353115,1847.29
2026-03-03 00:00:00,0,1,0,3,0.44714597447408405,44.64218455861092,2992.328424978114,1138.8578812135506,26.944568845134427,3239.178824020118,44.16427215721129,2984.9385619840373,1774.02
2026-03-03 01:00:00,1,1,0,3,0.4927766187222955,34.682375489558545,2631.6432311810063,1065.1944227331835,26.11662729292373,2992.328424978114,44.64218455861092,2954.38349339308,1687.86
2026-03-03 02:00:00,2,1,0,3,0.5433980900870281,35.07986934077946,2565.7575439520583,1118.3436529534772,27.22801793884896,2631.6432311810063,34.682375489558545,2729.909733370393,1805.13
2026-03-03 03:00:00,3,1,0,3,0.5516587642821067,40.674104235505006,3063.404161968481,1132.8357845121743,28.082413348408505,2565.7575439520583,35.07986934077946,2753.6016457005153,2160.58
2026-03-03 04:00:00,4,1,0,3,0.5560823387592962,32.60019469676624,2257.34216131865,1104.7963622192792,25.432235382657773,3063.404161968481,40.674104235505006,2628.8346224130637,1629.77
2026-03-03 05:00:00,5,1,0,3,0.6251267196787557,35.785357395402364,2621.6956081534295,1093.3628721733317,28.315153154101715,2257.34216131865,32.60019469676624,2647.4806438135206,2047.12
2026-03-03 06:00:00,6,1,0,3,0.6739326297329129,40.087543981536136,2608.8741951416787,1074.962074253302,25.860494009394902,2621.6956081534295,35.785357395402364,2495.9706548712534,2128.67
2026-03-03 07:00:00,7,1,0,3,0.6667992912797289,35.77999953308709,2309.311390524513,1117.5668049376268,27.93474406614653,2608.8741951416787,40.087543981536136,2513.293731273208,1974.56
2026-03-03 08:00:00,8,1,0,1,0.698563213196363,49.174105044761596,3548.53017338841,1139.9371352006515,29.022864801649394,2309.311390524513,35.77999953308709,2822.238586351534,2977.18
2026-03-03 09:00:00,9,1,0,1,0.7155233795750534,52.60464998610262,3683.9489849123133,1125.6740963645939,30.386867785642796,3548.53017338841,49.174105044761596,3180.596849608412,3131.92
2026-03-03 10:00:00,10,1,0,1,0.7043020337383552,51.47541129237796,3582.2130756279444,1189.7026293188699,29.603265937609827,3683.9489849123133,52.60464998610262,3604.897411309556,3064.44
2026-03-03 11:00:00,11,1,0,1,0.7281952243573466,50.93386438703391,3579.2806066117555,1206.2206455606984,30.079038315573673,3582.2130756279444,51.47541129237796,3615.147555717338,3173.98
2026-03-03 12:00:00,12,1,0,1,0.6988245935576658,48.81307202255486,3868.38417310352,1144.2210848657394,31.42812430443282,3579.2806066117555,50.93386438703391,3676.6259517810736,3221.54
2026-03-03 13:00:00,13,1,0,1,0.6873855982442572,51.29521390344134,3577.303609091088,1209.1588844788475,30.44494765174361,3868.38417310352,48.81307202255486,3674.989462935455,3017.18
2026-03-03 14:00:00,14,1,0,1,0.6322501564439579,49.56693561965085,3591.727026234297,1150.5506106938872,29.068682624036295,3577.303609091088,51.29521390344134,3679.138269476302,2784.52
2026-03-03 15:00:00,15,1,0,1,0.6074855003078846,51.60231963474025,3544.180605209646,1146.8978809348023,28.466437737761737,3591.727026234297,49.56693561965085,3571.070413511677,2638.11
2026-03-03 16:00:00,16,1,0,2,0.5944476271565554,42.26073791208707,2937.1611150487906,1103.2814902937112,30.794343199249486,3544.180605209646,51.60231963474025,3357.6895821642447,2260.94
2026-03-03 17:00:00,17,1,0,2,0.5363086706438117,43.361008589671606,2922.657345528548,1164.3710945585049,27.161409944241164,2937.1611150487906,42.26073791208707,3134.6663552623286,2032.64
2026-03-03 18:00:00,18,1,0,2,0.5445392770246681,40.535147726067954,2774.81942974549,1092.6369938695775,28.088453025558017,2922.657345528548,43.361008589671606,2878.2126301076096,1963.59
2026-03-03 19:00:00,19,1,0,2,0.4730123269215913,43.87747336497817,3192.7541252880565,1143.8916262092873,26.713344178332353,2774.81942974549,40.535147726067954,2963.410300187365,1989.15
2026-03-03 20:00:00,20,1,0,2,0.4632501379852163,41.161496977299045,2993.5295595605776,1100.666892032716,27.642896601316316,3192.7541252880565,43.87747336497817,2987.034371531375,1825.64
2026-03-03 21:00:00,21,1,0,2,0.4634222009569922,40.100837424433024,2820.9472817873934,1098.895680633373,27.25051834517905,2993.5295595605776,41.161496977299045,3002.4103222120098,1752.94
2026-03-03 22:00:00,22,1,0,2,0.4116326853413393,44.90531401749386,2744.2336984739477,1155.3774984192146,27.714823745493224,2820.9472817873934,40.100837424433024,2852.903513273973,1615.67
2026-03-03 23:00:00,23,1,0,2,0.4095542080799148,44.74458921550181,2970.1854079072727,1119.4774357047736,24.63367305716725,2744.2336984739477,44.90531401749386,2845.1221293895383,1626.28
2026-03-04 00:00:00,0,2,0,3,0.4282433171787766,40.740058072320004,3157.66592098301,1102.8403478037726,28.724921805637365,2970.1854079072727,44.74458921550181,2957.3616757880773,1795.86
2026-03-04 01:00:00,1,2,0,3,0.506256732702427,36.49106050648715,2614.418322795157,1124.2843594553187,25.335037996209053,3157.66592098301,40.740058072320004,2914.089883895147,1726.26
2026-03-04 02:00:00,2,2,0,3,0.49896283708215106,39.42818496392864,2906.654432023228,1147.647672186255,28.078062960178002,2614.418322795157,36.49106050648715,2892.9128919337986,1901.01
2026-03-04 03:00:00,3,2,0,3,0.5949293193990121,39.927791502957824,2969.783705867414,1125.8284110939371,26.65568398335225,2906.654432023228,39.42818496392864,2830.285486895267,2180.65
2026-03-04 04:00:00,4,2,0,3,0.5687150480268521,39.55670832741058,2806.327544636193,1091.8575889190438,26.32784591367661,2969.783705867414,39.927791502957824,2894.255227508945,2038.97
2026-03-04 05:00:00,5,2,0,3,0.6199256923782936,35.1102121101925,2478.940949134484,1077.6756359583305,25.934783364643028,2806.327544636193,39.55670832741058,2751.684066546031,1962.62
2026-03-04 06:00:00,6,2,0,3,0.6808421990513575,38.52277218794916,2441.2872686437654,1106.0889703452976,24.874828865288716,2478.940949134484,35.1102121101925,2575.518587471481,2092.25
2026-03-04 07:00:00,7,2,0,3,0.719116807129299,39.274491036191314,2849.451681661684,1115.1212156929066,26.92753093612319,2441.2872686437654,38.52277218794916,2589.8932998133114,2509.43
2026-03-04 08:00:00,8,2,0,1,0.7424736280625494,50.0251246341778,3453.359888199175,1125.403850783217,28.079148705078605,2849.451681661684,39.274491036191314,2914.699612834875,3047.34
2026-03-04 09:00:00,9,2,0,1,0.7393969402923324,42.6973281957012,3242.517823033077,1138.8652612723013,26.60858820140512,3453.359888199175,50.0251246341778,3181.7764642979787,2840.69
2026-03-04 10:00:00,10,2,0,1,0.7404812505162293,50.56171368390718,3425.2986750250993,1154.3846879766186,30.639210712998896,3242.517823033077,42.6973281957012,3373.7254620857843,3047.84
2026-03-04 11:00:00,11,2,0,1,0.7270801546644932,57.74385863789035,3866.6451338486413,1138.0827265856083,29.33355868144009,3425.2986750250993,50.56171368390718,3511.4872106356065,3360.14
2026-03-04 12:00:00,12,2,0,1,0.7168107780531542,48.73986255935056,3497.3401017589017,1121.736288175884,29.443383274066758,3866.6451338486413,57.74385863789035,3596.427970210881,3006.73
2026-03-04 13:00:00,13,2,0,1,0.6679712350395459,47.451730157506375,3467.5590868131026,1127.203703788734,30.46199958716955,3497.3401017589017,48.73986255935056,3610.5147741402156,2816.17
2026-03-04 14:00:00,14,2,0,1,0.6336360223315538,51.306719958989895,3475.0237356722555,1153.4054376149331,28.8454795292216,3467.5590868131026,47.451730157506375,3479.97430808142,2741.99
2026-03-04 15:00:00,15,2,0,1,0.6161671771661338,51.093323736633,3742.8288819998475,1201.605264834132,29.48589719363818,3475.0237356722555,51.306719958989895,3561.8039014950687,2854.81
2026-03-04 16:00:00,16,2,0,2,0.5765963075495014,48.17457307895745,3096.228414385249,1148.6525749693205,28.59224708768507,3742.8288819998475,51.093323736633,3438.0270106857843,2266.49
2026-03-04 17:00:00,17,2,0,2,0.5347007726991015,39.59746145431889,2580.9494301899604,1087.37054856981,27.94468535457245,3096.228414385249,48.17457307895745,3140.002242191686,1798.73
2026-03-04 18:00:00,18,2,0,2,0.5239277489491343,46.55983088401247,3082.109579384946,1141.755093643729,26.870520279846055,2580.9494301899604,39.59746145431889,2919.7624746533857,2102.56
2026-03-04 19:00:00,19,2,0,2,0.5001111548052936,46.06647721438012,3077.1165117302808,1125.4637151711736,28.076877640680006,3082.109579384946,46.55983088401247,2913.3918404350625,2034.9
2026-03-04 20:00:00,20,2,0,2,0.4605245811960155,43.50248712070809,2976.882652412475,1132.128904471171,25.843948660747458,3077.1165117302808,46.06647721438012,3045.3695811759007,1831.4
2026-03-04 21:00:00,21,2,0,2,0.47432098594063565,45.185405612725916,3196.7991410148757,1145.255814626794,28.184155932297625,2976.882652412475,43.50248712070809,3083.599435052545,2035.88
2026-03-04 22:00:00,22,2,0,2,0.41716621771732987,47.60310118559425,3113.765692943438,1170.6431709229755,28.42026459792382,3196.7991410148757,45.185405612725916,3095.815828790264,1835.91
2026-03-04 23:00:00,23,2,0,2,0.440897195133936,47.05310383009957,3103.035317430228,1137.6052529286478,27.317901487994682,3113.765692943438,47.60310118559425,3137.866717129514,1854.87
2026-03-05 00:00:00,0,3,0,3,0.4444199970581224,33.99943240774195,2397.5923326004167,1126.9717428209635,25.443584241411113,3103.035317430228,47.05310383009957,2871.4644476580274,1456.37
2026-03-05 01:00:00,1,3,0,3,0.4436743182924221,40.870553653644194,2937.641334760536,1136.1827811779817,26.102265660566182,2397.5923326004167,33.99943240774195,2812.7563282637275,1720.62
2026-03-05 02:00:00,2,3,0,3,0.508346386283146,37.77358988238618,2721.928632396751,1083.4083709092401,27.165589774980294,2937.641334760536,40.870553653644194,2685.720766585902,1792.92
2026-03-05 03:00:00,3,3,0,3,0.5413303835179814,38.255059343054306,2671.074343162144,1158.2666290159289,28.170414242533596,2721.928632396751,37.77358988238618,2776.8814367731443,1922.04
2026-03-05 04:00:00,4,3,0,3,0.6102689948648425,38.25618946850593,2492.967562866911,1111.1996207057762,24.993319232498482,2671.074343162144,38.255059343054306,2628.6568461419356,1970.77
2026-03-05 05:00:00,5,3,0,3,0.6288509000054484,37.47414953920609,2859.666192670885,1079.0184855575185,26.785014522373423,2492.967562866911,38.25618946850593,2674.5693662333138,2217.29
2026-03-05 06:00:00,6,3,0,3,0.6295162635134158,42.170976239874726,2750.3723350596356,1160.0067312402596,27.770963279277137,2859.666192670885,37.47414953920609,2701.0020301991444,2228.08
2026-03-05 07:00:00,7,3,0,3,0.7160768006928003,37.70698714052776,2625.8610601993846,1152.7723881920722,28.2073790638519,2750.3723350596356,42.170976239874726,2745.299862643302,2332.21
2026-03-05 08:00:00,8,3,0,1,0.7256642304403285,46.08158855065891,3416.672826108771,1133.5007226096466,27.597081645711853,2625.8610601993846,37.70698714052776,2930.9687404559313,2966.57
2026-03-05 09:00:00,9,3,0,1,0.7268715697498418,48.62264550410595,3344.432096250765,1131.8993255070338,28.945565302603413,3416.672826108771,46.08158855065891,3128.988660852974,2942.6
2026-03-05 10:00:00,10,3,0,1,0.7154703180230033,50.62543150883666,3398.9232445072726,1148.1923520990051,29.669501135141008,3344.432096250765,48.62264550410595,3386.6760556222703,2908.49
2026-03-05 11:00:00,11,3,0,1,0.6960408309459999,54.302251745039676,3488.7276186027057,1185.0773001681011,29.506624393254402,3398.9232445072726,50.62543150883666,3410.694319786915,2965.47
2026-03-05 12:00:00,12,3,0,1,0.6937994210084003,52.110831397320915,3731.5070472281177,1190.3897419650464,27.46620634384122,3488.7276186027057,54.302251745039676,3539.7193034460324,3130.07
2026-03-05 13:00:00,13,3,0,1,0.7007699217602004,47.02312652438535,3350.6183442301817,1152.3546893691307,29.770035825271133,3731.5070472281177,52.110831397320915,3523.6176700203355,2858.79
2026-03-05 14:00:00,14,3,0,1,0.6876917261186921,58.69816470837612,4292.689822973724,1187.3357390452986,32.0,3350.6183442301817,47.02312652438535,3791.6050714773414,3512.47
2026-03-05 15:00:00,15,3,0,1,0.6470995368797966,50.92671358842293,3472.379503603327,1191.1571486113023,29.714592446747826,4292.689822973724,58.69816470837612,3705.2292236024114,2735.49
2026-03-05 16:00:00,16,3,0,2,0.5702230115642745,48.46386758299655,3070.299918423374,1136.0345585056982,26.997005797458133,3472.379503603327,50.92671358842293,3611.789748333476,2223.29
2026-03-05 17:00:00,17,3,0,2,0.5213729850198668,43.468999482479695,2888.2578202773384,1149.6489813890917,27.011773371953986,3070.299918423374,48.46386758299655,3143.6457474346803,1971.55
2026-03-05 18:00:00,18,3,0,2,0.5128177249382241,45.86675735646907,3093.180239657727,1126.2654594670944,30.4344964800458,2888.2578202773384,43.468999482479695,3017.245992786147,2063.37
2026-03-05 19:00:00,19,3,0,2,0.4456362633226263,46.93813976581442,3055.791888807412,1148.52813301353,29.277928011724043,3093.180239657727,45.86675735646907,3012.4099829141596,1863.7
2026-03-05 20:00:00,20,3,0,2,0.46521979775387423,48.2636814911399,3245.345532781597,1140.2156618447982,29.585850384666518,3055.791888807412,46.93813976581442,3131.439220415579,2022.91
2026-03-05 21:00:00,21,3,0,2,0.4418183325935571,47.70078906882379,3029.1049012984317,1139.406851708975,28.52471143790269,3245.345532781597,48.2636814911399,3110.0807742958136,1843.18
2026-03-05 22:00:00,22,3,0,2,0.4306792699626351,47.052689500255426,2951.5800212958643,1128.7760950644665,27.045235536357048,3029.1049012984317,47.70078906882379,3075.3434851252982,1695.7
2026-03-05 23:00:00,23,3,0,2,0.41287632297419447,42.89719644082062,2714.588071107835,1155.2101365427998,26.807941486905865,2951.5800212958643,47.052689500255426,2898.424331234044,1560.22
2026-03-06 00:00:00,0,4,0,3,0.46902844560157286,35.99888885315379,2353.121098239457,1075.6724044599018,25.750229711317303,2714.588071107835,42.89719644082062,2673.0963968810524,1492.31
2026-03-06 01:00:00,1,4,0,3,0.4703510338406451,39.16412628613469,2700.217400539054,1088.1506988308208,27.660213847740845,2353.121098239457,35.99888885315379,2589.308856628782,1710.1
2026-03-06 02:00:00,2,4,0,3,0.48660166328579424,41.26594825319374,2820.8500339065317,1168.0886321589028,29.213536119475386,2700.217400539054,39.16412628613469,2624.7295108950143,1868.18
2026-03-06 03:00:00,3,4,0,3,0.4863200894200141,37.220477547281874,2599.1490463297023,1123.3280993054857,28.005835918584093,2820.8500339065317,41.26594825319374,2706.7388269250964,1713.44
2026-03-06 04:00:00,4,4,0,3,0.5794497018989873,41.72810188000035,3026.9732802624753,1057.2845650526754,26.386649707253003,2599.1490463297023,37.220477547281874,2815.6574534995702,2159.94
2026-03-06 05:00:00,5,4,0,3,0.6516796982477477,43.08415860920163,3086.1507625670492,1108.2051659565464,28.55596317123809,3026.9732802624753,41.72810188000035,2904.0910297197424,2464.77
2026-03-06 06:00:00,6,4,0,3,0.6832251842909574,34.79287678324303,2525.5030967525963,1043.8717736939209,27.302459670043465,3086.1507625670492,43.08415860920163,2879.5423798607076,2099.95
2026-03-06 07:00:00,7,4,0,3,0.6698530242343912,35.070777536713024,2362.9144555690505,1066.5158428114707,26.619013914737064,2525.5030967525963,34.79287678324303,2658.1894382962323,1992.63
2026-03-06 08:00:00,8,4,0,1,0.6891993153225858,49.50868729383132,3459.8863152558033,1069.5718825194742,28.77787386812111,2362.9144555690505,35.070777536713024,2782.7679558591503,2835.19
2026-03-06 09:00:00,9,4,0,1,0.7246051008019699,51.076644338662184,3526.470427969751,1150.8818379123002,32.0,3459.8863152558033,49.50868729383132,3116.423732931535,3111.29
2026-03-06 10:00:00,10,4,0,1,0.7000322912162341,48.164015451815324,3388.5244998583225,1114.1075163282285,27.762580191397063,3526.470427969751,51.076644338662184,3458.293747694626,2851.59
2026-03-06 11:00:00,11,4,0,1,0.7212654536768588,54.732709376035004,3679.245653453786,1170.428468924051,28.964326042180026,3388.5244998583225,48.164015451815324,3531.4135270939537,3188.69
2026-03-06 12:00:00,12,4,0,1,0.7165651620975152,51.48423401531458,3538.3749832021795,1115.3089045891952,30.07489737485449,3679.245653453786,54.732709376035004,3535.3817121714296,3030.51
2026-03-06 13:00:00,13,4,0,1,0.7035336138438028,50.13806466884259,3509.827916190185,1152.6250550046714,32.0,3538.3749832021795,51.48423401531458,3575.8161842820505,2978.38
2026-03-06 14:00:00,14,4,0,1,0.6479969184704009,44.974316666460155,3247.57931813284,1119.5243597128324,27.821830572931127,3509.827916190185,50.13806466884259,3431.9274058417354,2557.64
2026-03-06 15:00:00,15,4,0,1,0.6121611913108136,45.39464464250373,3367.757709947739,1169.1274026997298,28.90686499438274,3247.57931813284,44.974316666460155,3375.054981423588,2554.33
2026-03-06 16:00:00,16,4,0,2,0.5624403482648688,44.98353237598632,3067.5032028279675,1165.218051047586,29.517763083712058,3367.757709947739,45.39464464250373,3227.613410302849,2179.09
2026-03-06 17:00:00,17,4,0,2,0.5272277266048498,36.53591530845807,2534.8387784187144,1115.7773013090894,26.42802800886377,3067.5032028279675,44.98353237598632,2990.03323039814,1753.06
2026-03-06 18:00:00,18,4,0,2,0.5054704221619695,47.54423093375425,3292.0182311397853,1132.0115792184868,28.57186947836293,2534.8387784187144,36.53591530845807,2964.786737462156,2170.44
2026-03-06 19:00:00,19,4,0,2,0.4883523607702069,43.44646154469688,2837.483293290486,1173.4203560602948,28.137037126565684,3292.0182311397853,47.54423093375425,2888.1134342829955,1884.34
2026-03-06 20:00:00,20,4,0,2,0.47702813599484356,55.350825393581566,3296.65106905333,1132.5774196283307,29.315858485119943,2837.483293290486,43.44646154469688,3142.0508644945344,2086.85
2026-03-06 21:00:00,21,4,0,2,0.42870680530592353,52.07770687715639,3389.190178035844,1123.2218617695341,30.533827136216964,3296.65106905333,55.350825393581566,3174.441513459887,1971.79
2026-03-06 22:00:00,22,4,0,2,0.4698537713791904,43.36492825763369,2853.3327954637957,1121.3651355333081,29.06087198509109,3389.190178035844,52.07770687715639,3179.7246808509904,1800.94
2026-03-06 23:00:00,23,4,0,2,0.439347912298679,43.6278204911404,3001.8068985922046,1180.8622346875895,28.37442666731378,2853.3327954637957,43.36492825763369,3081.4432906972816,1815.17
2026-03-07 00:00:00,0,5,1,3,0.4583290975832098,31.484535299007103,2128.3638563232557,1070.8796685242762,25.444625458198157,3001.8068985922046,43.6278204911404,2661.167850126419,1379.11
2026-03-07 01:00:00,1,5,1,3,0.46606081705092683,33.96110413471313,2695.3443990400588,1081.2632854586204,27.24141450887689,2128.3638563232557,31.484535299007103,2608.5050513185065,1677.74
2026-03-07 02:00:00,2,5,1,3,0.4615151947945412,22.266898298973942,2082.6856324186756,1003.0198342931006,25.529242109374728,2695.3443990400588,33.96110413471313,2302.1312959273305,1279.58
2026-03-07 03:00:00,3,5,1,3,0.561446241612868,21.747685871258597,1798.5886783070766,1060.6389831167937,24.06150035980268,2082.6856324186756,22.266898298973942,2192.2062365886036,1319.4
2026-03-07 04:00:00,4,5,1,3,0.5947368779418486,25.822878180559666,1984.5762632636306,1077.1209190804725,24.61452403209202,1798.5886783070766,21.747685871258597,1955.2835246631278,1542.35
2026-03-07 05:00:00,5,5,1,3,0.6106081151719885,30.039581541108525,2552.4530778415865,1089.8852061994319,27.944129471131316,1984.5762632636306,25.822878180559666,2111.8726731374313,1921.93
2026-03-07 06:00:00,6,5,1,3,0.6513398143444974,29.73905756677659,2249.7720020851916,1053.2257134459223,27.31857942337669,2552.4530778415865,30.039581541108525,2262.267114396803,1834.49
2026-03-07 07:00:00,7,5,1,3,0.6893137337201986,31.744200092443474,2328.3868223120417,1059.3091311604487,23.9522258741467,2249.7720020851916,29.73905756677659,2376.870634079607,1972.57
2026-03-07 08:00:00,8,5,1,1,0.6699926393920905,35.80105865072142,2639.12138798455,1060.8761783427615,26.809096675370515,2328.3868223120417,31.744200092443474,2405.7600707939278,2179.32
2026-03-07 09:00:00,9,5,1,1,0.7046485621335437,31.89349647960893,2693.113956910215,1079.670798462459,26.15061320289977,2639.12138798455,35.80105865072142,2553.5407224022692,2295.42
2026-03-07 10:00:00,10,5,1,1,0.7358852935924365,43.00304968355751,3207.810881979797,1095.0020155022673,28.31953718014937,2693.113956910215,31.89349647960893,2846.6820756248544,2818.36
2026-03-07 11:00:00,11,5,1,1,0.6901438272170846,37.101313044621676,3055.4182586203137,1068.9698395472547,28.667746980416762,3207.810881979797,43.00304968355751,2985.4476991701085,2525.46
2026-03-07 12:00:00,12,5,1,1,0.7071147151731539,32.935292474639766,2614.1987499766524,1071.1489019757921,27.517321879106472,3055.4182586203137,37.101313044621676,2959.1426301922547,2255.37
2026-03-07 13:00:00,13,5,1,1,0.6518633132736484,40.50772311085784,2940.41312491973,1099.801988063826,27.666825350732154,2614.1987499766524,32.935292474639766,2870.0100445055655,2336.7
2026-03-07 14:00:00,14,5,1,1,0.6593285996486704,42.77611490876537,3279.040687067619,1107.6549964145124,26.634127221891365,2940.41312491973,40.50772311085784,2944.5508539880007,2587.46
2026-03-07 15:00:00,15,5,1,1,0.6155218366684032,39.57280003757553,3201.5836102381463,1119.9523150713087,27.513890670769072,3279.040687067619,42.77611490876537,3140.345807408499,2415.1
2026-03-07 16:00:00,16,5,1,2,0.5476973636818898,32.39753064836129,2269.3505970421124,1081.5663176472021,26.640301594380574,3201.5836102381463,39.57280003757553,2916.6582981159595,1637.64
2026-03-07 17:00:00,17,5,1,2,0.5670601207747905,33.442232187489324,2634.6821387929886,1076.5650279871793,23.493762089534712,2269.3505970421124,32.39753064836129,2701.8721153577494,1823.74
2026-03-07 18:00:00,18,5,1,2,0.495308168464039,32.70296033159726,2476.1382359002955,1085.387164534176,27.678706701686053,2634.6821387929886,33.442232187489324,2460.056990578466,1638.52
2026-03-07 19:00:00,19,5,1,2,0.4648000018935957,29.281835108209414,2448.699220558381,1042.3391644052217,26.78780672396805,2476.1382359002955,32.70296033159726,2519.8398650838885,1516.63
2026-03-07 20:00:00,20,5,1,2,0.46276782741479744,31.498617630533488,2409.011349991893,1078.626436119876,27.609449131142334,2448.699220558381,29.281835108209414,2444.616268816857,1508.02
2026-03-07 21:00:00,21,5,1,2,0.46774313130810474,35.82447966754835,2309.428234941122,1097.0629809913094,25.459811092213254,2409.011349991893,31.498617630533488,2389.046268497132,1528.93
2026-03-07 22:00:00,22,5,1,2,0.419683563620432,35.12587489481775,2562.428284388874,1052.927328095334,24.067741105802092,2309.428234941122,35.82447966754835,2426.95595644063,1428.62
2026-03-07 23:00:00,23,5,1,2,0.4460039813164898,34.58820932088387,2683.6866776803267,1113.2451811427945,27.46205742874222,2562.428284388874,35.12587489481775,2518.514399003441,1610.54
2026-03-08 00:00:00,0,6,1,3,0.46733277347679,24.516980313513173,1996.0145918180474,1026.0320786233779,26.182965721572835,2683.6866776803267,34.58820932088387,2414.043184629083,1257.34
2026-03-08 01:00:00,1,6,1,3,0.4948671627791462,27.364738932525164,2184.857455694738,1061.7167007102614,26.39252435226523,1996.0145918180474,24.516980313513173,2288.1862417310376,1440.79
2026-03-08 02:00:00,2,6,1,3,0.5135288311055445,20.38027233745001,1895.9762347591331,1060.631382863182,23.524691002344802,2184.857455694738,27.364738932525164,2025.61609409064,1276.75
2026-03-08 03:00:00,3,6,1,3,0.5364247769039806,28.624668323598865,1940.168408977731,1087.6405922372423,24.571341320480947,1895.9762347591331,20.38027233745001,2007.0006998105343,1374.69
2026-03-08 04:00:00,4,6,1,3,0.5634481955870255,33.001001977347485,2685.606798033134,1082.8623426236109,26.31261913757454,1940.168408977731,28.624668323598865,2173.9171472566663,1893.62
2026-03-08 05:00:00,5,6,1,3,0.6179575439752804,22.84053753785263,1919.6591076157074,1032.2996750793588,23.415743935025112,2685.606798033134,33.001001977347485,2181.8114382088575,1489.68
2026-03-08 06:00:00,6,6,1,3,0.6285572197602878,25.949253143387857,2228.4046433491894,1077.4848102879407,26.574481763246453,1919.6591076157074,22.84053753785263,2277.8901829993442,1789.61
2026-03-08 07:00:00,7,6,1,3,0.6205679396962245,29.151873725485455,2301.43018130906,1083.4748693471574,24.234395164178675,2228.4046433491894,25.949253143387857,2149.831310757986,1831.57
2026-03-08 08:00:00,8,6,1,1,0.7099747526129747,44.384949220496196,3448.237001685452,1112.0806713808815,28.421543622253573,2301.43018130906,29.151873725485455,2659.3572754479005,2940.55
2026-03-08 09:00:00,9,6,1,1,0.7333083125021934,38.431213842949475,3078.131357624096,1083.8525141967557,26.935607098580125,3448.237001685452,44.384949220496196,2942.5995135395365,2659.44
2026-03-08 10:00:00,10,6,1,1,0.6727413512891632,37.57712384756936,2962.7796605581043,1048.4996158478773,26.087635173901493,3078.131357624096,38.431213842949475,3163.049339955884,2370.63
2026-03-08 11:00:00,11,6,1,1,0.6950350015862707,33.108769001543706,2682.672793967153,1086.2858720482645,27.1179397967683,2962.7796605581043,37.57712384756936,2907.8612707164516,2261.51
2026-03-08 12:00:00,12,6,1,1,0.7136266417499254,40.36203345257837,3212.0335895318835,1109.3806901848536,30.100582289951316,2682.672793967153,33.108769001543706,2952.4953480190475,2791.34
2026-03-08 13:00:00,13,6,1,1,0.7201448587603506,47.147266140503106,3196.8140198480855,1166.993848928076,28.434194625332633,3212.0335895318835,40.36203345257837,3030.5068011157077,2799.86
2026-03-08 14:00:00,14,6,1,1,0.6504158741535081,40.97075461687636,3221.1908081925435,1122.8593958045146,26.930405333298147,3196.8140198480855,47.147266140503106,3210.0128058575046,2513.45
2026-03-08 15:00:00,15,6,1,1,0.6016746074897702,39.922023572857,2964.6056905919804,1143.0438241457455,28.889952416330367,3221.1908081925435,40.97075461687636,3127.5368395442033,2240.34
2026-03-08 16:00:00,16,6,1,2,0.5763420711779031,35.12728808768445,2731.0020033805968,1073.0750466528336,29.126182116110623,2964.6056905919804,39.922023572857,2972.266167388374,2008.07
2026-03-08 17:00:00,17,6,1,2,0.5712628620686108,33.96117798617989,2547.6089544976185,1114.29847021891,25.716539059349483,2731.0020033805968,35.12728808768445,2747.7388828233993,1873.23
2026-03-08 18:00:00,18,6,1,2,0.4970807164175093,31.154449697089547,2479.245088511043,1061.3948893107417,25.689885174975547,2547.6089544976185,33.96117798617989,2585.9520154630864,1597.76
2026-03-08 19:00:00,19,6,1,2,0.46502121050087825,36.88147970487197,2669.505244378205,1116.9658203642948,27.517143570694092,2479.245088511043,31.154449697089547,2565.4530957956226,1686.72
2026-03-08 20:00:00,20,6,1,2,0.4491015730265379,34.79016533089114,2355.2721884731823,1052.6917015102972,27.797155792252667,2669.505244378205,36.88147970487197,2501.3408404541437,1409.48
2026-03-08 21:00:00,21,6,1,2,0.42570381215435615,34.0616463817678,2429.4865875721107,1092.124968011226,25.4744876503701,2355.2721884731823,34.79016533089114,2484.7546734744997,1428.74
2026-03-08 22:00:00,22,6,1,2,0.4424534063198959,30.586218904526124,2457.066571217041,1022.7276770819567,24.59128216685896,2429.4865875721107,34.0616463817678,2413.941782420778,1444.83
2026-03-08 23:00:00,23,6,1,2,0.4772639534889216,38.562277761771654,2755.301197362906,1097.5706738985427,27.94203965206991,2457.066571217041,30.586218904526124,2547.2847853840194,1731.3
2026-03-09 00:00:00,0,0,0,3,0.4652180289324991,40.326459608665886,2956.4094710266454,1122.3146882816116,28.813579924526245,2755.301197362906,38.562277761771654,2722.9257465355313,1816.85
2026-03-09 01:00:00,1,0,0,3,0.4759579805913576,36.06477706921444,2671.3079156791105,1081.2348944960802,26.911717459452642,2956.4094710266454,40.326459608665886,2794.3395280228874,1641.45
2026-03-09 02:00:00,2,0,0,3,0.5041637746216892,41.50638698788678,2751.783187570586,1089.764607232648,26.502850713646346,2671.3079156791105,36.06477706921444,2793.166858092114,1847.54
2026-03-09 03:00:00,3,0,0,3,0.5125015175117139,36.258502065651776,2536.104896427854,1116.1869699950055,27.6469374652833,2751.783187570586,41.50638698788678,2653.0653332258503,1715.42
2026-03-09 04:00:00,4,0,0,3,0.5976621955429431,35.26298777621137,2599.1845367923,1088.4653813586724,27.29759166143189,2536.104896427854,36.258502065651776,2629.024206930247,1969.09
2026-03-09 05:00:00,5,0,0,3,0.6146779223740968,35.341039088818995,2312.661471076842,1079.1248901795093,24.786748949971948,2599.1845367923,35.26298777621137,2482.650301432332,1819.21
2026-03-09 06:00:00,6,0,0,3,0.6463904017281874,31.80126006419168,2631.8697291633835,1078.2524382856236,26.831812774778086,2312.661471076842,35.341039088818995,2514.5719123441754,2120.59
2026-03-09 07:00:00,7,0,0,3,0.7428571007230138,39.65039833146372,2837.2775332811743,1174.5183218744946,25.83554273917434,2631.8697291633835,31.80126006419168,2593.9362445071333,2558.42
2026-03-09 08:00:00,8,0,0,1,0.7072186146971351,43.590992925815776,3408.8388333075745,1153.2015429478017,30.185864658750752,2837.2775332811743,39.65039833146372,2959.328698584044,2896.17
2026-03-09 09:00:00,9,0,0,1,0.7001937946785658,45.70044659056983,3166.8476236785423,1161.8661280669753,28.241478462335714,3408.8388333075745,43.590992925815776,3137.6546634224305,2712.42
2026-03-09 10:00:00,10,0,0,1,0.7114728480758891,42.73544196822513,3372.4427078127615,1131.8304258477096,28.71862269384752,3166.8476236785423,45.70044659056983,3316.0430549329594,2895.91
2026-03-09 11:00:00,11,0,0,1,0.7381985298644046,49.69875607523188,3804.223892708764,1152.9571561153562,30.641296926846294,3372.4427078127615,42.73544196822513,3447.8380747333563,3328.01
2026-03-09 12:00:00,12,0,0,1,0.7035089647405767,49.47387838904845,3367.8191248619023,1087.9934563479333,29.274432988735974,3804.223892708764,49.69875607523188,3514.8285751278095,2831.62
2026-03-09 13:00:00,13,0,0,1,0.6502293897997693,48.856563253847725,3591.1135618115995,1128.4517443538127,31.04429461325067,3367.8191248619023,49.47387838904845,3587.718859794089,2816.57
2026-03-09 14:00:00,14,0,0,1,0.668384578691504,46.350978068652985,3385.9272064518595,1123.38955194455,29.995732659096465,3591.1135618115995,48.856563253847725,3448.286631041787,2730.3
2026-03-09 15:00:00,15,0,0,1,0.6028717846035729,45.89718186297176,3180.04112204394,1086.7164258506987,28.412445938928435,3385.9272064518595,46.350978068652985,3385.6939634358,2394.38
2026-03-09 16:00:00,16,0,0,2,0.6174659555243509,45.62529452241301,3112.28433013081,1103.5657833342661,29.290682880098828,3180.04112204394,45.89718186297176,3226.0842195422033,2389.27
2026-03-09 17:00:00,17,0,0,2,0.5653662949999401,42.073068239020294,2993.3204553363953,1068.7713611830154,28.458619555551255,3112.28433013081,45.62529452241301,3095.2153025037155,2117.9
2026-03-09 18:00:00,18,0,0,2,0.5010535620868249,45.10725412537651,2957.6912493216814,1129.4709206090718,27.347051267529025,2993.3204553363953,42.073068239020294,3021.0986782629625,1934.76
2026-03-09 19:00:00,19,0,0,2,0.5066253778685856,40.90162959856522,2980.4833143660617,1134.0756676654814,27.785282591336422,2957.6912493216814,45.10725412537651,2977.16500634138,1968.62
2026-03-09 20:00:00,20,0,0,2,0.46011355368072665,44.633719599698786,2808.5057731717416,1156.2042413644033,27.183818443960728,2980.4833143660617,40.90162959856522,2915.560112286495,1763.4
2026-03-09 21:00:00,21,0,0,2,0.46182585782197483,48.561473130606224,3005.8955533033227,1154.6155040744059,28.625965456153452,2808.5057731717416,44.633719599698786,2931.628213613709,1885.17
2026-03-09 22:00:00,22,0,0,2,0.44969465634588945,46.05158030137474,3088.7128010325137,1110.1214126755349,27.855282199109077,3005.8955533033227,48.561473130606224,2967.704709169193,1882.28
2026-03-09 23:00:00,23,0,0,2,0.4278432512197129,42.55655163624232,2918.091056987577,1071.9245775819702,27.25847916625263,3088.7128010325137,46.05158030137474,3004.233137107805,1710.02
2026-03-10 00:00:00,0,1,0,3,0.4458854468238293,38.90019639624575,2664.5200192201655,1061.6790680999454,29.244242168721303,2918.091056987577,42.55655163624232,2890.441292413419,1585.02
2026-03-10 01:00:00,1,1,0,3,0.5016042669855065,37.157671889144254,2769.2465673281176,1066.9061231252144,28.35850446919025,2664.5200192201655,38.90019639624575,2783.952547845287,1812.97
2026-03-10 02:00:00,2,1,0,3,0.5033044933578692,38.027580646431545,2774.9484467953334,1079.8888301348343,26.337107358674277,2769.2465673281176,37.157671889144254,2736.238344447873,1790.43
2026-03-10 03:00:00,3,1,0,3,0.5356923644208071,36.86036131748024,2761.692947798693,1093.4477328201313,27.890772352059614,2774.9484467953334,38.027580646431545,2768.629320640715,1898.65
2026-03-10 04:00:00,4,1,0,3,0.5608975484130129,37.42482677940113,2669.340832830779,1074.3452016644303,27.03982285488881,2761.692947798693,36.86036131748024,2735.3274091416024,1913.92
2026-03-10 05:00:00,5,1,0,3,0.6247066476262221,38.74232673575961,2815.714335266583,1113.4437042847449,27.855575861200723,2669.340832830779,37.42482677940113,2748.9160386320186,2194.78
2026-03-10 06:00:00,6,1,0,3,0.6912504983848629,34.52324455146317,2500.067968452244,1082.2861406358659,26.498369484318935,2815.714335266583,38.74232673575961,2661.707712183202,2131.24
2026-03-10 07:00:00,7,1,0,3,0.6576442910810312,34.44442410553508,2796.45732755947,1088.0413392156659,28.749095599780517,2500.067968452244,34.52324455146317,2704.0798770927663,2272.41
2026-03-10 08:00:00,8,1,0,1,0.7017279456632766,45.14010106159076,3233.7990553569457,1159.0666680631432,29.19407459810489,2796.45732755947,34.44442410553508,2843.4414504562205,2771.4
2026-03-10 09:00:00,9,1,0,1,0.743474026788778,44.39905113423701,3550.592992575663,1098.0904111819389,29.760803537395063,3233.7990553569457,45.14010106159076,3193.61645849736,3097.66
2026-03-10 10:00:00,10,1,0,1,0.7184071721750857,45.73951057722832,3362.4645296260032,1143.4256567662226,30.458843791132963,3550.592992575663,44.39905113423701,3382.2855258528707,2905.29
2026-03-10 11:00:00,11,1,0,1,0.7242770516054642,50.55811877381445,3410.054038073401,1151.883144383356,29.646788842883453,3362.4645296260032,45.73951057722832,3441.0371867583563,2958.5
2026-03-10 12:00:00,12,1,0,1,0.6799956859668838,46.87524369577841,3573.5554883686605,1129.1638177588713,30.057625923090406,3410.054038073401,50.55811877381445,3448.6913520226885,2909.66
2026-03-10 13:00:00,13,1,0,1,0.6875610913102695,51.79765062480884,3646.002444723793,1179.3220105208843,30.53016860539598,3573.5554883686605,46.87524369577841,3543.203990388618,3088.12
2026-03-10 14:00:00,14,1,0,1,0.646257114699909,50.121498120633966,3657.6023072341573,1172.4613463464611,30.079676862740886,3646.002444723793,51.79765062480884,3625.7200801088707,2876.66
2026-03-10 15:00:00,15,1,0,1,0.6359492662279501,43.11023525296681,3386.8232966086175,1098.7786711121564,29.300483380289958,3657.6023072341573,50.121498120633966,3563.4760161888566,2592.3
2026-03-10 16:00:00,16,1,0,2,0.603747721031295,46.292414544775916,3123.7133210123193,1130.6156435826556,27.708344230193486,3386.8232966086175,43.11023525296681,3389.379641618365,2367.54
2026-03-10 17:00:00,17,1,0,2,0.5955566065260194,46.83779525957098,3036.6318853031567,1144.3814731028854,27.220705620795204,3123.7133210123193,46.292414544775916,3182.389500974698,2285.61
2026-03-10 18:00:00,18,1,0,2,0.5215926634642716,40.52148063807801,2940.5522340338207,1105.2607538517475,26.60355631633381,3036.6318853031567,46.83779525957098,3033.6324801164324,1962.34
2026-03-10 19:00:00,19,1,0,2,0.48752097696552665,45.47067040013247,3046.2708289005127,1146.5082149077248,26.48385615217855,2940.5522340338207,40.52148063807801,3007.8183160791637,1982.13
2026-03-10 20:00:00,20,1,0,2,0.4626441295017253,41.002256169067806,2927.4044658410617,1121.038825124028,26.702354052475403,3046.2708289005127,45.47067040013247,2971.409176258465,1807.58
2026-03-10 21:00:00,21,1,0,2,0.43770705846331665,44.341846318619176,2736.9354154828875,1173.181416283377,26.91399761024931,2927.4044658410617,41.002256169067806,2903.536903408154,1667.58
2026-03-10 22:00:00,22,1,0,2,0.44676967686923375,39.57425557565762,2834.479306945775,1070.0400439043858,27.57200545542068,2736.9354154828875,44.341846318619176,2832.9397294232417,1679.13
2026-03-10 23:00:00,23,1,0,2,0.4388623561167498,37.72412741612898,2620.9554347084004,1097.8356099208308,26.4109622399175,2834.479306945775,39.57425557565762,2730.7900523790213,1557.06
2026-03-11 00:00:00,0,2,0,3,0.4621256629955708,36.66013983635461,2848.103449097381,1073.9279965576138,24.66683397550511,2620.9554347084004,37.72412741612898,2767.846063583853,1720.92
2026-03-11 01:00:00,1,2,0,3,0.5073570013460426,37.566948688038075,2765.283172708405,1115.3704811381283,29.107114205009495,2848.103449097381,36.66013983635461,2744.7806855047293,1843.9
2026-03-11 02:00:00,2,2,0,3,0.4898691486944072,36.60812107234889,2676.1483777576154,1056.0031870382568,28.224270739993845,2765.283172708405,37.566948688038075,2763.178333187801,1684.32
2026-03-11 03:00:00,3,2,0,3,0.5665629049082279,33.85589304622104,2581.8723862819734,1094.0813899405061,27.141153109067133,2676.1483777576154,36.60812107234889,2674.434645582665,1868.52
2026-03-11 04:00:00,4,2,0,3,0.6063423013467972,36.60035328254102,2527.20299536914,1080.6502023464557,28.712998791627722,2581.8723862819734,33.85589304622104,2595.0745864695764,1926.04
2026-03-11 05:00:00,5,2,0,3,0.6138732957745313,38.94253163403257,2947.204726394832,1087.4160798831049,26.651178813668988,2527.20299536914,36.60035328254102,2685.426702681982,2271.75
2026-03-11 06:00:00,6,2,0,3,0.607562902019828,37.84287439457112,2941.893797965729,1065.2090424897674,30.07146280463697,2947.204726394832,38.94253163403257,2805.433839909901,2201.83
2026-03-11 07:00:00,7,2,0,3,0.666838509624228,38.63875360709725,2785.893533585162,1092.928115773364,26.128054886516548,2941.893797965729,37.84287439457112,2891.6640193152416,2270.24
2026-03-11 08:00:00,8,2,0,1,0.7271834474610436,47.65459679841018,3635.305284157295,1167.7309004509139,30.404169790873944,2785.893533585162,38.63875360709725,3121.030871902729,3168.7
2026-03-11 09:00:00,9,2,0,1,0.7147722544344919,54.10101270150656,3666.2477877270912,1165.7743337177892,28.69222116892926,3635.305284157295,47.65459679841018,3362.482201823183,3143.83
2026-03-11 10:00:00,10,2,0,1,0.7000139553541017,45.88339332205827,3269.099071545624,1149.225583735095,28.91462981980532,3666.2477877270912,54.10101270150656,3523.5507144766707,2774.9
2026-03-11 11:00:00,11,2,0,1,0.7051341172559051,51.706461039803514,3631.701716638629,1198.441889708371,30.569072186393495,3269.099071545624,45.88339332205827,3522.349525303782,3119.89
2026-03-11 12:00:00,12,2,0,1,0.7180559570599124,54.13661882535987,3788.340771745342,1173.1403649220038,30.442174175123007,3631.701716638629,51.706461039803514,3563.0471866431985,3298.16
2026-03-11 13:00:00,13,2,0,1,0.6899296207301442,51.68317832462113,3578.4646228587762,1142.7627239969258,30.78486834243742,3788.340771745342,54.13661882535987,3666.169037080916,3011.55
2026-03-11 14:00:00,14,2,0,1,0.6452213580166061,49.291165205273096,3582.6346170815073,1158.8459662006621,30.0609327296564,3578.4646228587762,51.68317832462113,3649.8133372285424,2860.47
2026-03-11 15:00:00,15,2,0,1,0.6088981780780591,48.150960336679574,3503.55995299939,1128.996437688861,29.05163550261162,3582.6346170815073,49.291165205273096,3554.886397646558,2605.34
2026-03-11 16:00:00,16,2,0,2,0.5721648370191236,47.6263067786619,3023.3869920048587,1127.8946600322183,27.39778065865339,3503.55995299939,48.150960336679574,3369.8605206952525,2212.64
2026-03-11 17:00:00,17,2,0,2,0.525317129995677,39.01958776158415,2818.1366113654935,1068.081031055862,28.366885231690482,3023.3869920048587,47.6263067786619,3115.027852123248,1908.55
2026-03-11 18:00:00,18,2,0,2,0.5423075137893888,40.60456508867125,2930.828818092789,1135.5746976317948,26.98493895787427,2818.1366113654935,39.01958776158415,2924.117473821047,2046.11
2026-03-11 19:00:00,19,2,0,2,0.4745586412496565,42.60854782077897,2937.9609700459005,1110.78412689188,28.891686798068257,2930.828818092789,40.60456508867125,2895.6421331680613,1884.1
2026-03-11 20:00:00,20,2,0,2,0.4830996138866885,48.331788151291995,3313.248239199543,1147.8796087505646,30.51141494873013,2937.9609700459005,42.60854782077897,3060.679342446078,2110.77
2026-03-11 21:00:00,21,2,0,2,0.4751967053579794,45.329186726143135,2893.7249474568066,1105.4176986894065,25.643293190040666,3313.248239199543,48.331788151291995,3048.311385567417,1809.64
2026-03-11 22:00:00,22,2,0,2,0.45996621796295917,40.61183984521414,2883.6868436904588,1123.3460501237435,28.971801143729436,2893.7249474568066,45.329186726143135,3030.220010115603,1798.17
2026-03-11 23:00:00,23,2,0,2,0.4361379780651694,42.913923031152834,2790.692851634264,1102.607161171234,29.774816743581184,2883.6868436904588,40.61183984521414,2856.034880927177,1648.9
2026-03-12 00:00:00,0,3,0,3,0.4668310452769107,35.84986899566297,2479.5543418168636,1089.8567579401063,26.567585652831863,2790.692851634264,42.913923031152834,2717.978012380529,1560.29
2026-03-12 01:00:00,1,3,0,3,0.480521138506065,35.51573852718263,2522.496533674683,1114.0086048897087,27.127222801269397,2479.5543418168636,35.84986899566297,2597.5812423752704,1631.27
2026-03-12 02:00:00,2,3,0,3,0.49192596278539746,41.42611345494873,2751.1278834437835,1135.4734366256082,28.414832667388936,2522.496533674683,35.51573852718263,2584.3929196451104,1799.85
2026-03-12 03:00:00,3,3,0,3,0.5502525193200791,33.19889904757773,2428.1909588920616,1082.2448443773876,25.763391084758712,2751.1278834437835,41.42611345494873,2567.2717920035097,1744.41
2026-03-12 04:00:00,4,3,0,3,0.5564192041768039,43.630732995070304,2937.684947492821,1080.3196561626132,28.011019426554846,2428.1909588920616,33.19889904757773,2705.6679299428893,2058.37
2026-03-12 05:00:00,5,3,0,3,0.6399882540835842,40.89880391564618,2940.904714563844,1188.4154799141006,26.225976279665083,2937.684947492821,43.630732995070304,2768.926873649576,2347.55
2026-03-12 06:00:00,6,3,0,3,0.6407076540540321,41.818015847112946,2843.271628475398,1160.9185376452804,27.643934129154534,2940.904714563844,40.89880391564618,2907.2870968440216,2298.86
2026-03-12 07:00:00,7,3,0,3,0.6830181424835734,36.379711707911596,2446.811942043671,1113.585717453854,26.75377420158569,2843.271628475398,41.818015847112946,2743.6627616943047,2120.05
2026-03-12 08:00:00,8,3,0,1,0.7069093139607442,49.475207483223116,3663.1924783244594,1129.0707353931182,30.83003722192663,2446.811942043671,36.379711707911596,2984.4253496145097,3102.48
2026-03-12 09:00:00,9,3,0,1,0.710051516206388,44.98396864916351,3223.8277731785533,1127.096070554105,30.02460224557894,3663.1924783244594,49.475207483223116,3111.277397848895,2796.15
2026-03-12 10:00:00,10,3,0,1,0.7317338760295055,48.16368157526619,3460.319219634423,1129.069215556652,28.604634785018774,3223.8277731785533,44.98396864916351,3449.1131570458124,3035.29
2026-03-12 11:00:00,11,3,0,1,0.7057315425480191,51.72779196675103,3681.335019336682,1188.507566344414,29.631988623114076,3460.319219634423,48.16368157526619,3455.1606707165533,3138.77
2026-03-12 12:00:00,12,3,0,1,0.7186695024789663,54.53622071623489,3778.083182438904,1174.7074551362355,32.0,3681.335019336682,51.72779196675103,3639.9124738033365,3256.26
2026-03-12 13:00:00,13,3,0,1,0.6520753557611816,46.12495114119142,3506.924347056191,1114.89570810577,29.509353775004186,3778.083182438904,54.53622071623489,3655.447516277259,2740.89
2026-03-12 14:00:00,14,3,0,1,0.6525275915909281,48.72072922055157,3549.9131921319513,1133.1140394040867,30.073084518547965,3506.924347056191,46.12495114119142,3611.640240542349,2824.21
2026-03-12 15:00:00,15,3,0,1,0.6550132462955186,49.47045272918617,3422.8132232497246,1175.9115144809923,29.32896536076215,3549.9131921319513,48.72072922055157,3493.216920812623,2752.58
2026-03-12 16:00:00,16,3,0,2,0.5599933735078885,39.1147377923263,3021.5906615336826,1146.4613973398173,27.085951880212917,3422.8132232497246,49.47045272918617,3331.4390256384527,2160.23
2026-03-12 17:00:00,17,3,0,2,0.53021043427515,46.0697223461544,3096.457521177536,1172.4871784717736,30.269760123661953,3021.5906615336826,39.1147377923263,3180.287135320315,2171.67
2026-03-12 18:00:00,18,3,0,2,0.5202781569931783,41.46603383890087,2848.290695555959,1134.7899369819531,26.86106062421514,3096.457521177536,46.0697223461544,2988.7796260890595,1929.76
2026-03-12 19:00:00,19,3,0,2,0.48459668627267527,43.31613377088041,3064.897070456287,1116.9489133634556,26.86358093973931,2848.290695555959,41.46603383890087,3003.2150957299273,1912.65
2026-03-12 20:00:00,20,3,0,2,0.4657690454556498,42.41817719830843,2938.752087435488,1038.6348631600056,27.254951958688324,3064.897070456287,43.31613377088041,2950.6466178159117,1794.24
2026-03-12 21:00:00,21,3,0,2,0.4545541269224837,41.23731522998114,2903.5865685018707,1122.3782615151301,25.276574692935597,2938.752087435488,42.41817719830843,2969.078575464549,1731.1
2026-03-12 22:00:00,22,3,0,2,0.45269442937123533,43.975342550818056,3277.952494618895,1125.8556512321695,28.1449633574165,2903.5865685018707,41.23731522998114,3040.0970501854185,1936.72
2026-03-12 23:00:00,23,3,0,2,0.46696438115865485,43.24536647501192,2913.0269199849313,1126.4810183080815,26.548335415860315,3277.952494618895,43.975342550818056,3031.521994368566,1792.6
2026-03-13 00:00:00,0,4,0,3,0.46695281660874877,36.69849741202467,2613.301076259023,1098.1414233239288,27.451917944642865,2913.0269199849313,43.24536647501192,2934.7601636209497,1639.48
2026-03-13 01:00:00,1,4,0,3,0.47617989754151246,35.4503843241188,2609.256716026842,1058.6449832477463,25.889425299284294,2613.301076259023,36.69849741202467,2711.8615707569325,1652.04
2026-03-13 02:00:00,2,4,0,3,0.5234514740240547,39.118336347740346,2888.90704791804,1120.408559312241,28.695054882421417,2609.256716026842,35.4503843241188,2703.821613401302,1963.84
2026-03-13 03:00:00,3,4,0,3,0.5817629723835513,43.787660439723,2789.6606361646873,1140.9560496096883,28.97704957889881,2888.90704791804,39.118336347740346,2762.6081333698567,2095.19
2026-03-13 04:00:00,4,4,0,3,0.5773473250723485,38.489605314936945,2496.165532194982,1121.0168908112394,27.257962177528395,2789.6606361646873,43.787660439723,2724.91107209257,1848.05
2026-03-13 05:00:00,5,4,0,3,0.59674408022094,41.48641375218895,2796.4347863740854,1139.6100800980903,27.062983341281523,2496.165532194982,38.489605314936945,2694.086984911252,2135.31
2026-03-13 06:00:00,6,4,0,3,0.6721416133857394,33.13422326196288,2294.9692917012153,1097.638184170892,25.819235035050763,2796.4347863740854,41.48641375218895,2529.1898700900947,1921.25
2026-03-13 07:00:00,7,4,0,3,0.6765873260870446,38.55216503752819,2683.867664985692,1093.95792486164,25.116243621779436,2294.9692917012153,33.13422326196288,2591.7572476869977,2225.49
2026-03-13 08:00:00,8,4,0,1,0.6577901656095406,46.15921088360127,3437.464453297572,1132.8659223365028,29.29767959729975,2683.867664985692,38.55216503752819,2805.43380332816,2743.27
2026-03-13 09:00:00,9,4,0,1,0.732178049223478,44.830762753638346,3210.4944602874543,1131.6011726958877,27.669122039277983,3437.464453297572,46.15921088360127,3110.608859523573,2837.18
2026-03-13 10:00:00,10,4,0,1,0.7092934362809216,47.41220007389337,3262.3298141114406,1142.341286523239,29.707624371083963,3210.4944602874543,44.830762753638346,3303.429575898823,2812.54
2026-03-13 11:00:00,11,4,0,1,0.7134189500343863,54.171647670447506,3746.0446045759795,1191.6420320810832,32.0,3262.3298141114406,47.41220007389337,3406.289626324958,3240.41
2026-03-13 12:00:00,12,4,0,1,0.7078831631412017,53.32505540034376,3803.1327111692895,1179.3919404269375,31.276895000399534,3746.0446045759795,54.171647670447506,3603.835709952237,3256.1
2026-03-13 13:00:00,13,4,0,1,0.6828049429616979,50.8505165271904,3384.876431101575,1205.3356520980103,26.89355325825965,3803.1327111692895,53.32505540034376,3644.6845822822816,2872.58
2026-03-13 14:00:00,14,4,0,1,0.6641890363427807,44.635548040385245,3407.027549614054,1183.7039166586578,28.923282267216262,3384.876431101575,50.8505165271904,3531.678897294973,2783.81
2026-03-13 15:00:00,15,4,0,1,0.607524938902956,49.31301772014222,3617.162541854999,1149.2433104459171,30.204197583299344,3407.027549614054,44.635548040385245,3469.688840856876,2712.03
2026-03-13 16:00:00,16,4,0,2,0.5902621159635216,45.05595003115607,3142.007963660819,1034.30741141314,28.578188789181713,3617.162541854999,49.31301772014222,3388.732685043291,2289.24
2026-03-13 17:00:00,17,4,0,2,0.5385744001339687,44.61437680352509,3153.8645819432313,1159.3783188672821,27.635906189080266,3142.007963660819,45.05595003115607,3304.345029153017,2169.25
2026-03-13 18:00:00,18,4,0,2,0.5247762096177501,37.54672245781739,2953.8441815609362,1086.6774813565933,28.14049736303411,3153.8645819432313,44.61437680352509,3083.2389090549955,1956.98
2026-03-13 19:00:00,19,4,0,2,0.4933124003141444,40.88388753193045,2797.0438931025833,1093.4984520819467,25.832478639372013,2953.8441815609362,37.54672245781739,2968.250885535584,1790.77
2026-03-13 20:00:00,20,4,0,2,0.4400476694292867,43.77572782547949,2983.05634175592,1115.141779427184,26.80963067196432,2797.0438931025833,40.88388753193045,2911.314805473147,1748.29
2026-03-13 21:00:00,21,4,0,2,0.4664900266430311,45.87701818331016,3014.4932062591943,1122.3419965628755,28.8232678574551,2983.05634175592,43.77572782547949,2931.531147039233,1898.68
2026-03-13 22:00:00,22,4,0,2,0.42928073109771897,36.313552626150184,2634.347089547455,1110.5609557572354,25.562361088102392,3014.4932062591943,45.87701818331016,2877.2988791875237,1519.47
2026-03-13 23:00:00,23,4,0,2,0.46093154028515326,43.4325660858205,3138.41027653828,1084.7443698651264,29.107221515051638,2634.347089547455,36.313552626150184,2929.0835241149766,1928.85
2026-03-14 00:00:00,0,5,1,3,0.46610218973820533,28.500670694576332,2121.128443184254,1037.0596641335153,23.427071614360244,3138.41027653828,43.4325660858205,2631.2952697566634,1332.81
2026-03-14 01:00:00,1,5,1,3,0.5177687241697858,30.973641959806745,2290.4879275314347,1082.4735316941624,27.752750818988197,2121.128443184254,28.500670694576332,2516.6755490846567,1582.06
2026-03-14 02:00:00,2,5,1,3,0.505530680352563,30.425001544831026,2534.3867818979434,1087.273606939657,25.51883203277495,2290.4879275314347,30.973641959806745,2315.3343842045447,1658.01
2026-03-14 03:00:00,3,5,1,3,0.5367789977632831,30.038999615830818,2474.1593635406375,1086.1945395867235,25.978797992304656,2534.3867818979434,30.425001544831026,2433.0113576566723,1695.69
2026-03-14 04:00:00,4,5,1,3,0.5796116078822453,25.200208226543232,2090.433572576396,1031.1249259328404,25.364847821896472,2474.1593635406375,30.038999615830818,2366.3265726716595,1547.41
2026-03-14 05:00:00,5,5,1,3,0.6101710706576674,21.321992520068424,2062.0179035375654,1010.8313288486177,24.19497306879057,2090.433572576396,25.200208226543232,2208.8702798848667,1576.5
2026-03-14 06:00:00,6,5,1,3,0.6659988380388409,26.624315350285098,2239.0400918618734,1043.8313905564423,25.63555412615848,2062.0179035375654,21.321992520068424,2130.497189325278,1820.93
2026-03-14 07:00:00,7,5,1,3,0.6466687371973848,31.50571138822996,2597.7899655504666,1082.019664360038,27.349727954592375,2239.0400918618734,26.624315350285098,2299.6159869833023,2043.34
2026-03-14 08:00:00,8,5,1,1,0.6801699081468943,44.87709084633551,3328.410239344311,1166.6452976171558,30.247436676818552,2597.7899655504666,31.50571138822996,2721.7467655855507,2785.58
2026-03-14 09:00:00,9,5,1,1,0.6938735572488857,42.48692185804225,3334.9873372766115,1068.7617577879003,30.066421380756253,3328.410239344311,44.87709084633551,3087.06251405713,2773.5
2026-03-14 10:00:00,10,5,1,1,0.7390061518394715,41.50269287980607,3484.6626088503876,1110.4925525952651,29.40936947293808,3334.9873372766115,42.48692185804225,3382.686728490437,3015.19
2026-03-14 11:00:00,11,5,1,1,0.749441883132108,41.32873876935088,3231.565143226486,1081.9979940517735,28.595925681902628,3484.6626088503876,41.50269287980607,3350.405029784495,2849.22
2026-03-14 12:00:00,12,5,1,1,0.699154572159072,38.05358438633727,3018.330677280558,1060.9082706115119,30.880032527231897,3231.565143226486,41.32873876935088,3244.8528097858107,2532.59
2026-03-14 13:00:00,13,5,1,1,0.6756185149023164,39.54478897256233,3166.2091419918224,1132.3530720238698,29.693897355205223,3018.330677280558,38.05358438633727,3138.701654166289,2591.89
2026-03-14 14:00:00,14,5,1,1,0.6514010432622636,45.841743340392156,3319.044747333181,1146.982587724052,27.957294103526348,3166.2091419918224,39.54478897256233,3167.8615222018543,2638.53
2026-03-14 15:00:00,15,5,1,1,0.6394722323665166,36.70104697972843,3238.103238750747,1108.0400258175953,28.913663259021153,3319.044747333181,45.841743340392156,3241.119042691917,2504.19
2026-03-14 16:00:00,16,5,1,2,0.5614529373161885,39.65172576748448,2805.936184060319,1131.6325490632128,26.950948847000568,3238.103238750747,36.70104697972843,3121.0280567147493,2006.38
2026-03-14 17:00:00,17,5,1,2,0.5485327133403428,32.8729014592778,2446.5285672404393,1069.4986334179578,25.992694143427066,2805.936184060319,39.65172576748448,2830.1893300171687,1708.97
2026-03-14 18:00:00,18,5,1,2,0.5295039525956486,38.63901238183277,2638.47287658007,1093.740111618993,25.31951539935053,2446.5285672404393,32.8729014592778,2630.312542626943,1801.73
2026-03-14 19:00:00,19,5,1,2,0.4910269340326802,29.076147466758616,2440.0930589969103,1120.947855285099,25.639335648726558,2638.47287658007,38.63901238183277,2508.3648342724737,1589.36
2026-03-14 20:00:00,20,5,1,2,0.46254807580215346,36.05066470407627,2726.3424012227606,1088.0383824598157,29.261674931908562,2440.0930589969103,29.076147466758616,2601.6361122665808,1685.07
2026-03-14 21:00:00,21,5,1,2,0.4647913061708732,31.421304524183324,2354.276179018558,1094.0635209230854,26.542478824445798,2726.3424012227606,36.05066470407627,2506.9038797460767,1509.76
2026-03-14 22:00:00,22,5,1,2,0.38593535414001523,29.046564828265343,2376.269578686631,1066.3457978371441,22.931504905840352,2354.276179018558,31.421304524183324,2485.629386309317,1267.4
2026-03-14 23:00:00,23,5,1,2,0.4583278907101485,34.76486914843831,2383.392395494181,1042.8530133417928,27.404709509311473,2376.269578686631,29.046564828265343,2371.312717733124,1449.89
2026-03-15 00:00:00,0,6,1,3,0.44567492980763,31.53315126008589,2441.188275712644,1025.016879945312,27.444849679866476,2383.392395494181,34.76486914843831,2400.2834166311527,1467.82
2026-03-15 01:00:00,1,6,1,3,0.4443923926967542,25.042704964922763,2181.2524856707278,1035.6962143611936,24.83969925373473,2441.188275712644,31.53315126008589,2335.2777189591848,1308.81
2026-03-15 02:00:00,2,6,1,3,0.5202240519904996,22.753444138395594,2228.7845633749084,1067.416307845332,26.28999813045622,2181.2524856707278,25.042704964922763,2283.741774919427,1496.04
2026-03-15 03:00:00,3,6,1,3,0.5712385045889062,27.678543324827658,2153.036193289802,1080.4214647152107,24.145508257985366,2228.7845633749084,22.753444138395594,2187.6910807784798,1551.6
2026-03-15 04:00:00,4,6,1,3,0.5772510297074461,27.693976349279865,2092.8266202613154,1083.6278345027204,24.411781874684756,2153.036193289802,27.678543324827658,2158.2157923086756,1563.62
2026-03-15 05:00:00,5,6,1,3,0.6352921572584116,29.919118696440744,2238.908986028828,1045.0003203123551,27.26128558623325,2092.8266202613154,27.693976349279865,2161.5905998599824,1792.87
2026-03-15 06:00:00,6,6,1,3,0.6822455651597729,31.323580999775707,2249.172924952117,1115.6911362521605,25.171167035330072,2238.908986028828,29.919118696440744,2193.636177080754,1902.1
2026-03-15 07:00:00,7,6,1,3,0.7052932384377976,27.792046865546272,2411.0409918806604,1037.0458549575255,23.793125311922875,2249.172924952117,31.323580999775707,2299.707634287202,2000.99
2026-03-15 08:00:00,8,6,1,1,0.7340428471172492,46.49426160177992,3578.0784874829806,1141.297656373869,29.85096442427233,2411.0409918806604,27.792046865546272,2746.0974681052526,3123.71
2026-03-15 09:00:00,9,6,1,1,0.7300721655019073,40.784821605873525,3173.7429616181685,1112.8804791758007,28.484837133896665,3578.0784874829806,46.49426160177992,3054.2874803272703,2765.3
2026-03-15 10:00:00,10,6,1,1,0.7215086727780319,38.787507228975855,3191.9932187861314,1100.8031834080389,30.078019679201923,3173.7429616181685,40.784821605873525,3314.6048892957606,2748.12
2026-03-15 11:00:00,11,6,1,1,0.6831902994425261,34.359514243140104,2862.253146610933,1120.9028604299506,27.558047528647354,3191.9932187861314,38.787507228975855,3075.9964423384117,2378.01
2026-03-15 12:00:00,12,6,1,1,0.6963223067672224,39.080691678893416,3047.217727826112,1088.6950037114245,27.65149365235869,2862.253146610933,34.359514243140104,3033.821364407726,2528.25
2026-03-15 13:00:00,13,6,1,1,0.6621300174597927,38.82264569106103,3007.0545418112947,1071.550451371446,29.27758251364843,3047.217727826112,39.080691678893416,2972.1751387494464,2415.95
2026-03-15 14:00:00,14,6,1,1,0.6934188543499562,43.36106678698515,3214.0010864490237,1123.944154303101,28.85828523383141,3007.0545418112947,38.82264569106103,3089.4244520288103,2710.16
2026-03-15 15:00:00,15,6,1,1,0.6127169500657061,41.61869268423399,2987.104984033446,1106.479102379773,27.05698939556596,3214.0010864490237,43.36106678698515,3069.386870764589,2264.3
2026-03-15 16:00:00,16,6,1,2,0.5824640961356897,29.87220807428584,2375.9599349757436,1153.9234052742095,27.305863522569087,2987.104984033446,41.61869268423399,2859.022001819405,1770.35
2026-03-15 17:00:00,17,6,1,2,0.5547950412064564,34.60289035243863,2552.2899966340533,1105.324248320754,26.740027439533673,2375.9599349757436,29.87220807428584,2638.4516385477477,1817.72
2026-03-15 18:00:00,18,6,1,2,0.5108720489274491,36.35035910105169,2725.209446436671,1085.1679220237413,27.08754264813756,2552.2899966340533,34.60289035243863,2551.1531260154898,1782.53
2026-03-15 19:00:00,19,6,1,2,0.5149060714424983,39.348109757857415,2781.8877586762164,1080.9896498017524,27.486449265281376,2725.209446436671,36.35035910105169,2686.462400582314,1862.36
2026-03-15 20:00:00,20,6,1,2,0.44630345623548956,37.106263885949204,2650.257430679423,1051.4178452795773,25.549389389898163,2781.8877586762164,39.348109757857415,2719.1182119307705,1575.51
2026-03-15 21:00:00,21,6,1,2,0.44866253342427526,36.662963290090175,2545.290184453142,1071.0213760169247,25.8511160834298,2650.257430679423,37.106263885949204,2659.1451246029274,1504.81
2026-03-15 22:00:00,22,6,1,2,0.42515058828603897,34.210300981153075,2548.1219325704997,1089.7147482185906,26.498038897434338,2545.290184453142,36.662963290090175,2581.2231825676886,1499.12
2026-03-15 23:00:00,23,6,1,2,0.41836993409511625,35.359092018982075,2679.747608552133,1127.1195843657977,26.698895594477495,2548.1219325704997,34.210300981153075,2591.053241858592,1522.39
2026-03-16 00:00:00,0,0,0,3,0.44652106165207284,42.373267152471556,2769.596342931157,1147.5352971695843,28.75890186915044,2679.747608552133,35.359092018982075,2665.8219613512633,1744.73
2026-03-16 01:00:00,1,0,0,3,0.4802643146929151,33.335279108821226,2510.584410338644,1089.0684872264444,26.629501724401216,2769.596342931157,42.373267152471556,2653.3094539406447,1602.87
2026-03-16 02:00:00,2,0,0,3,0.5014139555096548,36.776962354740654,2682.928460146868,1089.0286577764005,27.96897957431991,2510.584410338644,33.335279108821226,2654.3697378055567,1742.88
2026-03-16 03:00:00,3,0,0,3,0.52991691408817,35.29600937935316,2502.1526480367006,1097.9043464277165,26.351783252280022,2682.928460146868,36.776962354740654,2565.2218395074046,1710.27
2026-03-16 04:00:00,4,0,0,3,0.5518736507265632,39.32703591554144,2699.1738596104046,1094.3421937250514,28.264792379196695,2502.1526480367006,35.29600937935316,2628.084989264658,1933.71
2026-03-16 05:00:00,5,0,0,3,0.614572554861779,42.30577761477775,2931.433294516945,1162.182210353208,28.248477622944268,2699.1738596104046,39.32703591554144,2710.9199340546834,2272.61
2026-03-16 06:00:00,6,0,0,3,0.6199055925193798,35.91058999647624,2479.966027646316,1088.912605454028,26.282658007953874,2931.433294516945,42.30577761477775,2703.5243939245556,1940.29
2026-03-16 07:00:00,7,0,0,3,0.6941960686399087,29.633934713856966,2375.51790795349,1066.3772923992597,25.90245331976081,2479.966027646316,35.91058999647624,2595.639076705584,2048.98
2026-03-16 08:00:00,8,0,0,1,0.7028923515885115,48.557227392414354,3377.632707819542,1088.8333489441407,28.11344934118265,2375.51790795349,29.633934713856966,2744.3722144731164,2828.58
2026-03-16 09:00:00,9,0,0,1,0.6860785856911709,53.19715806206092,3821.4145559567273,1157.9027610851745,31.34634738401933,3377.632707819542,48.557227392414354,3191.5217239099197,3167.64
2026-03-16 10:00:00,10,0,0,1,0.7138158184590027,51.88170466032458,3915.2160391612024,1178.438922090422,31.00247444909369,3821.4145559567273,53.19715806206092,3704.7544343124905,3369.11
2026-03-16 11:00:00,11,0,0,1,0.7001864875686579,51.49865186733702,3514.1485178259472,1129.3015430433843,29.111438040535713,3915.2160391612024,51.88170466032458,3750.2597043146257,2972.3
2026-03-16 12:00:00,12,0,0,1,0.707627046738205,49.02002344343932,3570.0059984397303,1127.3120854114368,31.22777411977359,3514.1485178259472,51.49865186733702,3666.4568518089604,3008.1
2026-03-16 13:00:00,13,0,0,1,0.7058039582865795,45.523392423230746,3261.3436304595416,1151.9113451362646,27.370886203791375,3570.0059984397303,49.02002344343932,3448.49938224174,2790.98
2026-03-16 14:00:00,14,0,0,1,0.612496550607085,51.80353012568563,3756.0733565115884,1120.2976899147914,30.01324944718637,3261.3436304595416,45.523392423230746,3529.1409951369537,2788.42
2026-03-16 15:00:00,15,0,0,1,0.6185351878973012,47.08001366487881,3266.7696058293204,1164.7650798480634,30.12249451796651,3756.0733565115884,51.80353012568563,3428.0621976001507,2562.84
2026-03-16 16:00:00,16,0,0,2,0.5767973440886671,51.64433856683159,3381.665646518747,1143.2737570129989,29.650846350833458,3266.7696058293204,47.08001366487881,3468.169536286552,2451.83
2026-03-16 17:00:00,17,0,0,2,0.5571921352146564,45.996775229240804,2965.096209289114,1124.2728954046831,27.826223317780403,3381.665646518747,51.64433856683159,3204.5104872123943,2183.75
2026-03-16 18:00:00,18,0,0,2,0.5142639325647538,41.96773094106117,2863.709741655948,1089.7739636361048,27.846903390633337,2965.096209289114,45.996775229240804,3070.157199154604,1943.62
2026-03-16 19:00:00,19,0,0,2,0.46596566399910694,41.860151634139804,2759.9837905186146,1126.8917630472563,27.415242973653992,2863.709741655948,41.96773094106117,2862.929913821226,1724.32
2026-03-16 20:00:00,20,0,0,2,0.4523753647568462,43.67469527685244,3064.04334396585,1186.1955807331442,26.39348275767639,2759.9837905186146,41.860151634139804,2895.912292046805,1865.59
2026-03-16 21:00:00,21,0,0,2,0.42884986718346063,43.16174327292388,2841.840804748824,1142.1844040782114,27.053688420078526,3064.04334396585,43.67469527685244,2888.622646411097,1696.75
2026-03-16 22:00:00,22,0,0,2,0.4615201427719719,47.90891821435484,3222.137030765787,1120.028541308906,30.68028275463579,2841.840804748824,43.16174327292388,3042.6737264934873,2004.6
2026-03-16 23:00:00,23,0,0,2,0.4451966172929692,44.65245659410416,2968.068783343207,1157.0003410137035,27.102373649411422,3222.137030765787,47.90891821435484,3010.6822062859396,1805.92
2026-03-17 00:00:00,0,1,0,3,0.49678025718523866,35.43928891382015,2581.0313165060434,1083.8401670069245,26.221476504761608,2968.068783343207,44.65245659410416,2923.7457102050125,1707.53
2026-03-17 01:00:00,1,1,0,3,0.47979183435759093,44.61654239804524,3025.475116800051,1162.8282941278699,27.434972140029146,2581.0313165060434,35.43928891382015,2858.1917388831007,1930.15
2026-03-17 02:00:00,2,1,0,3,0.49583186466179074,38.17257916032078,2626.347101615373,1122.8572266953922,26.650072070736144,3025.475116800051,44.61654239804524,2744.2845116404897,1726.76
2026-03-17 03:00:00,3,1,0,3,0.5134910458333906,40.69093886589114,2856.3363025900076,1039.1852163267713,26.8213736110442,2626.347101615373,38.17257916032078,2836.052840335144,1865.01
2026-03-17 04:00:00,4,1,0,3,0.5439372064748811,35.871207223943344,2797.84447279998,1068.3828380718976,27.91023804525627,2856.3363025900076,40.69093886589114,2760.175959001787,1948.34
2026-03-17 05:00:00,5,1,0,3,0.5845519474542431,39.270904697105834,2673.819337069837,1130.693249359308,27.149507218314444,2797.84447279998,35.871207223943344,2776.0000374866086,2014.1
2026-03-17 06:00:00,6,1,0,3,0.6553425330202296,39.088884969001185,2899.617040797915,1110.1469716796303,28.593647274121473,2673.819337069837,39.270904697105834,2790.4269502225775,2352.22
2026-03-17 07:00:00,7,1,0,3,0.6891694498307153,31.386227477663464,2592.15195251339,1049.9510112179576,25.379377108951214,2899.617040797915,39.088884969001185,2721.862776793714,2164.81
2026-03-17 08:00:00,8,1,0,1,0.6696197424891788,57.05346288661224,3769.467231214185,1162.3741136591036,30.15648219125447,2592.15195251339,31.386227477663464,3087.0787415084974,3034.29
2026-03-17 09:00:00,9,1,0,1,0.7331303819619918,54.51725561322891,3578.6699499844344,1120.4131069506811,29.658032675346888,3769.467231214185,57.05346288661224,3313.4297112373365,3148.28
2026-03-17 10:00:00,10,1,0,1,0.7103387789663311,48.60981639348904,3523.6770457276184,1142.2299333857964,30.29236644453171,3578.6699499844344,54.51725561322891,3623.9380756420796,3018.58
2026-03-17 11:00:00,11,1,0,1,0.7181654759201805,46.14205590840451,3310.703613146178,1189.8354667840122,28.08381327383882,3523.6770457276184,48.60981639348904,3471.0168696194105,2915.49
2026-03-17 12:00:00,12,1,0,1,0.7334879690949299,51.21646564831243,3828.97334047362,1174.9891973615577,31.862029033355412,3310.703613146178,46.14205590840451,3554.4513331158055,3327.13
2026-03-17 13:00:00,13,1,0,1,0.6969317356834273,50.30344194795039,3567.8317925177475,1205.9741928215121,31.31647135034696,3828.97334047362,51.21646564831243,3569.1695820458494,3072.71
2026-03-17 14:00:00,14,1,0,1,0.6446293870418832,51.2448413199713,3509.753930434487,1177.039292524635,28.512532950952256,3567.8317925177475,50.30344194795039,3635.5196878086185,2785.75
2026-03-17 15:00:00,15,1,0,1,0.5984108218060471,50.67052088667931,3442.5142985791636,1178.3690671305344,28.88600018805827,3509.753930434487,51.2448413199713,3506.7000071771326,2593.16
2026-03-17 16:00:00,16,1,0,2,0.5369636919734139,45.77184346257074,3190.521550906583,1182.4393410439086,27.996754026404766,3442.5142985791636,50.67052088667931,3380.929926640078,2245.72
2026-03-17 17:00:00,17,1,0,2,0.5293822673007986,49.065569947871325,3139.4085707641075,1155.693861275041,31.623558681493353,3190.521550906583,45.77184346257074,3257.481473416619,2203.47
2026-03-17 18:00:00,18,1,0,2,0.5057773952234461,45.98836121795026,3074.7357107430134,1129.2727618341291,27.733238909560583,3139.4085707641075,49.065569947871325,3134.888610804568,2036.8
2026-03-17 19:00:00,19,1,0,2,0.46126146009085967,40.32620575381521,2929.375588335182,1137.121260930811,29.777735825037965,3074.7357107430134,45.98836121795026,3047.8399566141015,1829.11
2026-03-17 20:00:00,20,1,0,2,0.45613130412833247,48.76896998449358,3136.4926470705113,1181.4218858660215,26.935017096107103,2929.375588335182,40.32620575381521,3046.867982049569,1921.89
2026-03-17 21:00:00,21,1,0,2,0.44630742197870577,49.742150972209004,3232.8853343005862,1136.9694878210307,27.588703288271386,3136.4926470705113,48.76896998449358,3099.5845232354272,1932.45
2026-03-17 22:00:00,22,1,0,2,0.4355028803638384,55.032198570792296,3474.460726506951,1152.0895672246684,28.757610316805327,3232.8853343005862,49.742150972209004,3281.279569292683,2025.83
2026-03-17 23:00:00,23,1,0,2,0.43177033270306114,40.06777088366141,2885.048631146695,1113.7424843454176,26.602001596753155,3474.460726506951,55.032198570792296,3197.4648973180774,1679.35
2026-03-18 00:00:00,0,2,0,3,0.4621295369095131,38.85008704602596,2819.143237332407,1126.1878198573954,27.075665643451156,2885.048631146695,40.06777088366141,3059.5508649953513,1695.65
2026-03-18 01:00:00,1,2,0,3,0.4898438636252715,30.712654538838542,2355.655806497155,1092.8028943718932,25.001652178391385,2819.143237332407,38.85008704602596,2686.6158916587524,1538.47
2026-03-18 02:00:00,2,2,0,3,0.4881920184511431,39.936022047327235,2804.758879509308,1074.139898184619,26.365986353749538,2355.655806497155,30.712654538838542,2659.852641112957,1781.06
2026-03-18 03:00:00,3,2,0,3,0.5719839812805725,36.0812989564163,2579.044971655915,1142.1153475022481,27.986982967954376,2804.758879509308,39.936022047327235,2579.81988588746,1912.4
2026-03-18 04:00:00,4,2,0,3,0.5780282373543147,44.732060281887335,2835.6292238545966,1112.899117892628,28.920649759864453,2579.044971655915,36.0812989564163,2739.811025006607,2115.08
2026-03-18 05:00:00,5,2,0,3,0.6166116587732499,35.288847604934965,2618.9102451098493,1084.5287654975255,27.868856615083207,2835.6292238545966,44.732060281887335,2677.8614802067873,2000.2
2026-03-18 06:00:00,6,2,0,3,0.6641642884651311,32.08785936711458,2671.0166828201245,1055.7850784687628,27.53218768943494,2618.9102451098493,35.288847604934965,2708.5187172615238,2198.64
2026-03-18 07:00:00,7,2,0,3,0.6836592719913867,36.35057690754118,2529.729663956426,1162.8605285285919,26.54372389212355,2671.0166828201245,32.08785936711458,2606.552197295467,2169.46
2026-03-18 08:00:00,8,2,0,1,0.7203062892080863,43.085792800740016,3146.0971108809763,1128.3949379601593,27.890553540804163,2529.729663956426,36.35057690754118,2782.281152552509,2726.81
2026-03-18 09:00:00,9,2,0,1,0.720972098984506,52.628848090775584,3563.810831487652,1139.2410153460633,28.73558043258606,3146.0971108809763,43.085792800740016,3079.879202108352,3062.0
2026-03-18 10:00:00,10,2,0,1,0.7077512525071912,42.772209338102876,3311.700433661404,1142.6869261014726,29.47459628965724,3563.810831487652,52.628848090775584,3340.5361253433443,2826.62
2026-03-18 11:00:00,11,2,0,1,0.7224596861845916,50.09960153414106,3608.3003235399206,1169.6268006193152,28.61931127407691,3311.700433661404,42.772209338102876,3494.6038628963256,3149.57
2026-03-18 12:00:00,12,2,0,1,0.6783690323834082,42.72765863050331,3203.720115282674,1116.2174589325161,27.486361935931775,3608.3003235399206,50.09960153414106,3374.5736241613336,2647.32
2026-03-18 13:00:00,13,2,0,1,0.6811661434816471,48.87895768412175,3389.390808388803,1166.5309985560716,30.681465268741782,3203.720115282674,42.72765863050331,3400.470415737133,2852.3
2026-03-18 14:00:00,14,2,0,1,0.6493354001871107,55.75182354531587,3819.917274536005,1152.3749951604918,32.0,3389.390808388803,48.87895768412175,3471.009399402494,3048.76
2026-03-18 15:00:00,15,2,0,1,0.6120723291689021,51.262267620025284,3419.047387620841,1142.7261136063698,29.86877879120258,3819.917274536005,55.75182354531587,3542.78515684855,2603.44
2026-03-18 16:00:00,16,2,0,2,0.5774292497712213,40.97777238262273,2861.210945240922,1063.6556731663393,28.86511840022331,3419.047387620841,51.262267620025284,3366.725202465923,2057.86
2026-03-18 17:00:00,17,2,0,2,0.5061283527756942,43.890787788713205,3079.6683768226467,1092.4643740493639,27.97054327514271,2861.210945240922,40.97777238262273,3119.9755698948034,2005.83
2026-03-18 18:00:00,18,2,0,2,0.4990255018451808,44.063059052155566,2832.693760950959,1171.4430063503894,25.837103513197974,3079.6683768226467,43.890787788713205,2924.5243610048424,1878.07
2026-03-18 19:00:00,19,2,0,2,0.4828619486567056,45.65420621045192,2870.5370862507766,1173.6525405348655,28.30306289651156,2832.693760950959,44.063059052155566,2927.633074674794,1904.25
2026-03-18 20:00:00,20,2,0,2,0.4619535713101266,39.21599572851711,2954.252354786653,1108.5086991302924,28.530655037212924,2870.5370862507766,45.65420621045192,2885.82773399613,1816.28
2026-03-18 21:00:00,21,2,0,2,0.4242168815010113,46.07398545846566,2999.9181888904045,1175.8692280136086,28.085729560957642,2954.252354786653,39.21599572851711,2941.5692099759453,1802.81
2026-03-18 22:00:00,22,2,0,2,0.46531415681729393,34.53462928939029,2690.372059535822,1084.1366549923537,26.677056315393273,2999.9181888904045,46.07398545846566,2881.51420107096,1676.67
2026-03-18 23:00:00,23,2,0,2,0.42744688735524033,41.79540406672666,2862.3134631789603,1111.0963587027088,28.695697571560522,2690.372059535822,34.53462928939029,2850.8679038683963,1672.09
2026-03-19 00:00:00,0,3,0,3,0.47814558748071323,36.291041551419596,2613.6622917809223,1096.5769324173173,25.529327999156774,2862.3134631789603,41.79540406672666,2722.1159381652355,1617.17
2026-03-19 01:00:00,1,3,0,3,0.48954893787131704,40.21664389124933,2862.3584990458176,1107.743535681908,26.612658302150603,2613.6622917809223,36.291041551419596,2779.4447513352334,1861.49
2026-03-19 02:00:00,2,3,0,3,0.49707545380312396,38.07920798436904,2607.4844964870344,1096.9369238484717,25.481887180177598,2862.3584990458176,40.21664389124933,2694.501762437925,1733.22
2026-03-19 03:00:00,3,3,0,3,0.5792715515378373,33.080529311503,2504.5234762371124,1110.9070699247509,26.450379142620037,2607.4844964870344,38.07920798436904,2658.122157256655,1828.92
2026-03-19 04:00:00,4,3,0,3,0.5561272633648704,34.55252405964045,2509.084852904929,1091.963487587467,25.058144561818654,2504.5234762371124,33.080529311503,2540.3642752096926,1816.23
2026-03-19 05:00:00,5,3,0,3,0.6346177497865529,38.69538003341592,2582.8328882951128,1122.5935642445088,25.788352344365418,2509.084852904929,34.55252405964045,2532.1470724790515,2073.16
2026-03-19 06:00:00,6,3,0,3,0.6700116463608595,37.72326430347405,2738.0447426235005,1126.6775703458293,26.279909134072362,2582.8328882951128,38.69538003341592,2609.9874946078476,2266.47
2026-03-19 07:00:00,7,3,0,3,0.6655825451845837,35.97306561627489,2587.19101590702,1103.596907356468,26.311240054222647,2738.0447426235005,37.72326430347405,2636.022882275211,2166.25
2026-03-19 08:00:00,8,3,0,1,0.7290928625311079,48.317081736708076,3455.4256987384983,1119.0115437991262,27.73323632677689,2587.19101590702,35.97306561627489,2926.8871524230067,3024.11
2026-03-19 09:00:00,9,3,0,1,0.7102286853884905,52.43658799005751,3514.427146342889,1125.924704736129,29.819403144921015,3455.4256987384983,48.317081736708076,3185.681286996136,3023.46
2026-03-19 10:00:00,10,3,0,1,0.7257738725855971,48.18807599495775,3659.431463904635,1146.4718198500136,31.694869260479734,3514.427146342889,52.43658799005751,3543.094769662008,3188.82
2026-03-19 11:00:00,11,3,0,1,0.7204360524558939,49.691680645898245,3641.3313314317547,1144.4853149629696,30.300360751552628,3659.431463904635,48.18807599495775,3605.0633138930934,3152.07
2026-03-19 12:00:00,12,3,0,1,0.6985573817004105,57.594778058281904,4007.4637187233234,1182.5638979561306,32.0,3641.3313314317547,49.691680645898245,3769.408838019905,3369.46
2026-03-19 13:00:00,13,3,0,1,0.6952111148293122,45.01711077090627,3289.1166203977805,1129.6670921024104,30.564519891044913,4007.4637187233234,57.594778058281904,3645.970556850953,2779.74
2026-03-19 14:00:00,14,3,0,1,0.6658697744110442,43.51855043948869,3050.832823036581,1188.663543262119,29.102724800152696,3289.1166203977805,45.01711077090627,3449.1377207192286,2516.05
2026-03-19 15:00:00,15,3,0,1,0.5812640268495892,52.74256382679512,3907.7654581045217,1127.714598916147,31.11550787151267,3050.832823036581,43.51855043948869,3415.904967179628,2792.16
2026-03-19 16:00:00,16,3,0,2,0.606086804857563,41.62474928547064,2865.7820168854746,1066.7503403963547,27.579607188846108,3907.7654581045217,52.74256382679512,3274.7934326755258,2157.22
2026-03-19 17:00:00,17,3,0,2,0.5105154939249336,42.88616865290083,2840.021613858131,1129.8540954495936,28.383298439696347,2865.7820168854746,41.62474928547064,3204.5230296160425,1904.83
2026-03-19 18:00:00,18,3,0,2,0.5306509240868331,41.2659526765411,2906.9840593823233,1105.6532468414593,27.219942133202906,2840.021613858131,42.88616865290083,2870.9292300419766,1986.05
2026-03-19 19:00:00,19,3,0,2,0.503539153370435,43.09069950731371,3079.1359723895125,1130.2644947725037,26.004761672870753,2906.9840593823233,41.2659526765411,2942.0472152099896,1992.39
2026-03-19 20:00:00,20,3,0,2,0.4369371148658746,49.594883392337195,3229.0036859249176,1162.9766091264487,29.353750484673277,3079.1359723895125,43.09069950731371,3071.7079058989184,1937.22
2026-03-19 21:00:00,21,3,0,2,0.4365540985604387,46.80744960516342,3259.764252385079,1169.332415800126,27.50859848536163,3229.0036859249176,49.594883392337195,3189.301303566503,1883.51
2026-03-19 22:00:00,22,3,0,2,0.41788590663028125,47.01778229160442,3245.7601957442234,1100.3904836568192,27.664631178652282,3259.764252385079,46.80744960516342,3244.8427113514067,1818.08
2026-03-19 23:00:00,23,3,0,2,0.44047196371375563,39.04320530472574,2627.7784962244114,1092.254873772474,26.759530391676318,3245.7601957442234,47.01778229160442,3044.4343147845716,1582.43
2026-03-20 00:00:00,0,4,0,3,0.4525957577864637,33.97096192206496,2447.838473813786,1096.602879160279,26.045311726315123,2627.7784962244114,39.04320530472574,2773.7923885941404,1500.61
2026-03-20 01:00:00,1,4,0,3,0.49659826127927015,28.063224691801004,2377.749570724617,1081.5144886593846,24.231341174836633,2447.838473813786,33.97096192206496,2484.4555135876053,1531.63
2026-03-20 02:00:00,2,4,0,3,0.5362061749223922,35.16716712621036,2257.009013022214,1145.5049072620511,25.72195325370048,2377.749570724617,28.063224691801004,2360.865685853539,1601.27
2026-03-20 03:00:00,3,4,0,3,0.5716790099014462,41.348461152349806,2842.7460686759423,1139.286443887246,28.635187821953068,2257.009013022214,35.16716712621036,2492.5015508075917,2100.47
2026-03-20 04:00:00,4,4,0,3,0.5687566394684339,39.8093128051193,2619.7193320354077,1107.8175363233204,25.37838788913242,2842.7460686759423,41.348461152349806,2573.158137911188,1923.44
2026-03-20 05:00:00,5,4,0,3,0.6120502288394624,37.22470357966757,2617.9252049130173,1076.6379204951038,28.25339734672857,2619.7193320354077,39.8093128051193,2693.4635352081227,2033.27
2026-03-20 06:00:00,6,4,0,3,0.6163312361555809,37.921949006986814,2670.6292946309018,1087.5805497099718,25.02989265861374,2617.9252049130173,37.22470357966757,2636.0912771931094,2068.04
2026-03-20 07:00:00,7,4,0,3,0.6628775480361928,35.58890060098608,2558.5112016954727,1077.5380318300167,29.06915964556339,2670.6292946309018,37.921949006986814,2615.6885670797974,2122.23
2026-03-20 08:00:00,8,4,0,1,0.7205405891917706,50.716656088406246,3515.978173724768,1169.247465066469,29.226414729169047,2558.5112016954727,35.58890060098608,2915.0395566837146,3065.29
2026-03-20 09:00:00,9,4,0,1,0.7475412721514342,52.68057397818215,3538.968591062739,1167.1472320523744,29.9713023664014,3515.978173724768,50.716656088406246,3204.48598882766,3183.81
2026-03-20 10:00:00,10,4,0,1,0.6953130225624016,44.34439624406335,3570.527183001093,1094.2863457051988,27.631316989687505,3538.968591062739,52.68057397818215,3541.8246492628673,2947.19
2026-03-20 11:00:00,11,4,0,1,0.7033803304974117,51.04876690743072,3821.2899513337447,1143.297530902462,30.663069891349316,3570.527183001093,44.34439624406335,3643.5952417991925,3180.38
2026-03-20 12:00:00,12,4,0,1,0.7007154413906429,53.263522048341336,3557.410593744606,1184.9927770296508,30.13221392574385,3821.2899513337447,51.04876690743072,3649.7425760264814,3021.63
2026-03-20 13:00:00,13,4,0,1,0.6845981725425088,48.54714898862821,3674.4757146446973,1152.9801548288644,30.144857857229596,3557.410593744606,53.263522048341336,3684.3920865743494,3061.83
2026-03-20 14:00:00,14,4,0,1,0.633807929601567,52.45245214242204,3612.4244875522495,1174.0259239700074,29.36571766604465,3674.4757146446973,48.54714898862821,3614.7702653138513,2772.61
2026-03-20 15:00:00,15,4,0,1,0.6247158872036347,59.85129055565393,4008.810571804232,1198.9782049740472,30.22682448378073,3612.4244875522495,52.45245214242204,3765.23692466706,3080.47
2026-03-20 16:00:00,16,4,0,2,0.5705232130585817,43.63480022454588,2955.973134916934,1165.199969263405,29.209875726501224,4008.810571804232,59.85129055565393,3525.7360647578057,2203.33
2026-03-20 17:00:00,17,4,0,2,0.5434762882680815,45.37657467501863,2962.7760234253624,1137.4073752956838,27.91288864008208,2955.973134916934,43.63480022454588,3309.18657671551,2084.86
2026-03-20 18:00:00,18,4,0,2,0.520925684960074,41.41680020718513,2981.8182905560684,1106.016630881973,29.78829715367369,2962.7760234253624,45.37657467501863,2966.8558162994555,2008.5
2026-03-20 19:00:00,19,4,0,2,0.4811334960301021,44.634379069107176,3023.6534417790217,1105.6436402480897,27.447065980176166,2981.8182905560684,41.41680020718513,2989.415918586818,1912.82
2026-03-20 20:00:00,20,4,0,2,0.4500287256596472,45.61095068743806,2995.3066101484037,1138.684039204995,27.462601735114685,3023.6534417790217,44.634379069107176,3000.259447494498,1815.07
2026-03-20 21:00:00,21,4,0,2,0.4425781882410138,44.681948190945484,2854.13693533649,1067.7101923944049,28.49250287797036,2995.3066101484037,45.61095068743806,2957.698995754639,1711.24
2026-03-20 22:00:00,22,4,0,2,0.43823274081589325,40.431066381019,2712.166585499561,1107.117040478258,25.09298533059426,2854.13693533649,44.681948190945484,2853.870043661485,1595.02
2026-03-20 23:00:00,23,4,0,2,0.4373701637218878,44.72226619963908,2815.536365111507,1123.7430683005227,25.92896518485485,2712.166585499561,40.431066381019,2793.946628649186,1704.63
2026-03-21 00:00:00,0,5,1,3,0.4535805222168365,33.11768578551173,2491.7626861578483,1048.358971801615,27.622857586149955,2815.536365111507,44.72226619963908,2673.1552122563057,1546.08
2026-03-21 01:00:00,1,5,1,3,0.5129779940439777,29.570225175800847,2187.0602618369107,1045.0742547368034,23.88388015772187,2491.7626861578483,33.11768578551173,2498.119771035422,1459.91
2026-03-21 02:00:00,2,5,1,3,0.5212183889588248,31.36695516175144,2379.6457207765898,1095.7092589007118,23.749291184225577,2187.0602618369107,29.570225175800847,2352.82288959045,1581.72
2026-03-21 03:00:00,3,5,1,3,0.5378557273250638,27.170458104955802,2387.0828371562557,1064.4496261466973,28.19917541620856,2379.6457207765898,31.36695516175144,2317.9296065899193,1650.37
2026-03-21 04:00:00,4,5,1,3,0.5939390880902147,30.624650837982987,2522.0252364598246,1075.043311694615,24.73416961075037,2387.0828371562557,27.170458104955802,2429.5845981308903,1859.63
2026-03-21 05:00:00,5,5,1,3,0.6095582765192327,28.977437433757842,2300.1114572267893,1073.5684380833318,25.887981468749768,2522.0252364598246,30.624650837982987,2403.0731769476233,1780.43
2026-03-21 06:00:00,6,5,1,3,0.6734624927517328,24.671812446094687,2099.7813929370827,1051.002939483102,25.082173541059397,2300.1114572267893,28.977437433757842,2307.3060288745655,1728.87
2026-03-21 07:00:00,7,5,1,3,0.6863877932100785,29.11482351679606,2535.7520041863436,1097.530858138642,23.079752700679446,2099.7813929370827,24.671812446094687,2311.881618116739,2080.83
2026-03-21 08:00:00,8,5,1,1,0.6990975136497368,36.529061677958914,3006.2985099511966,1099.2019762544269,27.700214605369286,2535.7520041863436,29.11482351679606,2547.277302358208,2535.81
2026-03-21 09:00:00,9,5,1,1,0.724183954196675,37.78491903790323,2960.9845815204626,1064.6843483061443,28.40804450444314,3006.2985099511966,36.529061677958914,2834.3450318860014,2582.23
2026-03-21 10:00:00,10,5,1,1,0.68858247695863,40.66264907552331,2958.697034344095,1153.4038454239535,28.287494705636284,2960.9845815204626,37.78491903790323,2975.3267086052515,2493.87
2026-03-21 11:00:00,11,5,1,1,0.6926942663022734,41.040354956830434,3194.080759237139,1123.4199265105428,29.731160684688,2958.697034344095,40.66264907552331,3037.920791700566,2655.06
2026-03-21 12:00:00,12,5,1,1,0.6773650564018403,35.837686372230046,3012.2147394602953,1078.6194022190434,27.575726220314465,3194.080759237139,41.040354956830434,3054.9975110138435,2517.01
2026-03-21 13:00:00,13,5,1,1,0.6818538112613908,43.688950199140066,3190.2045760196656,1093.420757839185,29.48902058390948,3012.2147394602953,35.837686372230046,3132.1666915723667,2654.63
2026-03-21 14:00:00,14,5,1,1,0.6846502999897017,42.00202197405166,3225.035319448889,1127.9059434201579,27.92292284980021,3190.2045760196656,43.688950199140066,3142.4848783096168,2662.19
2026-03-21 15:00:00,15,5,1,1,0.6608606692382055,37.5334504753619,2945.376476001482,1097.2045017770884,26.125360686976276,3225.035319448889,42.00202197405166,3120.205457156679,2377.3
2026-03-21 16:00:00,16,5,1,2,0.5927610220288151,28.618453212427887,2265.746506655375,1103.8274825005217,23.995214304700436,2945.376476001482,37.5334504753619,2812.0527673685824,1704.99
2026-03-21 17:00:00,17,5,1,2,0.5537822231845362,33.49283397321499,2208.638881887195,1075.3236538761894,23.607597060056154,2265.746506655375,28.618453212427887,2473.2539548480177,1607.28
2026-03-21 18:00:00,18,5,1,2,0.47397884531694523,32.43919700148594,2433.1500966209305,1058.822268263882,27.322003483539202,2208.638881887195,33.49283397321499,2302.5118283878337,1543.43
2026-03-21 19:00:00,19,5,1,2,0.4701515746392029,34.39599159968558,2664.1439382748176,1109.9788718546406,25.062991583379123,2433.1500966209305,32.43919700148594,2435.310972260981,1652.61
2026-03-21 20:00:00,20,5,1,2,0.4430007684320138,32.72909168595552,2397.0408192000114,1104.0484140617427,26.3189826727792,2664.1439382748176,34.39599159968558,2498.11161803192,1459.52
2026-03-21 21:00:00,21,5,1,2,0.43235343235450807,26.973900987392465,2220.128708618499,1062.1118881398247,25.081319995841408,2397.0408192000114,32.72909168595552,2427.104488697776,1279.58
2026-03-21 22:00:00,22,5,1,2,0.43663712362830415,32.640785715945945,2378.121272414537,1097.4720690556564,25.8038926199077,2220.128708618499,26.973900987392465,2331.7636000776824,1469.37
2026-03-21 23:00:00,23,5,1,2,0.43532857276558784,32.93033311126091,2525.1179911618733,1080.7791544264876,28.053388724779214,2378.121272414537,32.640785715945945,2374.4559907316366,1485.37
2026-03-22 00:00:00,0,6,1,3,0.4191704472626628,30.217813586709205,2333.8188276975734,1076.7178818720681,25.253283251666915,2525.1179911618733,32.93033311126091,2412.3526970913285,1320.07
2026-03-22 01:00:00,1,6,1,3,0.495963255756234,25.556301138861325,2037.324566366919,1081.3499766195434,25.525003761749353,2333.8188276975734,30.217813586709205,2298.7537950754554,1361.86
2026-03-22 02:00:00,2,6,1,3,0.4885451394852039,33.87536135680398,2684.2974371759947,1101.1344037777535,26.992734145577316,2037.324566366919,25.556301138861325,2351.813610413496,1700.85
2026-03-22 03:00:00,3,6,1,3,0.54855027096787,21.30925807271885,2070.388454896214,1031.00517133256,24.718872162894808,2684.2974371759947,33.87536135680398,2264.003486146376,1444.72
2026-03-22 04:00:00,4,6,1,3,0.6214816533949994,32.589086242309186,2393.9200692325326,1114.1654086173905,28.739696513372213,2070.388454896214,21.30925807271885,2382.8686537682474,1926.03
2026-03-22 05:00:00,5,6,1,3,0.5978469744826244,27.214883601926633,2284.404359216832,999.7381500879188,23.885071102530993,2393.9200692325326,32.589086242309186,2249.5709611151933,1696.95
2026-03-22 06:00:00,6,6,1,3,0.5993942495450734,31.008547053202445,2459.8740577325557,1125.3360209983582,27.746538394966784,2284.404359216832,27.214883601926633,2379.399495393973,1905.81
2026-03-22 07:00:00,7,6,1,3,0.6732748649285144,28.279305194205566,2349.644881940592,1020.4682434045538,26.619837485056607,2459.8740577325557,31.008547053202445,2364.6410996299933,1923.78
2026-03-22 08:00:00,8,6,1,1,0.7232627492297928,43.98844437608914,3076.169289404602,1110.2764568850491,27.67846763779053,2349.644881940592,28.279305194205566,2628.562743025917,2682.92
2026-03-22 09:00:00,9,6,1,1,0.7543965647648814,38.64423312406516,3159.7832755068475,1103.553994116384,30.487793139286094,3076.169289404602,43.98844437608914,2861.865815617348,2849.48
2026-03-22 10:00:00,10,6,1,1,0.6954090081109516,36.15482851187766,2858.603407483407,1090.9572972793067,25.310945890078447,3159.7832755068475,38.64423312406516,3031.5186574649524,2351.2
2026-03-22 11:00:00,11,6,1,1,0.7251636001452,44.971765005448724,3280.7900732322405,1155.0473360224587,28.309846922015247,2858.603407483407,36.15482851187766,3099.725585407499,2876.82
2026-03-22 12:00:00,12,6,1,1,0.6919373473942203,39.60281773941251,3398.6726085447867,1081.965355492394,27.878730050026398,3280.7900732322405,44.971765005448724,3179.355363086812,2751.87
2026-03-22 13:00:00,13,6,1,1,0.6768759822800339,40.77545465768474,3171.1202652823345,1119.6209890678156,29.0649010421202,3398.6726085447867,39.60281773941251,3283.527649019788,2648.09
2026-03-22 14:00:00,14,6,1,1,0.7028868669403406,44.32163169915678,3248.114729408394,1112.8312243411333,27.491372176603363,3171.1202652823345,40.77545465768474,3272.6358677451717,2732.84
2026-03-22 15:00:00,15,6,1,1,0.5861752597464498,36.38815665266948,2672.831724639418,1102.9311510941134,27.429115818220975,3248.114729408394,44.32163169915678,3030.688906443383,1985.79
2026-03-22 16:00:00,16,6,1,2,0.5850747932298914,36.0842181417374,2790.5615124517453,1092.7175660720027,27.07814800918662,2672.831724639418,36.38815665266948,2903.8359888331856,2031.3
2026-03-22 17:00:00,17,6,1,2,0.5531191971209557,31.935368352379882,2275.6664153600623,1080.0648647265941,25.010329986679572,2790.5615124517453,36.0842181417374,2579.6865508170754,1621.09
2026-03-22 18:00:00,18,6,1,2,0.531715726498787,33.5374072552447,2388.770658066071,1070.4015082093701,26.42894555546021,2275.6664153600623,31.935368352379882,2484.99952862596,1704.4
2026-03-22 19:00:00,19,6,1,2,0.48296471370330124,34.25297637884501,2501.6216611574837,1074.260306762978,26.01639292179927,2388.770658066071,33.5374072552447,2388.686244861206,1616.72
2026-03-22 20:00:00,20,6,1,2,0.4649174542602606,28.749223484935726,2463.6844718261427,1072.1787067904286,24.905919761082963,2501.6216611574837,34.25297637884501,2451.3589303498993,1472.85
2026-03-22 21:00:00,21,6,1,2,0.4369374129710946,31.27407035012848,2500.1219641556727,1098.689169044415,29.695387468080884,2463.6844718261427,28.749223484935726,2488.476032379767,1543.14
2026-03-22 22:00:00,22,6,1,2,0.4453825388249021,38.728755123445985,2723.8534793742383,1089.9580371388377,26.494910978279155,2500.1219641556727,31.27407035012848,2562.553305118685,1654.88
2026-03-22 23:00:00,23,6,1,2,0.43790653880958214,37.10166916004678,2706.5701598387636,1076.6874880258642,24.360769636613462,2723.8534793742383,38.728755123445985,2643.5152011228915,1567.16
2026-03-23 00:00:00,0,0,0,3,0.47118788126729955,37.78076147935468,2628.0879834264283,1116.4595500592147,25.749774850422426,2706.5701598387636,37.10166916004678,2686.1705408798102,1664.3
2026-03-23 01:00:00,1,0,0,3,0.4736128439130106,38.85093210479513,2765.0503874636233,1104.5911310927381,25.696102598831466,2628.0879834264283,37.78076147935468,2699.902843576272,1727.38
2026-03-23 02:00:00,2,0,0,3,0.5175420078780437,36.9701512302724,2672.4572147356344,1118.6430582707383,27.899565455034068,2765.0503874636233,38.85093210479513,2688.531861875229,1858.58
2026-03-23 03:00:00,3,0,0,3,0.5431800774119475,42.74804185039794,3039.91427074967,1098.347237067313,28.51903076067547,2672.4572147356344,36.9701512302724,2825.8072909829766,2089.41
2026-03-23 04:00:00,4,0,0,3,0.6025210050154434,37.29876597772043,2794.505843690093,1054.709090775296,27.79347484111539,3039.91427074967,42.74804185039794,2835.6257763917997,2094.27
2026-03-23 05:00:00,5,0,0,3,0.6152067918425831,38.81144732247197,2805.792415375916,1091.9206872442294,26.908614425581693,2794.505843690093,37.29876597772043,2880.070843271893,2140.15
2026-03-23 06:00:00,6,0,0,3,0.6145393506358623,42.01110550449723,2847.0180407968433,1098.8856067863635,27.15483983952117,2805.792415375916,38.81144732247197,2815.772099954284,2160.9
2026-03-23 07:00:00,7,0,0,3,0.7042333793803964,35.279199803039326,2676.582666463585,1089.1470892101497,26.47682489721608,2847.0180407968433,42.01110550449723,2776.464374212115,2333.0
2026-03-23 08:00:00,8,0,0,1,0.6831289105125691,55.45576214573913,3784.473080613895,1155.9019182261968,30.51747844775042,2676.582666463585,35.279199803039326,3102.6912626247745,3106.94
2026-03-23 09:00:00,9,0,0,1,0.7021542889074931,44.64338506589818,3179.122603719842,1147.098964047004,29.599475468170606,3784.473080613895,55.45576214573913,3213.3927835991076,2729.07
2026-03-23 10:00:00,10,0,0,1,0.7080867741191301,55.703747458894796,3758.2741006209535,1165.6112332750163,30.930870830409596,3179.122603719842,44.64338506589818,3573.956594984897,3180.48
2026-03-23 11:00:00,11,0,0,1,0.7427183775438858,48.69563545616809,3501.446833581683,1148.5444042940198,30.271624840817317,3758.2741006209535,55.703747458894796,3479.6145126408264,3106.8
2026-03-23 12:00:00,12,0,0,1,0.6585300722502475,49.15055438261152,3621.000841257288,1150.5430814914696,30.669473494090003,3501.446833581683,48.69563545616809,3626.907258486642,2913.18
2026-03-23 13:00:00,13,0,0,1,0.7417499200393165,43.3849644008597,3230.300017379828,1128.4137349137434,29.828997649457516,3621.000841257288,49.15055438261152,3450.9158974062666,2860.78
2026-03-23 14:00:00,14,0,0,1,0.671121136181321,48.408218489178076,3333.2659866642607,1143.029646195338,29.456666672062507,3230.300017379828,43.3849644008597,3394.8556151004595,2752.46
2026-03-23 15:00:00,15,0,0,1,0.620699444596936,46.36067714140591,3393.039473358884,1148.2077258258814,29.74074926507765,3333.2659866642607,48.408218489178076,3318.868492467658,2601.34
2026-03-23 16:00:00,16,0,0,2,0.5789021199876743,41.87323779119285,2897.9104254104645,1097.6015728191264,29.086268907466668,3393.039473358884,46.36067714140591,3208.0719618112034,2156.08
2026-03-23 17:00:00,17,0,0,2,0.5494764151828002,43.51941161973892,2980.674038356582,1159.0630946453027,27.13752502625154,2897.9104254104645,41.87323779119285,3090.541312375311,2137.67
2026-03-23 18:00:00,18,0,0,2,0.5204224485675868,47.35227065065517,3241.2367611940144,1133.4956480184073,27.777231441371573,2980.674038356582,43.51941161973892,3039.940408320354,2156.2
2026-03-23 19:00:00,19,0,0,2,0.49390936235288446,44.72661172990219,3134.9683166563864,1096.1177184721416,27.026788469830397,3241.2367611940144,47.35227065065517,3118.9597054023275,1997.87
2026-03-23 20:00:00,20,0,0,2,0.46986853279024754,45.076868286903895,2957.1537682248754,1135.00930707241,28.076676703760562,3134.9683166563864,44.72661172990219,3111.1196153584256,1868.84
2026-03-23 21:00:00,21,0,0,2,0.4465619979446354,40.165682139040534,2733.5184812909506,1089.383216494975,24.887249581506886,2957.1537682248754,45.076868286903895,2941.880188724071,1642.47
2026-03-23 22:00:00,22,0,0,2,0.43605323159385345,40.917360686390445,2716.457385572913,1130.3028061082837,27.609442867181322,2733.5184812909506,40.165682139040534,2802.37654502958,1638.61
2026-03-23 23:00:00,23,0,0,2,0.44174491864646015,50.29553756422959,3347.1570708239888,1206.4222896579777,29.0261585226793,2716.457385572913,40.917360686390445,2932.377645895951,2018.13
2026-03-24 00:00:00,0,1,0,3,0.4548582778631249,35.42679637832864,2768.0642500253143,1072.0428832243683,28.588448473202984,3347.1570708239888,50.29553756422959,2943.892902140739,1669.25
2026-03-24 01:00:00,1,1,0,3,0.5036804525712246,43.79672888220053,2933.0429683499533,1133.4962238594017,26.970509121941856,2768.0642500253143,35.42679637832864,3016.088096399752,1940.37
2026-03-24 02:00:00,2,1,0,3,0.5218711344456173,37.14928580391697,2642.746193409265,1054.7095034980523,26.565172035529876,2933.0429683499533,43.79672888220053,2781.2844705948446,1801.72
2026-03-24 03:00:00,3,1,0,3,0.4849575609923614,38.00800777650226,2886.374256770479,1113.3796618420427,28.967891522520304,2642.746193409265,37.14928580391697,2820.721139509899,1859.37
2026-03-24 04:00:00,4,1,0,3,0.5931180155305952,41.746278060804755,2939.249455122015,1094.8422672482268,29.45726095987383,2886.374256770479,38.00800777650226,2822.7899684339195,2214.05
2026-03-24 05:00:00,5,1,0,3,0.6201293902087284,42.4516234767853,2962.671341031465,1104.1856284462792,27.059388297869365,2939.249455122015,41.746278060804755,2929.431684307987,2294.91
2026-03-24 06:00:00,6,1,0,3,0.649625824871082,37.61215603902319,2549.637041039196,1072.916461910097,26.71692761590191,2962.671341031465,42.4516234767853,2817.1859457308924,2061.07
2026-03-24 07:00:00,7,1,0,3,0.6712245803043388,36.641149312674614,2730.299087383888,1114.8683779020669,27.45429973116715,2549.637041039196,37.61215603902319,2747.5358231515165,2268.31
2026-03-24 08:00:00,8,1,0,1,0.7237258109295417,49.80427843017225,3429.6961684965804,1174.3997226575204,29.880704648400645,2730.299087383888,36.641149312674614,2903.210765639889,2987.18
2026-03-24 09:00:00,9,1,0,1,0.7341801449229266,51.18285134881241,3467.145888384364,1155.3160357617123,29.242062170102464,3429.6961684965804,49.80427843017225,3209.0470480882777,3088.83
2026-03-24 10:00:00,10,1,0,1,0.7045424466435278,53.119562904044145,3648.767741469981,1140.8675839827836,31.700219215981633,3467.145888384364,51.18285134881241,3515.2032661169756,3054.75
2026-03-24 11:00:00,11,1,0,1,0.7233706614229602,50.01480450647953,3480.371075977736,1189.7972939285148,27.333592739579935,3648.767741469981,53.119562904044145,3532.094901944027,3028.66
2026-03-24 12:00:00,12,1,0,1,0.6818104218389957,52.16610204308104,3620.882628612442,1139.9041549784577,29.564252480280174,3480.371075977736,50.01480450647953,3583.3404820200535,3009.06
2026-03-24 13:00:00,13,1,0,1,0.651402586070338,55.7342590629483,3635.1238616896835,1118.8862287536072,30.65459641829315,3620.882628612442,52.16610204308104,3578.792522093287,2871.5
2026-03-24 14:00:00,14,1,0,1,0.6374656555082006,51.334583642926745,3725.114220707824,1166.7980598206339,30.96571717669863,3635.1238616896835,55.7342590629483,3660.3735703366506,2920.97
2026-03-24 15:00:00,15,1,0,1,0.6334825357620081,51.09078499601672,3734.4076801627243,1126.743773143029,32.0,3725.114220707824,51.334583642926745,3698.215254186744,2880.25
2026-03-24 16:00:00,16,1,0,2,0.5990625009075217,38.68381211218476,2507.0904481514167,1129.4504682862184,27.794838632346266,3734.4076801627243,51.09078499601672,3322.204116340655,1941.04
2026-03-24 17:00:00,17,1,0,2,0.5540270420875929,34.792444521098275,2683.0749401294083,1079.6413356675575,26.600933183396027,2507.0904481514167,38.68381211218476,2974.857689481183,1904.57
2026-03-24 18:00:00,18,1,0,2,0.5245019157369599,45.35931505230559,2943.905741775156,1146.5300912228272,29.372864631487246,2683.0749401294083,34.792444521098275,2711.357043351994,2041.02
2026-03-24 19:00:00,19,1,0,2,0.49132861637618247,43.66811519051695,3067.902248011197,1159.7099694258718,27.369490734171045,2943.905741775156,45.35931505230559,2898.294309971921,1942.11
2026-03-24 20:00:00,20,1,0,2,0.4459268115657195,42.198260637798406,2890.7081495809584,1088.5715709356755,28.752758691286733,3067.902248011197,43.66811519051695,2967.5053797891037,1719.12
2026-03-24 21:00:00,21,1,0,2,0.45340883521300923,44.852355714652205,3021.809074849069,1115.2609945862987,30.245323890268757,2890.7081495809584,42.198260637798406,2993.4731574804086,1874.01
2026-03-24 22:00:00,22,1,0,2,0.4560081905045536,43.78858694781082,2948.2746947209403,1123.2625709748168,29.28551524396243,3021.809074849069,44.852355714652205,2953.597306383656,1829.21
2026-03-24 23:00:00,23,1,0,2,0.45985621091580187,47.947230877218644,3303.080893982857,1180.2277064847333,29.13719410683847,2948.2746947209403,43.78858694781082,3091.0548878509558,2069.87
2026-03-25 00:00:00,0,2,0,3,0.48253471089967137,38.301388038906424,2574.811900247786,1086.7459842071146,26.18457180803274,3303.080893982857,47.947230877218644,2942.0558296505283,1688.24
2026-03-25 01:00:00,1,2,0,3,0.4951711275779046,35.385768502254415,2665.30042324965,1076.6804816102924,25.050025188654356,2574.811900247786,38.301388038906424,2847.731072493432,1699.83
2026-03-25 02:00:00,2,2,0,3,0.5170289641508317,41.465581836357515,2998.1108024228342,1127.8158417343252,28.366350240239825,2665.30042324965,35.385768502254415,2746.074375306757,2061.38
2026-03-25 03:00:00,3,2,0,3,0.5651683384519756,37.24004123768829,2761.7626653608227,1084.5294468079887,25.867614877637642,2998.1108024228342,41.465581836357515,2808.391297011103,1965.78
2026-03-25 04:00:00,4,2,0,3,0.5794695748150187,39.84287839285307,3071.8933973971984,1113.1846606438528,27.287883061653936,2761.7626653608227,37.24004123768829,2943.9222883936186,2200.1
2026-03-25 05:00:00,5,2,0,3,0.5985971732897986,36.329062528325196,2571.33420224767,1056.5278145890977,25.14221904660823,3071.8933973971984,39.84287839285307,2801.663421668564,1908.72
2026-03-25 06:00:00,6,2,0,3,0.6467386607211246,35.72560590075897,2722.5288442453775,1148.2606721669508,26.522625348296607,2571.33420224767,36.329062528325196,2788.5854812967486,2148.55
2026-03-25 07:00:00,7,2,0,3,0.6640968964699876,38.29458880564994,2710.525620013277,1069.4856244648647,27.00152210265988,2722.5288442453775,35.72560590075897,2668.1295555021084,2243.49
2026-03-25 08:00:00,8,2,0,1,0.6877399910303338,50.0449002524029,3700.029240520451,1142.1357834098565,30.66176829913368,2710.525620013277,38.29458880564994,3044.361234926369,3096.31
2026-03-25 09:00:00,9,2,0,1,0.7123392422661592,51.679394623783914,3624.6500785837115,1155.9055525990834,29.361558966115616,3700.029240520451,50.0449002524029,3345.0683130391467,3082.78
2026-03-25 10:00:00,10,2,0,1,0.7041516015800008,49.0597398634159,3461.1432000302193,1194.0561628125834,30.820284447774952,3624.6500785837115,51.679394623783914,3595.274173044794,2973.34
2026-03-25 11:00:00,11,2,0,1,0.7090703850876887,43.57274075680361,3417.501998520758,1091.169818503896,29.141827018814567,3461.1432000302193,49.0597398634159,3501.0984257115633,2884.47
2026-03-25 12:00:00,12,2,0,1,0.6633712631907457,48.48529140744064,3422.8506806525575,1193.5337690167312,28.464235348923236,3417.501998520758,43.57274075680361,3433.831959734512,2769.69
2026-03-25 13:00:00,13,2,0,1,0.6832608235135754,52.778364635003356,3505.499317507084,1180.042879067564,29.956548445715736,3422.8506806525575,48.48529140744064,3448.6173322268005,2901.28
2026-03-25 14:00:00,14,2,0,1,0.6500241095072444,48.95918372264913,3441.1416415383515,1156.2641180011776,31.826735538713752,3505.499317507084,52.778364635003356,3456.4972132326643,2764.51
2026-03-25 15:00:00,15,2,0,1,0.599892893692989,49.13765809119908,3585.478567694582,1121.9347901893473,30.353787905490748,3441.1416415383515,48.95918372264913,3510.7065089133393,2649.08
2026-03-25 16:00:00,16,2,0,2,0.5931849133686481,47.45231777067078,3302.398949870636,1154.087802133635,28.572569746720458,3585.478567694582,49.13765809119908,3443.006386367857,2448.69
2026-03-25 17:00:00,17,2,0,2,0.5625167364381782,41.50809370459377,2881.1997417423013,1097.9452092578802,25.771045511798558,3302.398949870636,47.45231777067078,3256.35908643584,2051.04
2026-03-25 18:00:00,18,2,0,2,0.47784880271262054,38.60018873614985,2895.1921411948265,1136.0672862745596,27.387345685482938,2881.1997417423013,41.50809370459377,3026.2636109359214,1857.76
2026-03-25 19:00:00,19,2,0,2,0.465750555062559,43.43779108166077,2791.719608097423,1099.4746135989496,27.58764577709715,2895.1921411948265,38.60018873614985,2856.037163678184,1743.51
2026-03-25 20:00:00,20,2,0,2,0.4433735964744326,42.30539117062942,2850.5509869001758,1116.3926023211156,27.036739553493902,2791.719608097423,43.43779108166077,2845.8209120641422,1715.22
2026-03-25 21:00:00,21,2,0,2,0.42597232229735316,40.618137880863614,2793.1871905803705,1098.5907243231252,25.312162402712033,2850.5509869001758,42.30539117062942,2811.8192618593234,1623.23
2026-03-25 22:00:00,22,2,0,2,0.4565894968386349,43.38617540435458,2938.6307618992537,1098.8566275567434,26.77475740559339,2793.1871905803705,40.618137880863614,2860.789646459934,1794.77
2026-03-25 23:00:00,23,2,0,2,0.4408938615440743,45.720269765363746,3067.5034660313922,1151.414074484153,29.970457706503282,2938.6307618992537,43.38617540435458,2933.1071395036724,1841.78
2026-03-26 00:00:00,0,3,0,3,0.4534661466439663,37.96749003451264,2791.446366440132,1115.2564288232913,29.025622425943663,3067.5034660313922,45.720269765363746,2932.5268647902594,1715.61
2026-03-26 01:00:00,1,3,0,3,0.44092780334574827,39.07443375440183,2704.9726983676233,1136.5229899901321,25.95260865817989,2791.446366440132,37.96749003451264,2854.6408436130496,1639.16
2026-03-26 02:00:00,2,3,0,3,0.5227083606041846,44.34692694480398,3012.295154950554,1082.8908300740115,28.848291994474486,2704.9726983676233,39.07443375440183,2836.2380732527704,2008.01
2026-03-26 03:00:00,3,3,0,3,0.5189801657885776,36.79992398454853,2650.581832465798,1123.8039634967201,25.420985433161785,3012.295154950554,44.34692694480398,2789.283228594659,1817.5
2026-03-26 04:00:00,4,3,0,3,0.5811986526053265,38.974220221256346,2642.733121489598,1168.5331035189479,28.49428994335927,2650.581832465798,36.79992398454853,2768.536702968651,2035.73
2026-03-26 05:00:00,5,3,0,3,0.6217822050735167,36.21775323090303,2616.158892700864,1083.5799856941885,27.014812659809298,2642.733121489598,38.974220221256346,2636.491282218754,2022.09
2026-03-26 06:00:00,6,3,0,3,0.6772131719167729,35.0377409803956,2559.4592005301474,1137.5296792243066,27.671100466773666,2616.158892700864,36.21775323090303,2606.1170715735366,2172.41
2026-03-26 07:00:00,7,3,0,3,0.6528185413837344,35.9528232130378,2598.067376786336,1087.2322610506556,24.60211257266874,2559.4592005301474,35.0377409803956,2591.2284900057825,2098.91
2026-03-26 08:00:00,8,3,0,1,0.6408533134134049,48.32434499967409,3478.4066597751084,1108.9871365596637,30.407853388226894,2598.067376786336,35.9528232130378,2878.6444123638644,2714.38
2026-03-26 09:00:00,9,3,0,1,0.7189066065755434,51.25816529141494,3615.6982629872787,1147.3918501054898,30.043118666869525,3478.4066597751084,48.32434499967409,3230.7240998495745,3130.46
2026-03-26 10:00:00,10,3,0,1,0.7560102236302171,58.22176525345265,3868.1040149124897,1209.0921602056924,31.915994934657313,3615.6982629872787,51.25816529141494,3654.069645891626,3519.21
2026-03-26 11:00:00,11,3,0,1,0.7400085427392582,47.49384797303456,3589.9489268631073,1119.02097983385,31.064337780594446,3868.1040149124897,58.22176525345265,3691.2504015876257,3130.32
2026-03-26 12:00:00,12,3,0,1,0.7054367448353139,48.54181143034588,3344.043838861203,1129.1587792462215,29.225754423573708,3589.9489268631073,47.49384797303456,3600.6989268789334,2864.19
2026-03-26 13:00:00,13,3,0,1,0.6691622256534756,49.77906945411063,3453.541712418591,1163.9547636237724,28.790810141146874,3344.043838861203,48.54181143034588,3462.5114927143004,2801.64
2026-03-26 14:00:00,14,3,0,1,0.6661424519327461,51.385295970484115,3945.933953578612,1155.6176868004006,32.0,3453.541712418591,49.77906945411063,3581.1731682861355,3189.63
2026-03-26 15:00:00,15,3,0,1,0.5967637423202635,50.922427841841746,3466.950290284171,1168.3052851795355,29.48431556832775,3945.933953578612,51.385295970484115,3622.141985427125,2580.39
2026-03-26 16:00:00,16,3,0,2,0.5895271553871243,48.49433527881841,3019.7945265816575,1149.9230796342322,27.01863981103902,3466.950290284171,50.922427841841746,3477.559590148147,2263.43
2026-03-26 17:00:00,17,3,0,2,0.5538747368689796,35.50762775312677,2685.980458290851,1104.0211440012963,25.849085516553615,3019.7945265816575,48.49433527881841,3057.575091718894,1921.6
2026-03-26 18:00:00,18,3,0,2,0.5312041981499777,35.64574545431515,2354.804162991317,1081.7754521720221,24.0767499103962,2685.980458290851,35.50762775312677,2686.859715954609,1642.71
2026-03-26 19:00:00,19,3,0,2,0.5361982514121049,42.26442639796448,2873.6663187117088,1124.8509791426177,26.966538337563357,2354.804162991317,35.64574545431515,2638.1503133312926,1970.27
2026-03-26 20:00:00,20,3,0,2,0.4666047628137539,47.84055065640298,3410.323770547313,1118.1778774832135,30.690976357113634,2873.6663187117088,42.26442639796448,2879.598084083447,2071.82
2026-03-26 21:00:00,21,3,0,2,0.43459111180538046,38.52023188938041,2548.0181243637107,1136.2917681201063,26.706789507525556,3410.323770547313,47.84055065640298,2944.0027378742448,1535.08
2026-03-26 22:00:00,22,3,0,2,0.43948851375616005,33.47328681107185,2268.4621682095876,1068.0362793238544,24.925819313590974,2548.0181243637107,38.52023188938041,2742.2680210402045,1379.54
2026-03-26 23:00:00,23,3,0,2,0.40938886622174797,45.99912792176723,2890.059012244602,1162.2176988758038,28.59935716663143,2268.4621682095876,33.47328681107185,2568.8464349393003,1686.21
2026-03-27 00:00:00,0,4,0,3,0.44486218084839735,38.8528002829595,2856.1791609348156,1099.5710271072664,26.521625257047987,2890.059012244602,45.99912792176723,2671.5667804630025,1676.63
2026-03-27 01:00:00,1,4,0,3,0.47281940187162125,34.184270576201996,2673.265382327387,1091.7870575737409,27.02530493695729,2856.1791609348156,38.8528002829595,2806.5011851689355,1646.55
2026-03-27 02:00:00,2,4,0,3,0.4995182320413082,34.55061139747674,2493.266857249032,1075.8283318176395,26.09533307689282,2673.265382327387,34.184270576201996,2674.237133503745,1643.29
2026-03-27 03:00:00,3,4,0,3,0.5468124311263215,34.60589698127864,2639.2508526376673,1063.0237021459138,27.73245959283158,2493.266857249032,34.55061139747674,2601.9276974046957,1840.13
2026-03-27 04:00:00,4,4,0,3,0.5635516013523559,38.38687361115879,2894.239951803584,1059.9284847545025,25.754792460908543,2639.2508526376673,34.60589698127864,2675.5858872300946,2070.95
2026-03-27 05:00:00,5,4,0,3,0.6386552796608423,35.807896533359475,2825.8369137327554,1066.8484821686266,26.399219084131598,2894.239951803584,38.38687361115879,2786.4425727246694,2201.01
2026-03-27 06:00:00,6,4,0,3,0.6500041412983638,39.72922371641432,2758.254833497063,1100.819173535259,25.228287987410106,2825.8369137327554,35.807896533359475,2826.1105663444673,2244.94
2026-03-27 07:00:00,7,4,0,3,0.6788089429433443,28.00880667983463,1984.21969447216,1067.3322061900606,24.30254958206941,2758.254833497063,39.72922371641432,2522.770480567326,1671.8
2026-03-27 08:00:00,8,4,0,1,0.6946856621995631,47.0010184720527,3316.540360553209,1163.2635567202924,30.508847539536283,1984.21969447216,28.00880667983463,2686.3382961741445,2788.89
2026-03-27 09:00:00,9,4,0,1,0.7183334293576491,46.05881113681132,3321.4299977642786,1123.091308052324,28.464896674296696,3316.540360553209,47.0010184720527,2874.0633509298827,2840.86
2026-03-27 10:00:00,10,4,0,1,0.7365019652933527,49.10280762569628,3478.5536875669254,1124.3622113961057,28.982358232721637,3321.4299977642786,46.05881113681132,3372.174681961471,3079.65
2026-03-27 11:00:00,11,4,0,1,0.6978870113662515,48.11683284528451,3442.714349916757,1106.3994617310702,30.521783808743486,3478.5536875669254,49.10280762569628,3414.2326784159873,2932.91
2026-03-27 12:00:00,12,4,0,1,0.6880812267483163,52.792453229635186,3809.927747085264,1173.1714033661433,31.98201862709724,3442.714349916757,48.11683284528451,3577.0652615229824,3161.28
2026-03-27 13:00:00,13,4,0,1,0.6729204287905833,43.4923212991898,3410.0858696660507,1158.5491480799928,29.260667618164288,3809.927747085264,52.792453229635186,3554.2426555560246,2775.84
2026-03-27 14:00:00,14,4,0,1,0.6230825815305356,50.159220167157635,3536.5640690511195,1182.2951373675378,30.610204721696935,3410.0858696660507,43.4923212991898,3585.525895267478,2718.02
2026-03-27 15:00:00,15,4,0,1,0.599849509119923,51.95417748124097,3769.7561717820618,1175.5650286286448,29.27350845688667,3536.5640690511195,50.159220167157635,3572.1353701664107,2755.31
2026-03-27 16:00:00,16,4,0,2,0.5704755825291068,50.49826602796684,3315.3413352542384,1167.9566470435573,30.704706984891292,3769.7561717820618,51.95417748124097,3540.553858695807,2439.15
2026-03-27 17:00:00,17,4,0,2,0.5612531172999016,42.31381910117284,2911.8625762962865,1161.6958708974248,30.28465614037875,3315.3413352542384,50.49826602796684,3332.320027777529,2134.73
2026-03-27 18:00:00,18,4,0,2,0.5152512265800385,45.13560511523381,3139.8875290387173,1138.8444569963556,29.09175071288886,2911.8625762962865,42.31381910117284,3122.363813529748,2104.32
2026-03-27 19:00:00,19,4,0,2,0.4848768488612342,37.68648022603172,2704.5618559599775,1116.8991628047313,24.5140082409219,3139.8875290387173,45.13560511523381,2918.770653764994,1692.56
2026-03-27 20:00:00,20,4,0,2,0.475774402713538,35.628153284904414,2850.20423907243,1084.4930165933179,26.830804482030757,2704.5618559599775,37.68648022603172,2898.217874690375,1795.32
2026-03-27 21:00:00,21,4,0,2,0.4420229485515425,46.95671031523595,2940.4426241702704,1103.775756989575,28.53686579990409,2850.20423907243,35.628153284904414,2831.7362397342263,1762.37
2026-03-27 22:00:00,22,4,0,2,0.44780929699857774,43.980538972231756,2917.3037458593867,1108.8259333764377,27.218566222931653,2940.4426241702704,46.95671031523595,2902.6502030340293,1769.52
2026-03-27 23:00:00,23,4,0,2,0.4427059492608804,48.12479441429448,3150.4334810087776,1142.2702016938115,30.028083201796044,2917.3037458593867,43.980538972231756,3002.726617012812,1872.76
2026-03-28 00:00:00,0,5,1,3,0.4640636904581711,23.19308988860588,2096.4233678422233,1044.291993866956,25.69386661013045,3150.4334810087776,48.12479441429448,2721.386864903463,1300.53
2026-03-28 01:00:00,1,5,1,3,0.4693498774816517,29.819657488350632,2494.039845428149,1117.4357763247874,25.465695550508208,2096.4233678422233,23.19308988860588,2580.29889809305,1564.02
2026-03-28 02:00:00,2,5,1,3,0.4612236568344714,34.540862441903485,2551.410981817318,1090.1953789573906,26.543421045649897,2494.039845428149,29.819657488350632,2380.624731695897,1585.77
2026-03-28 03:00:00,3,5,1,3,0.541079750441921,29.46896962925043,2155.4360753755245,1097.3469646176427,24.11218705315151,2551.410981817318,34.540862441903485,2400.2956342069974,1535.1
2026-03-28 04:00:00,4,5,1,3,0.6084549627219987,28.96803526956867,2404.6632547051904,1054.9952100388666,25.796442328255704,2155.4360753755245,29.46896962925043,2370.5034372993446,1832.12
2026-03-28 05:00:00,5,5,1,3,0.6347589743591847,28.029946282885223,2351.942634666871,1054.3278879874101,25.17429689370384,2404.6632547051904,28.96803526956867,2304.0139882491953,1820.25
2026-03-28 06:00:00,6,5,1,3,0.6693079496918233,22.501914900059308,1779.56313137714,1006.782468669651,25.34159126487011,2351.942634666871,28.029946282885223,2178.723006916401,1503.99
2026-03-28 07:00:00,7,5,1,3,0.7037175638022409,32.74450527498622,2473.0462413338837,1062.4198207780307,28.78270193931014,1779.56313137714,22.501914900059308,2201.517335792632,2144.77
2026-03-28 08:00:00,8,5,1,1,0.7030167083490502,37.86199826068227,2812.9729020490663,1114.622527826823,25.65915034028065,2473.0462413338837,32.74450527498622,2355.1940915866967,2400.76
2026-03-28 09:00:00,9,5,1,1,0.7191759298285814,41.76569139734056,3099.697981180078,1117.2517700992155,26.024467060481893,2812.9729020490663,37.86199826068227,2795.2390415210098,2668.36
2026-03-28 10:00:00,10,5,1,1,0.707646962091313,34.52937992700061,2745.4850254794915,1111.6909852054332,26.85740984537664,3099.697981180078,41.76569139734056,2886.0519695695452,2332.13
2026-03-28 11:00:00,11,5,1,1,0.7089081585599285,35.87189117422277,3011.346866629063,1098.0189134055172,26.215724050169126,2745.4850254794915,34.52937992700061,2952.1766244295445,2516.67
2026-03-28 12:00:00,12,5,1,1,0.7135589795252443,45.02280589727783,3340.0458862781643,1121.2798802981677,29.188940211998982,3011.346866629063,35.87189117422277,3032.292592795573,2817.8
2026-03-28 13:00:00,13,5,1,1,0.7030726381094929,38.78444198864755,2891.0289693984164,1158.845189549264,28.535486567895166,3340.0458862781643,45.02280589727783,3080.807240768548,2515.37
2026-03-28 14:00:00,14,5,1,1,0.6472110744863799,45.08646416614891,3434.4988030315817,1127.9982674467694,31.241299620158795,2891.0289693984164,38.78444198864755,3221.857886236054,2738.88
2026-03-28 15:00:00,15,5,1,1,0.6072308810173246,39.72619269329519,2915.6219723268737,1137.9797950158134,27.960413378214582,3434.4988030315817,45.08646416614891,3080.3832482522907,2243.04
2026-03-28 16:00:00,16,5,1,2,0.580010559177132,27.5533577946475,2279.5147556156508,1050.183201014973,25.36659624889934,2915.6219723268737,39.72619269329519,2876.5451769913693,1676.18
2026-03-28 17:00:00,17,5,1,2,0.5557894686642294,37.122236599061026,2572.819366642759,1116.2289333808333,24.202002655588164,2279.5147556156508,27.5533577946475,2589.318698195095,1791.37
2026-03-28 18:00:00,18,5,1,2,0.4811229036773292,31.935376887855373,2393.2107100498292,1100.9418990302138,26.00879121252239,2572.819366642759,37.122236599061026,2415.1816107694135,1523.75
2026-03-28 19:00:00,19,5,1,2,0.43508143157113854,36.44541084730965,2700.5559778935403,1100.993942653628,27.087397972304487,2393.2107100498292,31.935376887855373,2555.528684862043,1597.55
2026-03-28 20:00:00,20,5,1,2,0.4477457064803469,34.08823803639029,2596.5446395247063,1027.490879078146,27.421896975470982,2700.5559778935403,36.44541084730965,2563.4371091560256,1545.29
2026-03-28 21:00:00,21,5,1,2,0.42035613580124725,28.599086202199953,2447.395167925713,1064.8526563302025,25.307798171250802,2596.5446395247063,34.08823803639029,2581.4985951146537,1382.3
2026-03-28 22:00:00,22,5,1,2,0.4298371960470537,34.57503167879699,2546.00598158529,1119.0616279091876,25.964623485001265,2447.395167925713,28.599086202199953,2529.98192967857,1512.41
2026-03-28 23:00:00,23,5,1,2,0.4418147779431809,41.6867809975348,2912.679248444667,1129.9341448158325,25.93532812178387,2546.00598158529,34.57503167879699,2635.3601326518906,1729.43
2026-03-29 00:00:00,0,6,1,3,0.44969147528971826,29.72545260480061,2285.1168885275083,1080.0477822999335,22.867504926830815,2912.679248444667,41.6867809975348,2581.2673728524883,1378.37
2026-03-29 01:00:00,1,6,1,3,0.5100544013232983,27.79868786448088,2272.7797398163752,1018.1383281089855,24.245735957098447,2285.1168885275083,29.72545260480061,2490.191958929517,1471.35
2026-03-29 02:00:00,2,6,1,3,0.5165348952920464,31.763701906849143,2482.1049115692326,1059.04343086052,24.389292061460488,2272.7797398163752,27.79868786448088,2346.667179971039,1661.31
2026-03-29 03:00:00,3,6,1,3,0.5497748208778637,28.737339628210886,2281.3831015749647,1075.2332992916295,26.00866509308795,2482.1049115692326,31.763701906849143,2345.422584320191,1614.76
2026-03-29 04:00:00,4,6,1,3,0.592444142880868,28.73336980591978,2076.5515831752905,1075.1930611433513,24.300077742584072,2281.3831015749647,28.737339628210886,2280.013198773163,1558.2
2026-03-29 05:00:00,5,6,1,3,0.5934580039587375,24.179311897443142,2127.845542944649,1077.0839170930951,24.446933920392418,2076.5515831752905,28.73336980591978,2161.9267425649687,1586.74
2026-03-29 06:00:00,6,6,1,3,0.6707822357484052,28.818468090263593,2340.5784413445167,1061.652203482402,24.6206324824048,2127.845542944649,24.179311897443142,2181.6585224881524,1914.58
2026-03-29 07:00:00,7,6,1,3,0.6774796636354073,31.624051957459308,2341.461520923915,1086.6418099966825,21.925793217398127,2340.5784413445167,28.818468090263593,2269.9618350710275,1956.7
2026-03-29 08:00:00,8,6,1,1,0.7146531688746457,37.07378246764991,2814.1937667155444,1098.7044859188818,29.190618787548875,2341.461520923915,31.624051957459308,2498.744576327992,2448.74
2026-03-29 09:00:00,9,6,1,1,0.6937924710196663,44.98573537436432,3501.46358990687,1105.2693730849182,28.47122067235742,2814.1937667155444,37.07378246764991,2885.7062925154437,2890.89
2026-03-29 10:00:00,10,6,1,1,0.6889248246796786,39.67902891549206,3144.529762504471,1052.3213323845994,27.98686179119501,3501.46358990687,44.98573537436432,3153.3957063756293,2558.58
2026-03-29 11:00:00,11,6,1,1,0.7315874088409701,36.89280670961511,2932.686578222075,1108.3464691417123,26.029751329059746,3144.529762504471,39.67902891549206,3192.8933102111387,2576.43
2026-03-29 12:00:00,12,6,1,1,0.7087717470517717,43.491712269220855,3120.68310613724,1128.3155292872036,29.56859343258623,2932.686578222075,36.89280670961511,3065.966482287929,2678.16
2026-03-29 13:00:00,13,6,1,1,0.6609539182789664,38.996220174916054,2956.212128460661,1090.5305046471601,28.026155152646993,3120.68310613724,43.491712269220855,3003.193937606659,2384.07
2026-03-29 14:00:00,14,6,1,1,0.632606738374506,42.658302106201376,3375.93444239341,1080.153882011909,28.26147646565899,2956.212128460661,38.996220174916054,3150.9432256637706,2608.64
2026-03-29 15:00:00,15,6,1,1,0.6387433620026483,38.97884478709512,3070.5674483234457,1121.658867008599,27.76454929413199,3375.93444239341,42.658302106201376,3134.238006392506,2415.34
2026-03-29 16:00:00,16,6,1,2,0.5562117621426534,33.79060849764534,2454.5069343539553,1078.5144321356925,28.195505687729696,3070.5674483234457,38.97884478709512,2967.0029416902703,1741.06
2026-03-29 17:00:00,17,6,1,2,0.5766187927507663,35.72746071517002,2668.8984399296096,1106.8317109198838,26.808764814841165,2454.5069343539553,33.79060849764534,2731.324274202337,1920.26
2026-03-29 18:00:00,18,6,1,2,0.4919875853070426,35.01813970156502,2478.0885040768667,1136.673772066554,26.042214768450467,2668.8984399296096,35.72746071517002,2533.8312927868105,1638.83
2026-03-29 19:00:00,19,6,1,2,0.493772889146051,27.015638768418917,2395.8049082124962,1004.526783065683,24.8563585773412,2478.0885040768667,35.01813970156502,2514.263950739658,1479.7
2026-03-29 20:00:00,20,6,1,2,0.4521840739551989,30.07564690966963,2515.7401751227403,1052.8125674211194,24.112303203175703,2395.8049082124962,27.015638768418917,2463.2111958040346,1498.56
2026-03-29 21:00:00,21,6,1,2,0.4568341329411773,37.25293494676785,2620.39318406022,1093.7773494542735,26.54259753857219,2515.7401751227403,30.07564690966963,2510.646089131819,1612.3
2026-03-29 22:00:00,22,6,1,2,0.4291177199577161,33.537521938844584,2433.748057604303,1120.5207421090445,26.503075660137217,2620.39318406022,37.25293494676785,2523.2938055957547,1459.63
2026-03-29 23:00:00,23,6,1,2,0.44151452619808446,32.166940440300024,2133.3363359704276,1037.757686281038,26.43062247709463,2433.748057604303,33.537521938844584,2395.8258592116504,1296.65
2026-03-30 00:00:00,0,0,0,3,0.45957482697809293,33.24499094659884,2318.2349000107833,1131.3764894284104,23.029253825303023,2133.3363359704276,32.166940440300024,2295.106431195172,1486.43
2026-03-30 01:00:00,1,0,0,3,0.4609613015182539,34.220922875534534,2379.2051564041235,1090.2800890412955,24.580568262252775,2318.2349000107833,33.24499094659884,2276.9254641284447,1538.17
2026-03-30 02:00:00,2,0,0,3,0.5248164869084025,30.923704760133184,2407.7895551244796,1071.2948024971863,25.329075875080527,2379.2051564041235,34.220922875534534,2368.409870513129,1627.97
2026-03-30 03:00:00,3,0,0,3,0.5335010623562153,37.645517484544634,2654.9002422715453,1095.630575857706,26.845490455950646,2407.7895551244796,30.923704760133184,2480.6316512667163,1842.73
2026-03-30 04:00:00,4,0,0,3,0.5754280016931996,35.90546846796634,2454.3058225686564,1082.7152980673645,26.00697897872808,2654.9002422715453,37.645517484544634,2505.665206654894,1813.95
2026-03-30 05:00:00,5,0,0,3,0.5963476788221826,34.6169423815514,2524.0227220740658,1114.6706885079343,26.267382650755497,2454.3058225686564,35.90546846796634,2544.4095956380893,1911.42
2026-03-30 06:00:00,6,0,0,3,0.5987533268240937,37.76156801191216,2759.911018253729,1074.3332531955878,27.68941866446303,2524.0227220740658,34.6169423815514,2579.4131876321508,2053.17
2026-03-30 07:00:00,7,0,0,3,0.6751743941141132,39.27389720798458,2830.6660963491763,1115.7309433730347,26.351601921562324,2759.911018253729,37.76156801191216,2704.866612225657,2319.8
2026-03-30 08:00:00,8,0,0,1,0.7494958649620798,57.326192762734806,3651.718240620001,1169.700229408265,31.293363866080437,2830.6660963491763,39.27389720798458,3080.7651184076353,3279.43
2026-03-30 09:00:00,9,0,0,1,0.7309217014384299,44.708408031528755,3296.4867437607345,1109.7802959132625,29.508432075908495,3651.718240620001,57.326192762734806,3259.6236935766374,2892.69
2026-03-30 10:00:00,10,0,0,1,0.7196147924053121,54.057833651551825,3566.601621083239,1230.8807139983048,29.50487335332377,3296.4867437607345,44.708408031528755,3504.9355351546583,3121.29
2026-03-30 11:00:00,11,0,0,1,0.7099717990963041,53.405855463552754,3811.4709395167065,1174.0996902230477,32.0,3566.601621083239,54.057833651551825,3558.186434786894,3212.76
2026-03-30 12:00:00,12,0,0,1,0.7016928743860623,47.27317541218155,3521.39046351059,1154.4243402652548,31.60566745438809,3811.4709395167065,53.405855463552754,3633.154341370179,3002.61
2026-03-30 13:00:00,13,0,0,1,0.6899373316696208,50.71132584105111,3474.246395688365,1181.289722880921,30.700295745193788,3521.39046351059,47.27317541218155,3602.3692662385542,2936.48
2026-03-30 14:00:00,14,0,0,1,0.626383743693823,48.39828362731835,3385.997338941278,1108.0593858763098,25.664389671789575,3474.246395688365,50.71132584105111,3460.544732713411,2603.55
2026-03-30 15:00:00,15,0,0,1,0.6385211002077303,50.64991003146559,3523.8939053561544,1196.4069378539132,31.64104712911542,3385.997338941278,48.39828362731835,3461.3792133285992,2812.34
2026-03-30 16:00:00,16,0,0,2,0.5943076263088248,49.28195854691593,2947.352927243456,1084.4039047252868,28.77821998444451,3523.8939053561544,50.64991003146559,3285.7480571802967,2196.93
2026-03-30 17:00:00,17,0,0,2,0.5581290481998058,46.119621814209594,3115.699162452301,1115.2593270058753,30.793354240096527,2947.352927243456,49.28195854691593,3195.648665017304,2188.23
2026-03-30 18:00:00,18,0,0,2,0.5187695147761946,45.78012930631705,3027.3644732234516,1121.6447253957958,29.576172420825085,3115.699162452301,46.119621814209594,3030.1388543064036,2041.22
2026-03-30 19:00:00,19,0,0,2,0.48139738378776314,42.49391738015875,3028.6472920152864,1134.5187536448975,29.989502186381028,3027.3644732234516,45.78012930631705,3057.236975897013,1927.4
2026-03-30 20:00:00,20,0,0,2,0.472213668189515,38.80580167276483,2614.451969118911,1110.6911633445964,27.769225717279493,3028.6472920152864,42.49391738015875,2890.1545781192167,1691.75
2026-03-30 21:00:00,21,0,0,2,0.456606666994358,43.27036126310857,2872.871503049894,1118.9110765349744,29.19467018187426,2614.451969118911,38.80580167276483,2838.6569213946973,1782.69
2026-03-30 22:00:00,22,0,0,2,0.4329191857811795,48.2231285420237,2989.257753426373,1142.5925805524016,30.35714100030257,2872.871503049894,43.27036126310857,2825.527075198393,1827.23
2026-03-30 23:00:00,23,0,0,2,0.43329834886159235,38.65491250193623,2618.95619496782,1080.1690744196808,26.98971966927991,2989.257753426373,48.2231285420237,2827.028483814696,1525.67
2026-03-31 00:00:00,0,1,0,3,0.46079356937541827,34.30718721138157,2401.985584983984,1049.797938983422,24.119941963719526,2618.95619496782,38.65491250193623,2670.066511126059,1488.92
2026-03-31 01:00:00,1,1,0,3,0.5119854536637871,38.44193707681924,2849.4040099184394,1121.9305388656783,27.129060286376628,2401.985584983984,34.30718721138157,2623.448596623415,1909.82
2026-03-31 02:00:00,2,1,0,3,0.485217858486922,34.55370825303458,2471.125449536389,1105.557485825543,26.70501955104809,2849.4040099184394,38.44193707681924,2574.171681479604,1569.47
2026-03-31 03:00:00,3,1,0,3,0.5144148283705983,35.226167935096754,2600.0786392487075,1130.5170311193135,26.756793898741563,2471.125449536389,34.55370825303458,2640.2026995678457,1789.0
2026-03-31 04:00:00,4,1,0,3,0.5832952168247303,36.51740496395138,2597.591614914395,1076.3191924354253,25.162764356990007,2600.0786392487075,35.226167935096754,2556.265234566498,1909.03
2026-03-31 05:00:00,5,1,0,3,0.6172524203514732,33.22033908533448,2342.579426918514,1100.201736598861,23.851316939494406,2597.591614914395,36.51740496395138,2513.4165603605393,1832.87
2026-03-31 06:00:00,6,1,0,3,0.6534668332874081,34.59057353824271,2536.3797584403246,1081.2696259438526,25.56520399243929,2342.579426918514,33.22033908533448,2492.1836000910785,2030.46
2026-03-31 07:00:00,7,1,0,3,0.6838740133242867,40.46199770875558,2892.6822967176327,1141.6098654648595,28.611561789573088,2536.3797584403246,34.59057353824271,2590.5471606921574,2469.41
2026-03-31 08:00:00,8,1,0,1,0.6967795114371252,45.424205762191626,3199.1581321934204,1157.2458924657199,30.560268165632294,2892.6822967176327,40.46199770875558,2876.073395783793,2713.53
2026-03-31 09:00:00,9,1,0,1,0.7450268844525112,44.40744752926807,3395.4286737048287,1132.9100250976837,30.417976715549337,3199.1581321934204,45.424205762191626,3162.4230342052942,3038.44
2026-03-31 10:00:00,10,1,0,1,0.6879819204304697,47.79491257163137,3348.804555146088,1132.6913963698757,30.431594595023924,3395.4286737048287,44.40744752926807,3314.4637870147794,2825.33
2026-03-31 11:00:00,11,1,0,1,0.6986596751848646,52.56184425878446,3607.32492051656,1184.2706815003444,29.927437713925595,3348.804555146088,47.79491257163137,3450.519383122492,3042.85
2026-03-31 12:00:00,12,1,0,1,0.6991784613268405,49.31077367201089,3582.666790001696,1163.4157077694576,27.85172368409183,3607.32492051656,52.56184425878446,3512.932088554782,3047.25
2026-03-31 13:00:00,13,1,0,1,0.6461311731430333,48.373966226595336,3397.2161413304516,1126.3848548542267,28.777789107375593,3582.666790001696,49.31077367201089,3529.069283949569,2689.98
2026-03-31 14:00:00,14,1,0,1,0.6464829119113585,50.155255791304626,3561.495493729012,1117.4260563282328,29.561134351516518,3397.2161413304516,48.373966226595336,3513.7928083537204,2815.23
2026-03-31 15:00:00,15,1,0,1,0.6494640696289132,43.89002398499122,3237.2881798700337,1118.34677342292,28.19449761536396,3561.495493729012,50.155255791304626,3398.6666049764995,2536.65
2026-03-31 16:00:00,16,1,0,2,0.5804177297659192,45.731469788212614,3073.440301274026,1170.8112245365558,28.310434842696303,3237.2881798700337,43.89002398499122,3290.7413249576907,2322.52
2026-03-31 17:00:00,17,1,0,2,0.5483793518000207,45.34202260991275,2754.702324783254,1160.030269407977,27.712044794482388,3073.440301274026,45.731469788212614,3021.8102686424377,1971.0
2026-03-31 18:00:00,18,1,0,2,0.4847967046965484,42.567420340664974,2695.9720975049536,1092.4614946208953,28.010191884242044,2754.702324783254,45.34202260991275,2841.3715745207446,1773.95
2026-03-31 19:00:00,19,1,0,2,0.46867782247309375,47.52073579128746,3212.349151333556,1110.8890077676517,28.374086667205585,2695.9720975049536,42.567420340664974,2887.6745245405887,1962.32
2026-03-31 20:00:00,20,1,0,2,0.45125251586369985,40.05376365366436,2926.8811330927824,1142.0821508566446,25.471759156869094,3212.349151333556,47.52073579128746,2945.067460643764,1746.03
2026-03-31 21:00:00,21,1,0,2,0.4384160823844057,47.947681476387494,3048.387262013655,1113.3998282866044,27.58183761022949,2926.8811330927824,40.05376365366436,3062.539182146665,1824.91
2026-03-31 22:00:00,22,1,0,2,0.4656328759000753,44.54072782958338,2975.0493500707157,1140.8952944093837,27.969283643292766,3048.387262013655,47.947681476387494,2983.4392483923843,1881.23
2026-03-31 23:00:00,23,1,0,2,0.45592420553403284,42.822065935426394,2962.359277442464,1105.8864833582975,29.341900431368302,2975.0493500707157,44.54072782958338,2995.2652965089455,1789.96
